,Edition,Year,Points type,From,To,Points
0,turin-2022,2022,Points given by the jury,albania,ukraine,7
1,turin-2022,2022,Points given by the jury,armenia,ukraine,6
2,turin-2022,2022,Points given by the jury,australia,ukraine,7
3,turin-2022,2022,Points given by the jury,azerbaijan,ukraine,6
4,turin-2022,2022,Points given by the jury,belgium,ukraine,6
5,turin-2022,2022,Points given by the jury,croatia,ukraine,8
6,turin-2022,2022,Points given by the jury,cyprus,ukraine,7
7,turin-2022,2022,Points given by the jury,czech republic,ukraine,4
8,turin-2022,2022,Points given by the jury,denmark,ukraine,5
9,turin-2022,2022,Points given by the jury,france,ukraine,10
10,turin-2022,2022,Points given by the jury,georgia,ukraine,6
11,turin-2022,2022,Points given by the jury,germany,ukraine,10
12,turin-2022,2022,Points given by the jury,iceland,ukraine,10
13,turin-2022,2022,Points given by the jury,ireland,ukraine,3
14,turin-2022,2022,Points given by the jury,israel,ukraine,7
15,turin-2022,2022,Points given by the jury,latvia,ukraine,12
16,turin-2022,2022,Points given by the jury,lithuania,ukraine,12
17,turin-2022,2022,Points given by the jury,moldova,ukraine,12
18,turin-2022,2022,Points given by the jury,montenegro,ukraine,6
19,turin-2022,2022,Points given by the jury,norway,ukraine,3
20,turin-2022,2022,Points given by the jury,poland,ukraine,12
21,turin-2022,2022,Points given by the jury,portugal,ukraine,8
22,turin-2022,2022,Points given by the jury,romania,ukraine,12
23,turin-2022,2022,Points given by the jury,san marino,ukraine,2
24,turin-2022,2022,Points given by the jury,slovenia,ukraine,8
25,turin-2022,2022,Points given by the jury,switzerland,ukraine,3
26,turin-2022,2022,Points given by televoters,albania,ukraine,10
27,turin-2022,2022,Points given by televoters,armenia,ukraine,10
28,turin-2022,2022,Points given by televoters,australia,ukraine,12
29,turin-2022,2022,Points given by televoters,austria,ukraine,12
30,turin-2022,2022,Points given by televoters,azerbaijan,ukraine,12
31,turin-2022,2022,Points given by televoters,belgium,ukraine,12
32,turin-2022,2022,Points given by televoters,bulgaria,ukraine,12
33,turin-2022,2022,Points given by televoters,croatia,ukraine,10
34,turin-2022,2022,Points given by televoters,cyprus,ukraine,12
35,turin-2022,2022,Points given by televoters,czech republic,ukraine,12
36,turin-2022,2022,Points given by televoters,denmark,ukraine,12
37,turin-2022,2022,Points given by televoters,estonia,ukraine,12
38,turin-2022,2022,Points given by televoters,finland,ukraine,12
39,turin-2022,2022,Points given by televoters,france,ukraine,12
40,turin-2022,2022,Points given by televoters,georgia,ukraine,12
41,turin-2022,2022,Points given by televoters,germany,ukraine,12
42,turin-2022,2022,Points given by televoters,greece,ukraine,10
43,turin-2022,2022,Points given by televoters,iceland,ukraine,12
44,turin-2022,2022,Points given by televoters,ireland,ukraine,12
45,turin-2022,2022,Points given by televoters,israel,ukraine,12
46,turin-2022,2022,Points given by televoters,italy,ukraine,12
47,turin-2022,2022,Points given by televoters,latvia,ukraine,12
48,turin-2022,2022,Points given by televoters,lithuania,ukraine,12
49,turin-2022,2022,Points given by televoters,malta,ukraine,8
50,turin-2022,2022,Points given by televoters,moldova,ukraine,12
51,turin-2022,2022,Points given by televoters,montenegro,ukraine,10
52,turin-2022,2022,Points given by televoters,the netherlands,ukraine,12
53,turin-2022,2022,Points given by televoters,north macedonia,ukraine,8
54,turin-2022,2022,Points given by televoters,norway,ukraine,12
55,turin-2022,2022,Points given by televoters,poland,ukraine,12
56,turin-2022,2022,Points given by televoters,portugal,ukraine,12
57,turin-2022,2022,Points given by televoters,romania,ukraine,10
58,turin-2022,2022,Points given by televoters,san marino,ukraine,12
59,turin-2022,2022,Points given by televoters,serbia,ukraine,7
60,turin-2022,2022,Points given by televoters,slovenia,ukraine,10
61,turin-2022,2022,Points given by televoters,spain,ukraine,12
62,turin-2022,2022,Points given by televoters,sweden,ukraine,12
63,turin-2022,2022,Points given by televoters,switzerland,ukraine,10
64,turin-2022,2022,Points given by televoters,united kingdom,ukraine,12
65,turin-2022,2022,Points given by the jury,albania,united kingdom,10
66,turin-2022,2022,Points given by the jury,austria,united kingdom,12
67,turin-2022,2022,Points given by the jury,azerbaijan,united kingdom,12
68,turin-2022,2022,Points given by the jury,belgium,united kingdom,12
69,turin-2022,2022,Points given by the jury,bulgaria,united kingdom,10
70,turin-2022,2022,Points given by the jury,cyprus,united kingdom,3
71,turin-2022,2022,Points given by the jury,czech republic,united kingdom,12
72,turin-2022,2022,Points given by the jury,denmark,united kingdom,6
73,turin-2022,2022,Points given by the jury,estonia,united kingdom,4
74,turin-2022,2022,Points given by the jury,finland,united kingdom,10
75,turin-2022,2022,Points given by the jury,france,united kingdom,12
76,turin-2022,2022,Points given by the jury,georgia,united kingdom,12
77,turin-2022,2022,Points given by the jury,germany,united kingdom,12
78,turin-2022,2022,Points given by the jury,iceland,united kingdom,7
79,turin-2022,2022,Points given by the jury,ireland,united kingdom,8
80,turin-2022,2022,Points given by the jury,israel,united kingdom,10
81,turin-2022,2022,Points given by the jury,italy,united kingdom,6
82,turin-2022,2022,Points given by the jury,latvia,united kingdom,8
83,turin-2022,2022,Points given by the jury,lithuania,united kingdom,10
84,turin-2022,2022,Points given by the jury,malta,united kingdom,8
85,turin-2022,2022,Points given by the jury,moldova,united kingdom,10
86,turin-2022,2022,Points given by the jury,montenegro,united kingdom,5
87,turin-2022,2022,Points given by the jury,the netherlands,united kingdom,4
88,turin-2022,2022,Points given by the jury,north macedonia,united kingdom,8
89,turin-2022,2022,Points given by the jury,norway,united kingdom,6
90,turin-2022,2022,Points given by the jury,poland,united kingdom,8
91,turin-2022,2022,Points given by the jury,portugal,united kingdom,10
92,turin-2022,2022,Points given by the jury,romania,united kingdom,8
93,turin-2022,2022,Points given by the jury,san marino,united kingdom,8
94,turin-2022,2022,Points given by the jury,serbia,united kingdom,1
95,turin-2022,2022,Points given by the jury,slovenia,united kingdom,2
96,turin-2022,2022,Points given by the jury,spain,united kingdom,3
97,turin-2022,2022,Points given by the jury,sweden,united kingdom,8
98,turin-2022,2022,Points given by the jury,switzerland,united kingdom,6
99,turin-2022,2022,Points given by the jury,ukraine,united kingdom,12
100,turin-2022,2022,Points given by televoters,albania,united kingdom,4
101,turin-2022,2022,Points given by televoters,armenia,united kingdom,1
102,turin-2022,2022,Points given by televoters,australia,united kingdom,7
103,turin-2022,2022,Points given by televoters,austria,united kingdom,8
104,turin-2022,2022,Points given by televoters,azerbaijan,united kingdom,8
105,turin-2022,2022,Points given by televoters,belgium,united kingdom,3
106,turin-2022,2022,Points given by televoters,bulgaria,united kingdom,3
107,turin-2022,2022,Points given by televoters,cyprus,united kingdom,6
108,turin-2022,2022,Points given by televoters,czech republic,united kingdom,2
109,turin-2022,2022,Points given by televoters,denmark,united kingdom,6
110,turin-2022,2022,Points given by televoters,estonia,united kingdom,5
111,turin-2022,2022,Points given by televoters,finland,united kingdom,4
112,turin-2022,2022,Points given by televoters,france,united kingdom,2
113,turin-2022,2022,Points given by televoters,georgia,united kingdom,4
114,turin-2022,2022,Points given by televoters,germany,united kingdom,6
115,turin-2022,2022,Points given by televoters,greece,united kingdom,5
116,turin-2022,2022,Points given by televoters,iceland,united kingdom,7
117,turin-2022,2022,Points given by televoters,ireland,united kingdom,6
118,turin-2022,2022,Points given by televoters,israel,united kingdom,10
119,turin-2022,2022,Points given by televoters,italy,united kingdom,6
120,turin-2022,2022,Points given by televoters,latvia,united kingdom,3
121,turin-2022,2022,Points given by televoters,lithuania,united kingdom,4
122,turin-2022,2022,Points given by televoters,malta,united kingdom,12
123,turin-2022,2022,Points given by televoters,moldova,united kingdom,3
124,turin-2022,2022,Points given by televoters,the netherlands,united kingdom,8
125,turin-2022,2022,Points given by televoters,norway,united kingdom,6
126,turin-2022,2022,Points given by televoters,poland,united kingdom,3
127,turin-2022,2022,Points given by televoters,portugal,united kingdom,6
128,turin-2022,2022,Points given by televoters,romania,united kingdom,3
129,turin-2022,2022,Points given by televoters,san marino,united kingdom,6
130,turin-2022,2022,Points given by televoters,spain,united kingdom,8
131,turin-2022,2022,Points given by televoters,sweden,united kingdom,6
132,turin-2022,2022,Points given by televoters,switzerland,united kingdom,5
133,turin-2022,2022,Points given by televoters,ukraine,united kingdom,7
134,turin-2022,2022,Points given by the jury,albania,spain,5
135,turin-2022,2022,Points given by the jury,armenia,spain,12
136,turin-2022,2022,Points given by the jury,australia,spain,12
137,turin-2022,2022,Points given by the jury,austria,spain,2
138,turin-2022,2022,Points given by the jury,azerbaijan,spain,5
139,turin-2022,2022,Points given by the jury,belgium,spain,10
140,turin-2022,2022,Points given by the jury,bulgaria,spain,8
141,turin-2022,2022,Points given by the jury,croatia,spain,6
142,turin-2022,2022,Points given by the jury,cyprus,spain,6
143,turin-2022,2022,Points given by the jury,czech republic,spain,7
144,turin-2022,2022,Points given by the jury,denmark,spain,4
145,turin-2022,2022,Points given by the jury,france,spain,5
146,turin-2022,2022,Points given by the jury,georgia,spain,5
147,turin-2022,2022,Points given by the jury,germany,spain,8
148,turin-2022,2022,Points given by the jury,greece,spain,5
149,turin-2022,2022,Points given by the jury,iceland,spain,3
150,turin-2022,2022,Points given by the jury,ireland,spain,12
151,turin-2022,2022,Points given by the jury,israel,spain,3
152,turin-2022,2022,Points given by the jury,lithuania,spain,5
153,turin-2022,2022,Points given by the jury,malta,spain,12
154,turin-2022,2022,Points given by the jury,moldova,spain,3
155,turin-2022,2022,Points given by the jury,montenegro,spain,8
156,turin-2022,2022,Points given by the jury,the netherlands,spain,5
157,turin-2022,2022,Points given by the jury,north macedonia,spain,12
158,turin-2022,2022,Points given by the jury,norway,spain,7
159,turin-2022,2022,Points given by the jury,poland,spain,1
160,turin-2022,2022,Points given by the jury,portugal,spain,12
161,turin-2022,2022,Points given by the jury,romania,spain,1
162,turin-2022,2022,Points given by the jury,san marino,spain,12
163,turin-2022,2022,Points given by the jury,serbia,spain,4
164,turin-2022,2022,Points given by the jury,slovenia,spain,1
165,turin-2022,2022,Points given by the jury,sweden,spain,12
166,turin-2022,2022,Points given by the jury,switzerland,spain,8
167,turin-2022,2022,Points given by the jury,united kingdom,spain,10
168,turin-2022,2022,Points given by televoters,albania,spain,7
169,turin-2022,2022,Points given by televoters,armenia,spain,8
170,turin-2022,2022,Points given by televoters,australia,spain,6
171,turin-2022,2022,Points given by televoters,austria,spain,1
172,turin-2022,2022,Points given by televoters,azerbaijan,spain,10
173,turin-2022,2022,Points given by televoters,belgium,spain,6
174,turin-2022,2022,Points given by televoters,bulgaria,spain,8
175,turin-2022,2022,Points given by televoters,croatia,spain,7
176,turin-2022,2022,Points given by televoters,cyprus,spain,8
177,turin-2022,2022,Points given by televoters,czech republic,spain,6
178,turin-2022,2022,Points given by televoters,denmark,spain,1
179,turin-2022,2022,Points given by televoters,estonia,spain,1
180,turin-2022,2022,Points given by televoters,finland,spain,3
181,turin-2022,2022,Points given by televoters,france,spain,7
182,turin-2022,2022,Points given by televoters,georgia,spain,6
183,turin-2022,2022,Points given by televoters,germany,spain,2
184,turin-2022,2022,Points given by televoters,greece,spain,12
185,turin-2022,2022,Points given by televoters,iceland,spain,3
186,turin-2022,2022,Points given by televoters,ireland,spain,5
187,turin-2022,2022,Points given by televoters,israel,spain,8
188,turin-2022,2022,Points given by televoters,latvia,spain,4
189,turin-2022,2022,Points given by televoters,lithuania,spain,6
190,turin-2022,2022,Points given by televoters,malta,spain,7
191,turin-2022,2022,Points given by televoters,moldova,spain,8
192,turin-2022,2022,Points given by televoters,montenegro,spain,8
193,turin-2022,2022,Points given by televoters,the netherlands,spain,7
194,turin-2022,2022,Points given by televoters,north macedonia,spain,10
195,turin-2022,2022,Points given by televoters,norway,spain,1
196,turin-2022,2022,Points given by televoters,poland,spain,6
197,turin-2022,2022,Points given by televoters,portugal,spain,10
198,turin-2022,2022,Points given by televoters,romania,spain,8
199,turin-2022,2022,Points given by televoters,san marino,spain,10
200,turin-2022,2022,Points given by televoters,serbia,spain,10
201,turin-2022,2022,Points given by televoters,slovenia,spain,4
202,turin-2022,2022,Points given by televoters,sweden,spain,2
203,turin-2022,2022,Points given by televoters,switzerland,spain,6
204,turin-2022,2022,Points given by televoters,ukraine,spain,1
205,turin-2022,2022,Points given by televoters,united kingdom,spain,5
206,turin-2022,2022,Points given by the jury,albania,sweden,8
207,turin-2022,2022,Points given by the jury,armenia,sweden,5
208,turin-2022,2022,Points given by the jury,australia,sweden,10
209,turin-2022,2022,Points given by the jury,austria,sweden,7
210,turin-2022,2022,Points given by the jury,azerbaijan,sweden,8
211,turin-2022,2022,Points given by the jury,belgium,sweden,7
212,turin-2022,2022,Points given by the jury,croatia,sweden,5
213,turin-2022,2022,Points given by the jury,cyprus,sweden,5
214,turin-2022,2022,Points given by the jury,czech republic,sweden,10
215,turin-2022,2022,Points given by the jury,denmark,sweden,7
216,turin-2022,2022,Points given by the jury,estonia,sweden,12
217,turin-2022,2022,Points given by the jury,finland,sweden,12
218,turin-2022,2022,Points given by the jury,georgia,sweden,8
219,turin-2022,2022,Points given by the jury,germany,sweden,7
220,turin-2022,2022,Points given by the jury,iceland,sweden,12
221,turin-2022,2022,Points given by the jury,ireland,sweden,10
222,turin-2022,2022,Points given by the jury,israel,sweden,12
223,turin-2022,2022,Points given by the jury,latvia,sweden,10
224,turin-2022,2022,Points given by the jury,lithuania,sweden,3
225,turin-2022,2022,Points given by the jury,malta,sweden,10
226,turin-2022,2022,Points given by the jury,moldova,sweden,8
227,turin-2022,2022,Points given by the jury,montenegro,sweden,7
228,turin-2022,2022,Points given by the jury,the netherlands,sweden,1
229,turin-2022,2022,Points given by the jury,north macedonia,sweden,6
230,turin-2022,2022,Points given by the jury,norway,sweden,8
231,turin-2022,2022,Points given by the jury,poland,sweden,10
232,turin-2022,2022,Points given by the jury,romania,sweden,10
233,turin-2022,2022,Points given by the jury,san marino,sweden,5
234,turin-2022,2022,Points given by the jury,serbia,sweden,5
235,turin-2022,2022,Points given by the jury,spain,sweden,7
236,turin-2022,2022,Points given by the jury,switzerland,sweden,7
237,turin-2022,2022,Points given by the jury,ukraine,sweden,4
238,turin-2022,2022,Points given by the jury,united kingdom,sweden,12
239,turin-2022,2022,Points given by televoters,armenia,sweden,7
240,turin-2022,2022,Points given by televoters,australia,sweden,5
241,turin-2022,2022,Points given by televoters,austria,sweden,6
242,turin-2022,2022,Points given by televoters,azerbaijan,sweden,4
243,turin-2022,2022,Points given by televoters,belgium,sweden,5
244,turin-2022,2022,Points given by televoters,croatia,sweden,4
245,turin-2022,2022,Points given by televoters,czech republic,sweden,5
246,turin-2022,2022,Points given by televoters,denmark,sweden,10
247,turin-2022,2022,Points given by televoters,estonia,sweden,10
248,turin-2022,2022,Points given by televoters,finland,sweden,8
249,turin-2022,2022,Points given by televoters,germany,sweden,5
250,turin-2022,2022,Points given by televoters,greece,sweden,4
251,turin-2022,2022,Points given by televoters,iceland,sweden,8
252,turin-2022,2022,Points given by televoters,ireland,sweden,3
253,turin-2022,2022,Points given by televoters,israel,sweden,5
254,turin-2022,2022,Points given by televoters,italy,sweden,5
255,turin-2022,2022,Points given by televoters,latvia,sweden,6
256,turin-2022,2022,Points given by televoters,lithuania,sweden,10
257,turin-2022,2022,Points given by televoters,malta,sweden,5
258,turin-2022,2022,Points given by televoters,moldova,sweden,5
259,turin-2022,2022,Points given by televoters,montenegro,sweden,1
260,turin-2022,2022,Points given by televoters,the netherlands,sweden,2
261,turin-2022,2022,Points given by televoters,north macedonia,sweden,4
262,turin-2022,2022,Points given by televoters,norway,sweden,8
263,turin-2022,2022,Points given by televoters,poland,sweden,10
264,turin-2022,2022,Points given by televoters,portugal,sweden,7
265,turin-2022,2022,Points given by televoters,romania,sweden,6
266,turin-2022,2022,Points given by televoters,san marino,sweden,3
267,turin-2022,2022,Points given by televoters,serbia,sweden,1
268,turin-2022,2022,Points given by televoters,slovenia,sweden,5
269,turin-2022,2022,Points given by televoters,spain,sweden,6
270,turin-2022,2022,Points given by televoters,switzerland,sweden,3
271,turin-2022,2022,Points given by televoters,united kingdom,sweden,4
272,turin-2022,2022,Points given by the jury,australia,serbia,8
273,turin-2022,2022,Points given by the jury,belgium,serbia,4
274,turin-2022,2022,Points given by the jury,croatia,serbia,12
275,turin-2022,2022,Points given by the jury,cyprus,serbia,4
276,turin-2022,2022,Points given by the jury,finland,serbia,7
277,turin-2022,2022,Points given by the jury,ireland,serbia,5
278,turin-2022,2022,Points given by the jury,italy,serbia,4
279,turin-2022,2022,Points given by the jury,lithuania,serbia,1
280,turin-2022,2022,Points given by the jury,montenegro,serbia,12
281,turin-2022,2022,Points given by the jury,north macedonia,serbia,10
282,turin-2022,2022,Points given by the jury,portugal,serbia,3
283,turin-2022,2022,Points given by the jury,slovenia,serbia,6
284,turin-2022,2022,Points given by the jury,spain,serbia,6
285,turin-2022,2022,Points given by the jury,sweden,serbia,4
286,turin-2022,2022,Points given by the jury,united kingdom,serbia,1
287,turin-2022,2022,Points given by televoters,albania,serbia,3
288,turin-2022,2022,Points given by televoters,armenia,serbia,6
289,turin-2022,2022,Points given by televoters,australia,serbia,8
290,turin-2022,2022,Points given by televoters,austria,serbia,10
291,turin-2022,2022,Points given by televoters,azerbaijan,serbia,6
292,turin-2022,2022,Points given by televoters,belgium,serbia,2
293,turin-2022,2022,Points given by televoters,bulgaria,serbia,10
294,turin-2022,2022,Points given by televoters,croatia,serbia,12
295,turin-2022,2022,Points given by televoters,cyprus,serbia,7
296,turin-2022,2022,Points given by televoters,czech republic,serbia,10
297,turin-2022,2022,Points given by televoters,finland,serbia,7
298,turin-2022,2022,Points given by televoters,france,serbia,8
299,turin-2022,2022,Points given by televoters,georgia,serbia,7
300,turin-2022,2022,Points given by televoters,germany,serbia,7
301,turin-2022,2022,Points given by televoters,greece,serbia,8
302,turin-2022,2022,Points given by televoters,iceland,serbia,1
303,turin-2022,2022,Points given by televoters,ireland,serbia,1
304,turin-2022,2022,Points given by televoters,israel,serbia,7
305,turin-2022,2022,Points given by televoters,italy,serbia,7
306,turin-2022,2022,Points given by televoters,latvia,serbia,2
307,turin-2022,2022,Points given by televoters,malta,serbia,6
308,turin-2022,2022,Points given by televoters,montenegro,serbia,12
309,turin-2022,2022,Points given by televoters,the netherlands,serbia,3
310,turin-2022,2022,Points given by televoters,north macedonia,serbia,12
311,turin-2022,2022,Points given by televoters,norway,serbia,3
312,turin-2022,2022,Points given by televoters,poland,serbia,5
313,turin-2022,2022,Points given by televoters,portugal,serbia,5
314,turin-2022,2022,Points given by televoters,romania,serbia,7
315,turin-2022,2022,Points given by televoters,san marino,serbia,8
316,turin-2022,2022,Points given by televoters,slovenia,serbia,12
317,turin-2022,2022,Points given by televoters,spain,serbia,2
318,turin-2022,2022,Points given by televoters,sweden,serbia,8
319,turin-2022,2022,Points given by televoters,switzerland,serbia,12
320,turin-2022,2022,Points given by televoters,united kingdom,serbia,1
321,turin-2022,2022,Points given by the jury,albania,italy,12
322,turin-2022,2022,Points given by the jury,armenia,italy,10
323,turin-2022,2022,Points given by the jury,australia,italy,3
324,turin-2022,2022,Points given by the jury,austria,italy,3
325,turin-2022,2022,Points given by the jury,azerbaijan,italy,10
326,turin-2022,2022,Points given by the jury,belgium,italy,8
327,turin-2022,2022,Points given by the jury,bulgaria,italy,1
328,turin-2022,2022,Points given by the jury,croatia,italy,4
329,turin-2022,2022,Points given by the jury,cyprus,italy,1
330,turin-2022,2022,Points given by the jury,estonia,italy,10
331,turin-2022,2022,Points given by the jury,finland,italy,2
332,turin-2022,2022,Points given by the jury,georgia,italy,10
333,turin-2022,2022,Points given by the jury,greece,italy,1
334,turin-2022,2022,Points given by the jury,iceland,italy,6
335,turin-2022,2022,Points given by the jury,ireland,italy,6
336,turin-2022,2022,Points given by the jury,israel,italy,8
337,turin-2022,2022,Points given by the jury,lithuania,italy,4
338,turin-2022,2022,Points given by the jury,malta,italy,7
339,turin-2022,2022,Points given by the jury,montenegro,italy,10
340,turin-2022,2022,Points given by the jury,north macedonia,italy,7
341,turin-2022,2022,Points given by the jury,poland,italy,4
342,turin-2022,2022,Points given by the jury,romania,italy,4
343,turin-2022,2022,Points given by the jury,san marino,italy,3
344,turin-2022,2022,Points given by the jury,slovenia,italy,12
345,turin-2022,2022,Points given by the jury,spain,italy,10
346,turin-2022,2022,Points given by the jury,switzerland,italy,2
347,turin-2022,2022,Points given by televoters,albania,italy,8
348,turin-2022,2022,Points given by televoters,australia,italy,1
349,turin-2022,2022,Points given by televoters,austria,italy,3
350,turin-2022,2022,Points given by televoters,azerbaijan,italy,5
351,turin-2022,2022,Points given by televoters,belgium,italy,4
352,turin-2022,2022,Points given by televoters,bulgaria,italy,2
353,turin-2022,2022,Points given by televoters,croatia,italy,6
354,turin-2022,2022,Points given by televoters,cyprus,italy,5
355,turin-2022,2022,Points given by televoters,france,italy,3
356,turin-2022,2022,Points given by televoters,germany,italy,3
357,turin-2022,2022,Points given by televoters,greece,italy,7
358,turin-2022,2022,Points given by televoters,israel,italy,3
359,turin-2022,2022,Points given by televoters,lithuania,italy,3
360,turin-2022,2022,Points given by televoters,malta,italy,10
361,turin-2022,2022,Points given by televoters,montenegro,italy,6
362,turin-2022,2022,Points given by televoters,north macedonia,italy,6
363,turin-2022,2022,Points given by televoters,portugal,italy,3
364,turin-2022,2022,Points given by televoters,romania,italy,4
365,turin-2022,2022,Points given by televoters,san marino,italy,5
366,turin-2022,2022,Points given by televoters,serbia,italy,4
367,turin-2022,2022,Points given by televoters,slovenia,italy,6
368,turin-2022,2022,Points given by televoters,spain,italy,5
369,turin-2022,2022,Points given by televoters,switzerland,italy,8
370,turin-2022,2022,Points given by the jury,armenia,moldova,1
371,turin-2022,2022,Points given by the jury,greece,moldova,6
372,turin-2022,2022,Points given by the jury,italy,moldova,5
373,turin-2022,2022,Points given by the jury,the netherlands,moldova,2
374,turin-2022,2022,Points given by televoters,albania,moldova,1
375,turin-2022,2022,Points given by televoters,armenia,moldova,5
376,turin-2022,2022,Points given by televoters,australia,moldova,4
377,turin-2022,2022,Points given by televoters,austria,moldova,7
378,turin-2022,2022,Points given by televoters,belgium,moldova,8
379,turin-2022,2022,Points given by televoters,bulgaria,moldova,7
380,turin-2022,2022,Points given by televoters,croatia,moldova,8
381,turin-2022,2022,Points given by televoters,czech republic,moldova,8
382,turin-2022,2022,Points given by televoters,denmark,moldova,5
383,turin-2022,2022,Points given by televoters,estonia,moldova,6
384,turin-2022,2022,Points given by televoters,finland,moldova,5
385,turin-2022,2022,Points given by televoters,france,moldova,10
386,turin-2022,2022,Points given by televoters,georgia,moldova,8
387,turin-2022,2022,Points given by televoters,germany,moldova,10
388,turin-2022,2022,Points given by televoters,greece,moldova,3
389,turin-2022,2022,Points given by televoters,iceland,moldova,6
390,turin-2022,2022,Points given by televoters,ireland,moldova,7
391,turin-2022,2022,Points given by televoters,israel,moldova,6
392,turin-2022,2022,Points given by televoters,italy,moldova,10
393,turin-2022,2022,Points given by televoters,latvia,moldova,7
394,turin-2022,2022,Points given by televoters,lithuania,moldova,5
395,turin-2022,2022,Points given by televoters,montenegro,moldova,7
396,turin-2022,2022,Points given by televoters,the netherlands,moldova,10
397,turin-2022,2022,Points given by televoters,north macedonia,moldova,7
398,turin-2022,2022,Points given by televoters,norway,moldova,4
399,turin-2022,2022,Points given by televoters,poland,moldova,7
400,turin-2022,2022,Points given by televoters,portugal,moldova,8
401,turin-2022,2022,Points given by televoters,romania,moldova,12
402,turin-2022,2022,Points given by televoters,san marino,moldova,4
403,turin-2022,2022,Points given by televoters,serbia,moldova,12
404,turin-2022,2022,Points given by televoters,slovenia,moldova,7
405,turin-2022,2022,Points given by televoters,spain,moldova,7
406,turin-2022,2022,Points given by televoters,switzerland,moldova,4
407,turin-2022,2022,Points given by televoters,ukraine,moldova,6
408,turin-2022,2022,Points given by televoters,united kingdom,moldova,8
409,turin-2022,2022,Points given by the jury,armenia,greece,2
410,turin-2022,2022,Points given by the jury,austria,greece,4
411,turin-2022,2022,Points given by the jury,azerbaijan,greece,3
412,turin-2022,2022,Points given by the jury,bulgaria,greece,12
413,turin-2022,2022,Points given by the jury,croatia,greece,3
414,turin-2022,2022,Points given by the jury,cyprus,greece,12
415,turin-2022,2022,Points given by the jury,czech republic,greece,3
416,turin-2022,2022,Points given by the jury,denmark,greece,12
417,turin-2022,2022,Points given by the jury,estonia,greece,6
418,turin-2022,2022,Points given by the jury,finland,greece,6
419,turin-2022,2022,Points given by the jury,france,greece,3
420,turin-2022,2022,Points given by the jury,georgia,greece,3
421,turin-2022,2022,Points given by the jury,italy,greece,10
422,turin-2022,2022,Points given by the jury,latvia,greece,7
423,turin-2022,2022,Points given by the jury,malta,greece,1
424,turin-2022,2022,Points given by the jury,the netherlands,greece,12
425,turin-2022,2022,Points given by the jury,norway,greece,12
426,turin-2022,2022,Points given by the jury,poland,greece,2
427,turin-2022,2022,Points given by the jury,portugal,greece,4
428,turin-2022,2022,Points given by the jury,romania,greece,2
429,turin-2022,2022,Points given by the jury,san marino,greece,10
430,turin-2022,2022,Points given by the jury,slovenia,greece,4
431,turin-2022,2022,Points given by the jury,spain,greece,2
432,turin-2022,2022,Points given by the jury,switzerland,greece,12
433,turin-2022,2022,Points given by the jury,ukraine,greece,7
434,turin-2022,2022,Points given by the jury,united kingdom,greece,4
435,turin-2022,2022,Points given by televoters,albania,greece,12
436,turin-2022,2022,Points given by televoters,armenia,greece,3
437,turin-2022,2022,Points given by televoters,azerbaijan,greece,3
438,turin-2022,2022,Points given by televoters,bulgaria,greece,6
439,turin-2022,2022,Points given by televoters,cyprus,greece,10
440,turin-2022,2022,Points given by televoters,georgia,greece,1
441,turin-2022,2022,Points given by televoters,norway,greece,7
442,turin-2022,2022,Points given by televoters,san marino,greece,7
443,turin-2022,2022,Points given by televoters,slovenia,greece,8
444,turin-2022,2022,Points given by the jury,albania,portugal,1
445,turin-2022,2022,Points given by the jury,armenia,portugal,8
446,turin-2022,2022,Points given by the jury,australia,portugal,6
447,turin-2022,2022,Points given by the jury,austria,portugal,10
448,turin-2022,2022,Points given by the jury,azerbaijan,portugal,7
449,turin-2022,2022,Points given by the jury,belgium,portugal,5
450,turin-2022,2022,Points given by the jury,bulgaria,portugal,4
451,turin-2022,2022,Points given by the jury,croatia,portugal,10
452,turin-2022,2022,Points given by the jury,czech republic,portugal,5
453,turin-2022,2022,Points given by the jury,denmark,portugal,8
454,turin-2022,2022,Points given by the jury,estonia,portugal,7
455,turin-2022,2022,Points given by the jury,france,portugal,1
456,turin-2022,2022,Points given by the jury,georgia,portugal,7
457,turin-2022,2022,Points given by the jury,greece,portugal,3
458,turin-2022,2022,Points given by the jury,iceland,portugal,5
459,turin-2022,2022,Points given by the jury,ireland,portugal,4
460,turin-2022,2022,Points given by the jury,latvia,portugal,6
461,turin-2022,2022,Points given by the jury,lithuania,portugal,8
462,turin-2022,2022,Points given by the jury,moldova,portugal,2
463,turin-2022,2022,Points given by the jury,montenegro,portugal,4
464,turin-2022,2022,Points given by the jury,the netherlands,portugal,8
465,turin-2022,2022,Points given by the jury,norway,portugal,10
466,turin-2022,2022,Points given by the jury,poland,portugal,7
467,turin-2022,2022,Points given by the jury,romania,portugal,7
468,turin-2022,2022,Points given by the jury,serbia,portugal,7
469,turin-2022,2022,Points given by the jury,slovenia,portugal,3
470,turin-2022,2022,Points given by the jury,switzerland,portugal,5
471,turin-2022,2022,Points given by the jury,ukraine,portugal,10
472,turin-2022,2022,Points given by the jury,united kingdom,portugal,3
473,turin-2022,2022,Points given by televoters,armenia,portugal,4
474,turin-2022,2022,Points given by televoters,belgium,portugal,1
475,turin-2022,2022,Points given by televoters,france,portugal,6
476,turin-2022,2022,Points given by televoters,italy,portugal,1
477,turin-2022,2022,Points given by televoters,lithuania,portugal,7
478,turin-2022,2022,Points given by televoters,montenegro,portugal,5
479,turin-2022,2022,Points given by televoters,poland,portugal,1
480,turin-2022,2022,Points given by televoters,spain,portugal,4
481,turin-2022,2022,Points given by televoters,switzerland,portugal,7
482,turin-2022,2022,Points given by the jury,austria,norway,5
483,turin-2022,2022,Points given by the jury,bulgaria,norway,2
484,turin-2022,2022,Points given by the jury,czech republic,norway,2
485,turin-2022,2022,Points given by the jury,finland,norway,4
486,turin-2022,2022,Points given by the jury,germany,norway,3
487,turin-2022,2022,Points given by the jury,iceland,norway,8
488,turin-2022,2022,Points given by the jury,latvia,norway,5
489,turin-2022,2022,Points given by the jury,the netherlands,norway,3
490,turin-2022,2022,Points given by the jury,sweden,norway,3
491,turin-2022,2022,Points given by the jury,switzerland,norway,1
492,turin-2022,2022,Points given by televoters,australia,norway,10
493,turin-2022,2022,Points given by televoters,austria,norway,5
494,turin-2022,2022,Points given by televoters,azerbaijan,norway,7
495,turin-2022,2022,Points given by televoters,bulgaria,norway,1
496,turin-2022,2022,Points given by televoters,croatia,norway,5
497,turin-2022,2022,Points given by televoters,czech republic,norway,3
498,turin-2022,2022,Points given by televoters,denmark,norway,8
499,turin-2022,2022,Points given by televoters,estonia,norway,4
500,turin-2022,2022,Points given by televoters,finland,norway,6
501,turin-2022,2022,Points given by televoters,germany,norway,1
502,turin-2022,2022,Points given by televoters,greece,norway,6
503,turin-2022,2022,Points given by televoters,iceland,norway,10
504,turin-2022,2022,Points given by televoters,ireland,norway,4
505,turin-2022,2022,Points given by televoters,israel,norway,4
506,turin-2022,2022,Points given by televoters,italy,norway,4
507,turin-2022,2022,Points given by televoters,latvia,norway,5
508,turin-2022,2022,Points given by televoters,lithuania,norway,2
509,turin-2022,2022,Points given by televoters,malta,norway,4
510,turin-2022,2022,Points given by televoters,moldova,norway,6
511,turin-2022,2022,Points given by televoters,montenegro,norway,2
512,turin-2022,2022,Points given by televoters,the netherlands,norway,5
513,turin-2022,2022,Points given by televoters,north macedonia,norway,2
514,turin-2022,2022,Points given by televoters,poland,norway,4
515,turin-2022,2022,Points given by televoters,portugal,norway,2
516,turin-2022,2022,Points given by televoters,romania,norway,2
517,turin-2022,2022,Points given by televoters,san marino,norway,2
518,turin-2022,2022,Points given by televoters,serbia,norway,8
519,turin-2022,2022,Points given by televoters,slovenia,norway,3
520,turin-2022,2022,Points given by televoters,spain,norway,3
521,turin-2022,2022,Points given by televoters,sweden,norway,10
522,turin-2022,2022,Points given by televoters,ukraine,norway,2
523,turin-2022,2022,Points given by televoters,united kingdom,norway,6
524,turin-2022,2022,Points given by the jury,albania,the netherlands,6
525,turin-2022,2022,Points given by the jury,armenia,the netherlands,4
526,turin-2022,2022,Points given by the jury,austria,the netherlands,8
527,turin-2022,2022,Points given by the jury,azerbaijan,the netherlands,4
528,turin-2022,2022,Points given by the jury,croatia,the netherlands,2
529,turin-2022,2022,Points given by the jury,denmark,the netherlands,10
530,turin-2022,2022,Points given by the jury,estonia,the netherlands,1
531,turin-2022,2022,Points given by the jury,finland,the netherlands,5
532,turin-2022,2022,Points given by the jury,france,the netherlands,4
533,turin-2022,2022,Points given by the jury,georgia,the netherlands,4
534,turin-2022,2022,Points given by the jury,germany,the netherlands,4
535,turin-2022,2022,Points given by the jury,greece,the netherlands,4
536,turin-2022,2022,Points given by the jury,iceland,the netherlands,4
537,turin-2022,2022,Points given by the jury,israel,the netherlands,1
538,turin-2022,2022,Points given by the jury,italy,the netherlands,12
539,turin-2022,2022,Points given by the jury,latvia,the netherlands,4
540,turin-2022,2022,Points given by the jury,lithuania,the netherlands,6
541,turin-2022,2022,Points given by the jury,montenegro,the netherlands,3
542,turin-2022,2022,Points given by the jury,norway,the netherlands,5
543,turin-2022,2022,Points given by the jury,poland,the netherlands,3
544,turin-2022,2022,Points given by the jury,portugal,the netherlands,7
545,turin-2022,2022,Points given by the jury,romania,the netherlands,3
546,turin-2022,2022,Points given by the jury,slovenia,the netherlands,7
547,turin-2022,2022,Points given by the jury,switzerland,the netherlands,10
548,turin-2022,2022,Points given by the jury,ukraine,the netherlands,8
549,turin-2022,2022,Points given by televoters,albania,the netherlands,6
550,turin-2022,2022,Points given by televoters,belgium,the netherlands,10
551,turin-2022,2022,Points given by televoters,estonia,the netherlands,3
552,turin-2022,2022,Points given by televoters,germany,the netherlands,4
553,turin-2022,2022,Points given by televoters,iceland,the netherlands,5
554,turin-2022,2022,Points given by televoters,israel,the netherlands,2
555,turin-2022,2022,Points given by televoters,italy,the netherlands,2
556,turin-2022,2022,Points given by televoters,lithuania,the netherlands,1
557,turin-2022,2022,Points given by televoters,portugal,the netherlands,4
558,turin-2022,2022,Points given by televoters,slovenia,the netherlands,1
559,turin-2022,2022,Points given by televoters,sweden,the netherlands,1
560,turin-2022,2022,Points given by televoters,ukraine,the netherlands,3
561,turin-2022,2022,Points given by the jury,azerbaijan,poland,2
562,turin-2022,2022,Points given by the jury,france,poland,8
563,turin-2022,2022,Points given by the jury,georgia,poland,2
564,turin-2022,2022,Points given by the jury,greece,poland,10
565,turin-2022,2022,Points given by the jury,israel,poland,6
566,turin-2022,2022,Points given by the jury,malta,poland,4
567,turin-2022,2022,Points given by the jury,north macedonia,poland,2
568,turin-2022,2022,Points given by the jury,san marino,poland,4
569,turin-2022,2022,Points given by the jury,united kingdom,poland,8
570,turin-2022,2022,Points given by televoters,australia,poland,3
571,turin-2022,2022,Points given by televoters,austria,poland,4
572,turin-2022,2022,Points given by televoters,azerbaijan,poland,1
573,turin-2022,2022,Points given by televoters,belgium,poland,7
574,turin-2022,2022,Points given by televoters,cyprus,poland,3
575,turin-2022,2022,Points given by televoters,czech republic,poland,7
576,turin-2022,2022,Points given by televoters,denmark,poland,4
577,turin-2022,2022,Points given by televoters,france,poland,4
578,turin-2022,2022,Points given by televoters,germany,poland,8
579,turin-2022,2022,Points given by televoters,iceland,poland,4
580,turin-2022,2022,Points given by televoters,ireland,poland,10
581,turin-2022,2022,Points given by televoters,israel,poland,1
582,turin-2022,2022,Points given by televoters,italy,poland,3
583,turin-2022,2022,Points given by televoters,malta,poland,2
584,turin-2022,2022,Points given by televoters,montenegro,poland,4
585,turin-2022,2022,Points given by televoters,the netherlands,poland,6
586,turin-2022,2022,Points given by televoters,norway,poland,5
587,turin-2022,2022,Points given by televoters,spain,poland,1
588,turin-2022,2022,Points given by televoters,sweden,poland,5
589,turin-2022,2022,Points given by televoters,switzerland,poland,1
590,turin-2022,2022,Points given by televoters,ukraine,poland,12
591,turin-2022,2022,Points given by televoters,united kingdom,poland,10
592,turin-2022,2022,Points given by the jury,armenia,estonia,3
593,turin-2022,2022,Points given by the jury,australia,estonia,1
594,turin-2022,2022,Points given by the jury,czech republic,estonia,8
595,turin-2022,2022,Points given by the jury,malta,estonia,5
596,turin-2022,2022,Points given by the jury,moldova,estonia,5
597,turin-2022,2022,Points given by the jury,serbia,estonia,10
598,turin-2022,2022,Points given by the jury,sweden,estonia,6
599,turin-2022,2022,Points given by the jury,united kingdom,estonia,5
600,turin-2022,2022,Points given by televoters,albania,estonia,5
601,turin-2022,2022,Points given by televoters,armenia,estonia,12
602,turin-2022,2022,Points given by televoters,croatia,estonia,2
603,turin-2022,2022,Points given by televoters,czech republic,estonia,4
604,turin-2022,2022,Points given by televoters,denmark,estonia,3
605,turin-2022,2022,Points given by televoters,finland,estonia,10
606,turin-2022,2022,Points given by televoters,latvia,estonia,8
607,turin-2022,2022,Points given by televoters,lithuania,estonia,8
608,turin-2022,2022,Points given by televoters,moldova,estonia,7
609,turin-2022,2022,Points given by televoters,montenegro,estonia,3
610,turin-2022,2022,Points given by televoters,the netherlands,estonia,1
611,turin-2022,2022,Points given by televoters,north macedonia,estonia,3
612,turin-2022,2022,Points given by televoters,norway,estonia,2
613,turin-2022,2022,Points given by televoters,poland,estonia,8
614,turin-2022,2022,Points given by televoters,romania,estonia,5
615,turin-2022,2022,Points given by televoters,serbia,estonia,6
616,turin-2022,2022,Points given by televoters,sweden,estonia,4
617,turin-2022,2022,Points given by televoters,ukraine,estonia,5
618,turin-2022,2022,Points given by televoters,united kingdom,estonia,2
619,turin-2022,2022,Points given by the jury,croatia,lithuania,7
620,turin-2022,2022,Points given by the jury,denmark,lithuania,3
621,turin-2022,2022,Points given by the jury,estonia,lithuania,2
622,turin-2022,2022,Points given by the jury,iceland,lithuania,1
623,turin-2022,2022,Points given by the jury,latvia,lithuania,1
624,turin-2022,2022,Points given by the jury,montenegro,lithuania,2
625,turin-2022,2022,Points given by the jury,norway,lithuania,2
626,turin-2022,2022,Points given by the jury,portugal,lithuania,5
627,turin-2022,2022,Points given by the jury,serbia,lithuania,2
628,turin-2022,2022,Points given by the jury,slovenia,lithuania,10
629,turin-2022,2022,Points given by televoters,armenia,lithuania,2
630,turin-2022,2022,Points given by televoters,australia,lithuania,2
631,turin-2022,2022,Points given by televoters,croatia,lithuania,3
632,turin-2022,2022,Points given by televoters,cyprus,lithuania,2
633,turin-2022,2022,Points given by televoters,denmark,lithuania,7
634,turin-2022,2022,Points given by televoters,estonia,lithuania,7
635,turin-2022,2022,Points given by televoters,finland,lithuania,2
636,turin-2022,2022,Points given by televoters,georgia,lithuania,5
637,turin-2022,2022,Points given by televoters,iceland,lithuania,2
638,turin-2022,2022,Points given by televoters,ireland,lithuania,8
639,turin-2022,2022,Points given by televoters,latvia,lithuania,10
640,turin-2022,2022,Points given by televoters,moldova,lithuania,4
641,turin-2022,2022,Points given by televoters,north macedonia,lithuania,1
642,turin-2022,2022,Points given by televoters,norway,lithuania,10
643,turin-2022,2022,Points given by televoters,poland,lithuania,2
644,turin-2022,2022,Points given by televoters,portugal,lithuania,1
645,turin-2022,2022,Points given by televoters,serbia,lithuania,3
646,turin-2022,2022,Points given by televoters,slovenia,lithuania,2
647,turin-2022,2022,Points given by televoters,sweden,lithuania,3
648,turin-2022,2022,Points given by televoters,ukraine,lithuania,10
649,turin-2022,2022,Points given by televoters,united kingdom,lithuania,7
650,turin-2022,2022,Points given by the jury,belgium,australia,1
651,turin-2022,2022,Points given by the jury,cyprus,australia,8
652,turin-2022,2022,Points given by the jury,czech republic,australia,1
653,turin-2022,2022,Points given by the jury,estonia,australia,8
654,turin-2022,2022,Points given by the jury,finland,australia,8
655,turin-2022,2022,Points given by the jury,germany,australia,5
656,turin-2022,2022,Points given by the jury,greece,australia,8
657,turin-2022,2022,Points given by the jury,ireland,australia,2
658,turin-2022,2022,Points given by the jury,israel,australia,5
659,turin-2022,2022,Points given by the jury,italy,australia,2
660,turin-2022,2022,Points given by the jury,latvia,australia,2
661,turin-2022,2022,Points given by the jury,malta,australia,6
662,turin-2022,2022,Points given by the jury,moldova,australia,6
663,turin-2022,2022,Points given by the jury,the netherlands,australia,7
664,turin-2022,2022,Points given by the jury,north macedonia,australia,5
665,turin-2022,2022,Points given by the jury,poland,australia,6
666,turin-2022,2022,Points given by the jury,romania,australia,6
667,turin-2022,2022,Points given by the jury,san marino,australia,6
668,turin-2022,2022,Points given by the jury,spain,australia,8
669,turin-2022,2022,Points given by the jury,sweden,australia,10
670,turin-2022,2022,Points given by the jury,switzerland,australia,4
671,turin-2022,2022,Points given by the jury,ukraine,australia,3
672,turin-2022,2022,Points given by the jury,united kingdom,australia,6
673,turin-2022,2022,Points given by televoters,azerbaijan,australia,2
674,turin-2022,2022,Points given by the jury,albania,azerbaijan,3
675,turin-2022,2022,Points given by the jury,australia,azerbaijan,2
676,turin-2022,2022,Points given by the jury,belgium,azerbaijan,3
677,turin-2022,2022,Points given by the jury,bulgaria,azerbaijan,3
678,turin-2022,2022,Points given by the jury,cyprus,azerbaijan,10
679,turin-2022,2022,Points given by the jury,estonia,azerbaijan,3
680,turin-2022,2022,Points given by the jury,finland,azerbaijan,3
681,turin-2022,2022,Points given by the jury,germany,azerbaijan,6
682,turin-2022,2022,Points given by the jury,greece,azerbaijan,12
683,turin-2022,2022,Points given by the jury,malta,azerbaijan,2
684,turin-2022,2022,Points given by the jury,moldova,azerbaijan,1
685,turin-2022,2022,Points given by the jury,montenegro,azerbaijan,1
686,turin-2022,2022,Points given by the jury,north macedonia,azerbaijan,4
687,turin-2022,2022,Points given by the jury,san marino,azerbaijan,7
688,turin-2022,2022,Points given by the jury,serbia,azerbaijan,12
689,turin-2022,2022,Points given by the jury,spain,azerbaijan,12
690,turin-2022,2022,Points given by the jury,sweden,azerbaijan,7
691,turin-2022,2022,Points given by the jury,ukraine,azerbaijan,5
692,turin-2022,2022,Points given by the jury,united kingdom,azerbaijan,7
693,turin-2022,2022,Points given by televoters,georgia,azerbaijan,3
694,turin-2022,2022,Points given by the jury,austria,switzerland,1
695,turin-2022,2022,Points given by the jury,bulgaria,switzerland,7
696,turin-2022,2022,Points given by the jury,croatia,switzerland,1
697,turin-2022,2022,Points given by the jury,czech republic,switzerland,6
698,turin-2022,2022,Points given by the jury,denmark,switzerland,2
699,turin-2022,2022,Points given by the jury,germany,switzerland,2
700,turin-2022,2022,Points given by the jury,italy,switzerland,3
701,turin-2022,2022,Points given by the jury,latvia,switzerland,3
702,turin-2022,2022,Points given by the jury,lithuania,switzerland,7
703,turin-2022,2022,Points given by the jury,moldova,switzerland,7
704,turin-2022,2022,Points given by the jury,the netherlands,switzerland,10
705,turin-2022,2022,Points given by the jury,north macedonia,switzerland,1
706,turin-2022,2022,Points given by the jury,norway,switzerland,1
707,turin-2022,2022,Points given by the jury,poland,switzerland,5
708,turin-2022,2022,Points given by the jury,portugal,switzerland,2
709,turin-2022,2022,Points given by the jury,romania,switzerland,5
710,turin-2022,2022,Points given by the jury,san marino,switzerland,1
711,turin-2022,2022,Points given by the jury,slovenia,switzerland,5
712,turin-2022,2022,Points given by the jury,spain,switzerland,1
713,turin-2022,2022,Points given by the jury,ukraine,switzerland,6
714,turin-2022,2022,Points given by the jury,united kingdom,switzerland,2
715,turin-2022,2022,Points given by the jury,germany,romania,1
716,turin-2022,2022,Points given by the jury,greece,romania,7
717,turin-2022,2022,Points given by the jury,spain,romania,4
718,turin-2022,2022,Points given by televoters,bulgaria,romania,4
719,turin-2022,2022,Points given by televoters,cyprus,romania,4
720,turin-2022,2022,Points given by televoters,france,romania,1
721,turin-2022,2022,Points given by televoters,greece,romania,2
722,turin-2022,2022,Points given by televoters,ireland,romania,2
723,turin-2022,2022,Points given by televoters,italy,romania,8
724,turin-2022,2022,Points given by televoters,malta,romania,3
725,turin-2022,2022,Points given by televoters,moldova,romania,10
726,turin-2022,2022,Points given by televoters,san marino,romania,1
727,turin-2022,2022,Points given by televoters,serbia,romania,5
728,turin-2022,2022,Points given by televoters,spain,romania,10
729,turin-2022,2022,Points given by televoters,united kingdom,romania,3
730,turin-2022,2022,Points given by the jury,albania,belgium,2
731,turin-2022,2022,Points given by the jury,australia,belgium,5
732,turin-2022,2022,Points given by the jury,bulgaria,belgium,6
733,turin-2022,2022,Points given by the jury,cyprus,belgium,2
734,turin-2022,2022,Points given by the jury,france,belgium,6
735,turin-2022,2022,Points given by the jury,israel,belgium,4
736,turin-2022,2022,Points given by the jury,italy,belgium,7
737,turin-2022,2022,Points given by the jury,moldova,belgium,4
738,turin-2022,2022,Points given by the jury,the netherlands,belgium,6
739,turin-2022,2022,Points given by the jury,north macedonia,belgium,3
740,turin-2022,2022,Points given by the jury,serbia,belgium,8
741,turin-2022,2022,Points given by the jury,spain,belgium,5
742,turin-2022,2022,Points given by the jury,sweden,belgium,1
743,turin-2022,2022,Points given by televoters,moldova,belgium,1
744,turin-2022,2022,Points given by televoters,the netherlands,belgium,4
745,turin-2022,2022,Points given by the jury,albania,armenia,4
746,turin-2022,2022,Points given by the jury,austria,armenia,6
747,turin-2022,2022,Points given by the jury,bulgaria,armenia,5
748,turin-2022,2022,Points given by the jury,finland,armenia,1
749,turin-2022,2022,Points given by the jury,france,armenia,7
750,turin-2022,2022,Points given by the jury,italy,armenia,8
751,turin-2022,2022,Points given by the jury,norway,armenia,4
752,turin-2022,2022,Points given by the jury,portugal,armenia,1
753,turin-2022,2022,Points given by the jury,sweden,armenia,2
754,turin-2022,2022,Points given by the jury,ukraine,armenia,2
755,turin-2022,2022,Points given by televoters,bulgaria,armenia,5
756,turin-2022,2022,Points given by televoters,cyprus,armenia,1
757,turin-2022,2022,Points given by televoters,france,armenia,5
758,turin-2022,2022,Points given by televoters,georgia,armenia,10
759,turin-2022,2022,Points given by the jury,estonia,finland,5
760,turin-2022,2022,Points given by the jury,italy,finland,1
761,turin-2022,2022,Points given by the jury,serbia,finland,6
762,turin-2022,2022,Points given by televoters,albania,finland,2
763,turin-2022,2022,Points given by televoters,czech republic,finland,1
764,turin-2022,2022,Points given by televoters,estonia,finland,8
765,turin-2022,2022,Points given by televoters,georgia,finland,2
766,turin-2022,2022,Points given by televoters,latvia,finland,1
767,turin-2022,2022,Points given by televoters,malta,finland,1
768,turin-2022,2022,Points given by televoters,sweden,finland,7
769,turin-2022,2022,Points given by televoters,ukraine,finland,4
770,turin-2022,2022,Points given by the jury,australia,czech republic,4
771,turin-2022,2022,Points given by the jury,belgium,czech republic,2
772,turin-2022,2022,Points given by the jury,france,czech republic,2
773,turin-2022,2022,Points given by the jury,greece,czech republic,2
774,turin-2022,2022,Points given by the jury,iceland,czech republic,2
775,turin-2022,2022,Points given by the jury,ireland,czech republic,7
776,turin-2022,2022,Points given by the jury,israel,czech republic,2
777,turin-2022,2022,Points given by the jury,malta,czech republic,3
778,turin-2022,2022,Points given by the jury,serbia,czech republic,3
779,turin-2022,2022,Points given by the jury,sweden,czech republic,5
780,turin-2022,2022,Points given by the jury,ukraine,czech republic,1
781,turin-2022,2022,Points given by televoters,north macedonia,czech republic,5
782,turin-2022,2022,Points given by the jury,denmark,iceland,1
783,turin-2022,2022,Points given by the jury,ireland,iceland,1
784,turin-2022,2022,Points given by the jury,lithuania,iceland,2
785,turin-2022,2022,Points given by the jury,portugal,iceland,6
786,turin-2022,2022,Points given by televoters,denmark,iceland,2
787,turin-2022,2022,Points given by televoters,ukraine,iceland,8
788,turin-2022,2022,Points given by the jury,armenia,france,7
789,turin-2022,2022,Points given by the jury,azerbaijan,france,1
790,turin-2022,2022,Points given by the jury,georgia,france,1
791,turin-2022,2022,Points given by televoters,croatia,france,1
792,turin-2022,2022,Points given by televoters,finland,france,1
793,turin-2022,2022,Points given by televoters,greece,france,1
794,turin-2022,2022,Points given by televoters,moldova,france,2
795,turin-2022,2022,Points given by televoters,romania,france,1
796,turin-2022,2022,Points given by televoters,serbia,france,2
797,turin-2022,2022,Points given by televoters,austria,germany,2
798,turin-2022,2022,Points given by televoters,estonia,germany,2
799,turin-2022,2022,Points given by televoters,switzerland,germany,2
800,turin-2022,2022,Points given by the jury,albania,ukraine,12
801,turin-2022,2022,Points given by the jury,armenia,ukraine,7
802,turin-2022,2022,Points given by the jury,croatia,ukraine,7
803,turin-2022,2022,Points given by the jury,denmark,ukraine,7
804,turin-2022,2022,Points given by the jury,france,ukraine,10
805,turin-2022,2022,Points given by the jury,greece,ukraine,3
806,turin-2022,2022,Points given by the jury,iceland,ukraine,10
807,turin-2022,2022,Points given by the jury,italy,ukraine,7
808,turin-2022,2022,Points given by the jury,latvia,ukraine,12
809,turin-2022,2022,Points given by the jury,lithuania,ukraine,12
810,turin-2022,2022,Points given by the jury,moldova,ukraine,12
811,turin-2022,2022,Points given by the jury,the netherlands,ukraine,8
812,turin-2022,2022,Points given by the jury,norway,ukraine,6
813,turin-2022,2022,Points given by the jury,portugal,ukraine,7
814,turin-2022,2022,Points given by the jury,slovenia,ukraine,7
815,turin-2022,2022,Points given by the jury,switzerland,ukraine,8
816,turin-2022,2022,Points given by televoters,albania,ukraine,8
817,turin-2022,2022,Points given by televoters,armenia,ukraine,12
818,turin-2022,2022,Points given by televoters,austria,ukraine,12
819,turin-2022,2022,Points given by televoters,bulgaria,ukraine,12
820,turin-2022,2022,Points given by televoters,croatia,ukraine,12
821,turin-2022,2022,Points given by televoters,denmark,ukraine,12
822,turin-2022,2022,Points given by televoters,france,ukraine,10
823,turin-2022,2022,Points given by televoters,greece,ukraine,10
824,turin-2022,2022,Points given by televoters,iceland,ukraine,12
825,turin-2022,2022,Points given by televoters,italy,ukraine,12
826,turin-2022,2022,Points given by televoters,latvia,ukraine,12
827,turin-2022,2022,Points given by televoters,lithuania,ukraine,12
828,turin-2022,2022,Points given by televoters,moldova,ukraine,12
829,turin-2022,2022,Points given by televoters,the netherlands,ukraine,12
830,turin-2022,2022,Points given by televoters,norway,ukraine,10
831,turin-2022,2022,Points given by televoters,portugal,ukraine,12
832,turin-2022,2022,Points given by televoters,slovenia,ukraine,10
833,turin-2022,2022,Points given by televoters,switzerland,ukraine,10
834,turin-2022,2022,Points given by the jury,albania,the netherlands,10
835,turin-2022,2022,Points given by the jury,armenia,the netherlands,12
836,turin-2022,2022,Points given by the jury,austria,the netherlands,8
837,turin-2022,2022,Points given by the jury,bulgaria,the netherlands,4
838,turin-2022,2022,Points given by the jury,croatia,the netherlands,2
839,turin-2022,2022,Points given by the jury,denmark,the netherlands,12
840,turin-2022,2022,Points given by the jury,france,the netherlands,8
841,turin-2022,2022,Points given by the jury,greece,the netherlands,6
842,turin-2022,2022,Points given by the jury,iceland,the netherlands,7
843,turin-2022,2022,Points given by the jury,italy,the netherlands,10
844,turin-2022,2022,Points given by the jury,latvia,the netherlands,3
845,turin-2022,2022,Points given by the jury,lithuania,the netherlands,8
846,turin-2022,2022,Points given by the jury,moldova,the netherlands,2
847,turin-2022,2022,Points given by the jury,norway,the netherlands,8
848,turin-2022,2022,Points given by the jury,portugal,the netherlands,8
849,turin-2022,2022,Points given by the jury,slovenia,the netherlands,10
850,turin-2022,2022,Points given by the jury,switzerland,the netherlands,12
851,turin-2022,2022,Points given by the jury,ukraine,the netherlands,12
852,turin-2022,2022,Points given by televoters,albania,the netherlands,3
853,turin-2022,2022,Points given by televoters,armenia,the netherlands,4
854,turin-2022,2022,Points given by televoters,austria,the netherlands,5
855,turin-2022,2022,Points given by televoters,bulgaria,the netherlands,3
856,turin-2022,2022,Points given by televoters,croatia,the netherlands,3
857,turin-2022,2022,Points given by televoters,denmark,the netherlands,4
858,turin-2022,2022,Points given by televoters,france,the netherlands,4
859,turin-2022,2022,Points given by televoters,greece,the netherlands,4
860,turin-2022,2022,Points given by televoters,iceland,the netherlands,8
861,turin-2022,2022,Points given by televoters,italy,the netherlands,4
862,turin-2022,2022,Points given by televoters,latvia,the netherlands,3
863,turin-2022,2022,Points given by televoters,lithuania,the netherlands,6
864,turin-2022,2022,Points given by televoters,moldova,the netherlands,8
865,turin-2022,2022,Points given by televoters,norway,the netherlands,1
866,turin-2022,2022,Points given by televoters,portugal,the netherlands,8
867,turin-2022,2022,Points given by televoters,slovenia,the netherlands,3
868,turin-2022,2022,Points given by televoters,switzerland,the netherlands,2
869,turin-2022,2022,Points given by televoters,ukraine,the netherlands,6
870,turin-2022,2022,Points given by the jury,albania,greece,8
871,turin-2022,2022,Points given by the jury,armenia,greece,8
872,turin-2022,2022,Points given by the jury,austria,greece,6
873,turin-2022,2022,Points given by the jury,bulgaria,greece,10
874,turin-2022,2022,Points given by the jury,croatia,greece,8
875,turin-2022,2022,Points given by the jury,denmark,greece,10
876,turin-2022,2022,Points given by the jury,france,greece,12
877,turin-2022,2022,Points given by the jury,iceland,greece,2
878,turin-2022,2022,Points given by the jury,italy,greece,12
879,turin-2022,2022,Points given by the jury,latvia,greece,10
880,turin-2022,2022,Points given by the jury,lithuania,greece,6
881,turin-2022,2022,Points given by the jury,moldova,greece,8
882,turin-2022,2022,Points given by the jury,the netherlands,greece,12
883,turin-2022,2022,Points given by the jury,norway,greece,12
884,turin-2022,2022,Points given by the jury,portugal,greece,5
885,turin-2022,2022,Points given by the jury,slovenia,greece,5
886,turin-2022,2022,Points given by the jury,switzerland,greece,10
887,turin-2022,2022,Points given by the jury,ukraine,greece,7
888,turin-2022,2022,Points given by televoters,albania,greece,10
889,turin-2022,2022,Points given by televoters,armenia,greece,10
890,turin-2022,2022,Points given by televoters,bulgaria,greece,7
891,turin-2022,2022,Points given by televoters,france,greece,1
892,turin-2022,2022,Points given by televoters,italy,greece,3
893,turin-2022,2022,Points given by televoters,moldova,greece,1
894,turin-2022,2022,Points given by televoters,the netherlands,greece,3
895,turin-2022,2022,Points given by televoters,norway,greece,12
896,turin-2022,2022,Points given by televoters,portugal,greece,4
897,turin-2022,2022,Points given by televoters,slovenia,greece,8
898,turin-2022,2022,Points given by televoters,ukraine,greece,1
899,turin-2022,2022,Points given by the jury,albania,portugal,4
900,turin-2022,2022,Points given by the jury,armenia,portugal,10
901,turin-2022,2022,Points given by the jury,austria,portugal,10
902,turin-2022,2022,Points given by the jury,bulgaria,portugal,5
903,turin-2022,2022,Points given by the jury,croatia,portugal,12
904,turin-2022,2022,Points given by the jury,denmark,portugal,8
905,turin-2022,2022,Points given by the jury,france,portugal,6
906,turin-2022,2022,Points given by the jury,greece,portugal,5
907,turin-2022,2022,Points given by the jury,iceland,portugal,6
908,turin-2022,2022,Points given by the jury,latvia,portugal,5
909,turin-2022,2022,Points given by the jury,lithuania,portugal,7
910,turin-2022,2022,Points given by the jury,moldova,portugal,5
911,turin-2022,2022,Points given by the jury,the netherlands,portugal,10
912,turin-2022,2022,Points given by the jury,norway,portugal,10
913,turin-2022,2022,Points given by the jury,slovenia,portugal,6
914,turin-2022,2022,Points given by the jury,switzerland,portugal,4
915,turin-2022,2022,Points given by the jury,ukraine,portugal,8
916,turin-2022,2022,Points given by televoters,albania,portugal,5
917,turin-2022,2022,Points given by televoters,armenia,portugal,8
918,turin-2022,2022,Points given by televoters,austria,portugal,1
919,turin-2022,2022,Points given by televoters,bulgaria,portugal,6
920,turin-2022,2022,Points given by televoters,croatia,portugal,1
921,turin-2022,2022,Points given by televoters,denmark,portugal,3
922,turin-2022,2022,Points given by televoters,france,portugal,8
923,turin-2022,2022,Points given by televoters,greece,portugal,3
924,turin-2022,2022,Points given by televoters,iceland,portugal,2
925,turin-2022,2022,Points given by televoters,italy,portugal,6
926,turin-2022,2022,Points given by televoters,latvia,portugal,6
927,turin-2022,2022,Points given by televoters,lithuania,portugal,8
928,turin-2022,2022,Points given by televoters,moldova,portugal,4
929,turin-2022,2022,Points given by televoters,the netherlands,portugal,6
930,turin-2022,2022,Points given by televoters,norway,portugal,2
931,turin-2022,2022,Points given by televoters,slovenia,portugal,2
932,turin-2022,2022,Points given by televoters,switzerland,portugal,12
933,turin-2022,2022,Points given by televoters,ukraine,portugal,4
934,turin-2022,2022,Points given by the jury,albania,armenia,7
935,turin-2022,2022,Points given by the jury,austria,armenia,12
936,turin-2022,2022,Points given by the jury,bulgaria,armenia,8
937,turin-2022,2022,Points given by the jury,croatia,armenia,1
938,turin-2022,2022,Points given by the jury,denmark,armenia,2
939,turin-2022,2022,Points given by the jury,france,armenia,7
940,turin-2022,2022,Points given by the jury,iceland,armenia,3
941,turin-2022,2022,Points given by the jury,italy,armenia,8
942,turin-2022,2022,Points given by the jury,latvia,armenia,2
943,turin-2022,2022,Points given by the jury,moldova,armenia,6
944,turin-2022,2022,Points given by the jury,the netherlands,armenia,4
945,turin-2022,2022,Points given by the jury,norway,armenia,7
946,turin-2022,2022,Points given by the jury,portugal,armenia,3
947,turin-2022,2022,Points given by the jury,slovenia,armenia,1
948,turin-2022,2022,Points given by the jury,switzerland,armenia,1
949,turin-2022,2022,Points given by the jury,ukraine,armenia,10
950,turin-2022,2022,Points given by televoters,albania,armenia,7
951,turin-2022,2022,Points given by televoters,austria,armenia,8
952,turin-2022,2022,Points given by televoters,bulgaria,armenia,10
953,turin-2022,2022,Points given by televoters,croatia,armenia,5
954,turin-2022,2022,Points given by televoters,denmark,armenia,5
955,turin-2022,2022,Points given by televoters,france,armenia,12
956,turin-2022,2022,Points given by televoters,greece,armenia,8
957,turin-2022,2022,Points given by televoters,iceland,armenia,3
958,turin-2022,2022,Points given by televoters,italy,armenia,7
959,turin-2022,2022,Points given by televoters,latvia,armenia,4
960,turin-2022,2022,Points given by televoters,lithuania,armenia,4
961,turin-2022,2022,Points given by televoters,moldova,armenia,7
962,turin-2022,2022,Points given by televoters,the netherlands,armenia,8
963,turin-2022,2022,Points given by televoters,norway,armenia,5
964,turin-2022,2022,Points given by televoters,portugal,armenia,5
965,turin-2022,2022,Points given by televoters,switzerland,armenia,5
966,turin-2022,2022,Points given by televoters,ukraine,armenia,2
967,turin-2022,2022,Points given by the jury,albania,norway,2
968,turin-2022,2022,Points given by the jury,armenia,norway,6
969,turin-2022,2022,Points given by the jury,austria,norway,4
970,turin-2022,2022,Points given by the jury,bulgaria,norway,7
971,turin-2022,2022,Points given by the jury,denmark,norway,3
972,turin-2022,2022,Points given by the jury,france,norway,3
973,turin-2022,2022,Points given by the jury,greece,norway,1
974,turin-2022,2022,Points given by the jury,iceland,norway,12
975,turin-2022,2022,Points given by the jury,latvia,norway,7
976,turin-2022,2022,Points given by the jury,lithuania,norway,3
977,turin-2022,2022,Points given by the jury,moldova,norway,7
978,turin-2022,2022,Points given by the jury,the netherlands,norway,6
979,turin-2022,2022,Points given by the jury,portugal,norway,2
980,turin-2022,2022,Points given by the jury,slovenia,norway,2
981,turin-2022,2022,Points given by the jury,switzerland,norway,7
982,turin-2022,2022,Points given by the jury,ukraine,norway,1
983,turin-2022,2022,Points given by televoters,albania,norway,2
984,turin-2022,2022,Points given by televoters,armenia,norway,3
985,turin-2022,2022,Points given by televoters,austria,norway,7
986,turin-2022,2022,Points given by televoters,bulgaria,norway,4
987,turin-2022,2022,Points given by televoters,croatia,norway,7
988,turin-2022,2022,Points given by televoters,denmark,norway,10
989,turin-2022,2022,Points given by televoters,france,norway,2
990,turin-2022,2022,Points given by televoters,greece,norway,7
991,turin-2022,2022,Points given by televoters,iceland,norway,10
992,turin-2022,2022,Points given by televoters,italy,norway,5
993,turin-2022,2022,Points given by televoters,latvia,norway,7
994,turin-2022,2022,Points given by televoters,lithuania,norway,5
995,turin-2022,2022,Points given by televoters,moldova,norway,10
996,turin-2022,2022,Points given by televoters,the netherlands,norway,7
997,turin-2022,2022,Points given by televoters,portugal,norway,7
998,turin-2022,2022,Points given by televoters,slovenia,norway,4
999,turin-2022,2022,Points given by televoters,ukraine,norway,7
1000,turin-2022,2022,Points given by the jury,croatia,lithuania,10
1001,turin-2022,2022,Points given by the jury,denmark,lithuania,5
1002,turin-2022,2022,Points given by the jury,france,lithuania,2
1003,turin-2022,2022,Points given by the jury,iceland,lithuania,8
1004,turin-2022,2022,Points given by the jury,italy,lithuania,2
1005,turin-2022,2022,Points given by the jury,latvia,lithuania,1
1006,turin-2022,2022,Points given by the jury,the netherlands,lithuania,2
1007,turin-2022,2022,Points given by the jury,norway,lithuania,5
1008,turin-2022,2022,Points given by the jury,portugal,lithuania,6
1009,turin-2022,2022,Points given by the jury,slovenia,lithuania,12
1010,turin-2022,2022,Points given by the jury,switzerland,lithuania,3
1011,turin-2022,2022,Points given by televoters,albania,lithuania,1
1012,turin-2022,2022,Points given by televoters,armenia,lithuania,7
1013,turin-2022,2022,Points given by televoters,austria,lithuania,4
1014,turin-2022,2022,Points given by televoters,bulgaria,lithuania,5
1015,turin-2022,2022,Points given by televoters,croatia,lithuania,6
1016,turin-2022,2022,Points given by televoters,denmark,lithuania,8
1017,turin-2022,2022,Points given by televoters,france,lithuania,6
1018,turin-2022,2022,Points given by televoters,greece,lithuania,5
1019,turin-2022,2022,Points given by televoters,iceland,lithuania,5
1020,turin-2022,2022,Points given by televoters,italy,lithuania,1
1021,turin-2022,2022,Points given by televoters,latvia,lithuania,10
1022,turin-2022,2022,Points given by televoters,moldova,lithuania,6
1023,turin-2022,2022,Points given by televoters,the netherlands,lithuania,5
1024,turin-2022,2022,Points given by televoters,norway,lithuania,8
1025,turin-2022,2022,Points given by televoters,portugal,lithuania,6
1026,turin-2022,2022,Points given by televoters,slovenia,lithuania,5
1027,turin-2022,2022,Points given by televoters,switzerland,lithuania,3
1028,turin-2022,2022,Points given by televoters,ukraine,lithuania,12
1029,turin-2022,2022,Points given by the jury,armenia,moldova,1
1030,turin-2022,2022,Points given by the jury,bulgaria,moldova,1
1031,turin-2022,2022,Points given by the jury,greece,moldova,7
1032,turin-2022,2022,Points given by the jury,italy,moldova,5
1033,turin-2022,2022,Points given by the jury,lithuania,moldova,1
1034,turin-2022,2022,Points given by the jury,norway,moldova,1
1035,turin-2022,2022,Points given by the jury,portugal,moldova,1
1036,turin-2022,2022,Points given by the jury,ukraine,moldova,2
1037,turin-2022,2022,Points given by televoters,armenia,moldova,6
1038,turin-2022,2022,Points given by televoters,austria,moldova,10
1039,turin-2022,2022,Points given by televoters,bulgaria,moldova,8
1040,turin-2022,2022,Points given by televoters,croatia,moldova,10
1041,turin-2022,2022,Points given by televoters,denmark,moldova,6
1042,turin-2022,2022,Points given by televoters,france,moldova,7
1043,turin-2022,2022,Points given by televoters,greece,moldova,6
1044,turin-2022,2022,Points given by televoters,iceland,moldova,7
1045,turin-2022,2022,Points given by televoters,italy,moldova,10
1046,turin-2022,2022,Points given by televoters,latvia,moldova,8
1047,turin-2022,2022,Points given by televoters,lithuania,moldova,7
1048,turin-2022,2022,Points given by televoters,the netherlands,moldova,10
1049,turin-2022,2022,Points given by televoters,norway,moldova,6
1050,turin-2022,2022,Points given by televoters,portugal,moldova,10
1051,turin-2022,2022,Points given by televoters,slovenia,moldova,7
1052,turin-2022,2022,Points given by televoters,switzerland,moldova,7
1053,turin-2022,2022,Points given by televoters,ukraine,moldova,10
1054,turin-2022,2022,Points given by the jury,albania,switzerland,6
1055,turin-2022,2022,Points given by the jury,armenia,switzerland,5
1056,turin-2022,2022,Points given by the jury,austria,switzerland,7
1057,turin-2022,2022,Points given by the jury,bulgaria,switzerland,12
1058,turin-2022,2022,Points given by the jury,croatia,switzerland,6
1059,turin-2022,2022,Points given by the jury,denmark,switzerland,6
1060,turin-2022,2022,Points given by the jury,france,switzerland,5
1061,turin-2022,2022,Points given by the jury,iceland,switzerland,5
1062,turin-2022,2022,Points given by the jury,italy,switzerland,6
1063,turin-2022,2022,Points given by the jury,latvia,switzerland,4
1064,turin-2022,2022,Points given by the jury,lithuania,switzerland,10
1065,turin-2022,2022,Points given by the jury,moldova,switzerland,10
1066,turin-2022,2022,Points given by the jury,the netherlands,switzerland,7
1067,turin-2022,2022,Points given by the jury,norway,switzerland,4
1068,turin-2022,2022,Points given by the jury,portugal,switzerland,4
1069,turin-2022,2022,Points given by the jury,slovenia,switzerland,4
1070,turin-2022,2022,Points given by the jury,ukraine,switzerland,6
1071,turin-2022,2022,Points given by televoters,armenia,switzerland,1
1072,turin-2022,2022,Points given by televoters,austria,switzerland,3
1073,turin-2022,2022,Points given by televoters,denmark,switzerland,1
1074,turin-2022,2022,Points given by televoters,iceland,switzerland,1
1075,turin-2022,2022,Points given by televoters,lithuania,switzerland,3
1076,turin-2022,2022,Points given by televoters,the netherlands,switzerland,2
1077,turin-2022,2022,Points given by the jury,albania,iceland,5
1078,turin-2022,2022,Points given by the jury,armenia,iceland,3
1079,turin-2022,2022,Points given by the jury,austria,iceland,2
1080,turin-2022,2022,Points given by the jury,croatia,iceland,4
1081,turin-2022,2022,Points given by the jury,denmark,iceland,4
1082,turin-2022,2022,Points given by the jury,france,iceland,4
1083,turin-2022,2022,Points given by the jury,latvia,iceland,8
1084,turin-2022,2022,Points given by the jury,lithuania,iceland,4
1085,turin-2022,2022,Points given by the jury,moldova,iceland,3
1086,turin-2022,2022,Points given by the jury,the netherlands,iceland,5
1087,turin-2022,2022,Points given by the jury,norway,iceland,2
1088,turin-2022,2022,Points given by the jury,portugal,iceland,10
1089,turin-2022,2022,Points given by the jury,switzerland,iceland,6
1090,turin-2022,2022,Points given by the jury,ukraine,iceland,4
1091,turin-2022,2022,Points given by televoters,denmark,iceland,7
1092,turin-2022,2022,Points given by televoters,france,iceland,3
1093,turin-2022,2022,Points given by televoters,latvia,iceland,5
1094,turin-2022,2022,Points given by televoters,lithuania,iceland,2
1095,turin-2022,2022,Points given by televoters,the netherlands,iceland,4
1096,turin-2022,2022,Points given by televoters,norway,iceland,7
1097,turin-2022,2022,Points given by televoters,portugal,iceland,2
1098,turin-2022,2022,Points given by televoters,switzerland,iceland,1
1099,turin-2022,2022,Points given by televoters,ukraine,iceland,8
1100,turin-2022,2022,Points given by the jury,albania,croatia,3
1101,turin-2022,2022,Points given by the jury,armenia,croatia,4
1102,turin-2022,2022,Points given by the jury,austria,croatia,3
1103,turin-2022,2022,Points given by the jury,bulgaria,croatia,6
1104,turin-2022,2022,Points given by the jury,greece,croatia,8
1105,turin-2022,2022,Points given by the jury,italy,croatia,4
1106,turin-2022,2022,Points given by the jury,the netherlands,croatia,3
1107,turin-2022,2022,Points given by the jury,slovenia,croatia,8
1108,turin-2022,2022,Points given by the jury,ukraine,croatia,3
1109,turin-2022,2022,Points given by televoters,albania,croatia,6
1110,turin-2022,2022,Points given by televoters,austria,croatia,6
1111,turin-2022,2022,Points given by televoters,bulgaria,croatia,2
1112,turin-2022,2022,Points given by televoters,portugal,croatia,1
1113,turin-2022,2022,Points given by televoters,slovenia,croatia,12
1114,turin-2022,2022,Points given by televoters,switzerland,croatia,6
1115,turin-2022,2022,Points given by the jury,greece,albania,12
1116,turin-2022,2022,Points given by televoters,armenia,albania,2
1117,turin-2022,2022,Points given by televoters,austria,albania,2
1118,turin-2022,2022,Points given by televoters,bulgaria,albania,1
1119,turin-2022,2022,Points given by televoters,croatia,albania,2
1120,turin-2022,2022,Points given by televoters,france,albania,5
1121,turin-2022,2022,Points given by televoters,greece,albania,12
1122,turin-2022,2022,Points given by televoters,italy,albania,8
1123,turin-2022,2022,Points given by televoters,slovenia,albania,6
1124,turin-2022,2022,Points given by televoters,switzerland,albania,8
1125,turin-2022,2022,Points given by the jury,austria,denmark,5
1126,turin-2022,2022,Points given by the jury,bulgaria,denmark,2
1127,turin-2022,2022,Points given by the jury,croatia,denmark,3
1128,turin-2022,2022,Points given by the jury,iceland,denmark,1
1129,turin-2022,2022,Points given by the jury,latvia,denmark,6
1130,turin-2022,2022,Points given by the jury,lithuania,denmark,5
1131,turin-2022,2022,Points given by the jury,norway,denmark,3
1132,turin-2022,2022,Points given by the jury,switzerland,denmark,5
1133,turin-2022,2022,Points given by the jury,ukraine,denmark,5
1134,turin-2022,2022,Points given by televoters,iceland,denmark,6
1135,turin-2022,2022,Points given by televoters,latvia,denmark,2
1136,turin-2022,2022,Points given by televoters,lithuania,denmark,1
1137,turin-2022,2022,Points given by televoters,moldova,denmark,3
1138,turin-2022,2022,Points given by televoters,norway,denmark,4
1139,turin-2022,2022,Points given by televoters,portugal,denmark,3
1140,turin-2022,2022,Points given by televoters,slovenia,denmark,1
1141,turin-2022,2022,Points given by the jury,armenia,latvia,2
1142,turin-2022,2022,Points given by the jury,austria,latvia,1
1143,turin-2022,2022,Points given by the jury,bulgaria,latvia,3
1144,turin-2022,2022,Points given by the jury,denmark,latvia,1
1145,turin-2022,2022,Points given by the jury,greece,latvia,4
1146,turin-2022,2022,Points given by the jury,iceland,latvia,4
1147,turin-2022,2022,Points given by the jury,italy,latvia,1
1148,turin-2022,2022,Points given by the jury,lithuania,latvia,2
1149,turin-2022,2022,Points given by the jury,moldova,latvia,4
1150,turin-2022,2022,Points given by the jury,portugal,latvia,12
1151,turin-2022,2022,Points given by the jury,slovenia,latvia,3
1152,turin-2022,2022,Points given by the jury,switzerland,latvia,2
1153,turin-2022,2022,Points given by televoters,lithuania,latvia,10
1154,turin-2022,2022,Points given by televoters,the netherlands,latvia,1
1155,turin-2022,2022,Points given by televoters,ukraine,latvia,5
1156,turin-2022,2022,Points given by the jury,france,austria,1
1157,turin-2022,2022,Points given by the jury,greece,austria,2
1158,turin-2022,2022,Points given by the jury,italy,austria,3
1159,turin-2022,2022,Points given by televoters,albania,austria,4
1160,turin-2022,2022,Points given by televoters,armenia,austria,5
1161,turin-2022,2022,Points given by televoters,croatia,austria,4
1162,turin-2022,2022,Points given by televoters,denmark,austria,2
1163,turin-2022,2022,Points given by televoters,greece,austria,2
1164,turin-2022,2022,Points given by televoters,iceland,austria,4
1165,turin-2022,2022,Points given by televoters,italy,austria,2
1166,turin-2022,2022,Points given by televoters,latvia,austria,1
1167,turin-2022,2022,Points given by televoters,moldova,austria,2
1168,turin-2022,2022,Points given by televoters,norway,austria,3
1169,turin-2022,2022,Points given by televoters,switzerland,austria,4
1170,turin-2022,2022,Points given by televoters,ukraine,austria,3
1171,turin-2022,2022,Points given by the jury,albania,bulgaria,1
1172,turin-2022,2022,Points given by the jury,greece,bulgaria,10
1173,turin-2022,2022,Points given by televoters,albania,bulgaria,12
1174,turin-2022,2022,Points given by televoters,greece,bulgaria,1
1175,turin-2022,2022,Points given by televoters,moldova,bulgaria,5
1176,turin-2022,2022,Points given by the jury,croatia,slovenia,5
1177,turin-2022,2022,Points given by the jury,moldova,slovenia,1
1178,turin-2022,2022,Points given by the jury,the netherlands,slovenia,1
1179,turin-2022,2022,Points given by televoters,croatia,slovenia,8
1180,turin-2022,2022,Points given by the jury,australia,sweden,12
1181,turin-2022,2022,Points given by the jury,azerbaijan,sweden,12
1182,turin-2022,2022,Points given by the jury,belgium,sweden,10
1183,turin-2022,2022,Points given by the jury,cyprus,sweden,12
1184,turin-2022,2022,Points given by the jury,czech republic,sweden,12
1185,turin-2022,2022,Points given by the jury,estonia,sweden,12
1186,turin-2022,2022,Points given by the jury,finland,sweden,12
1187,turin-2022,2022,Points given by the jury,georgia,sweden,12
1188,turin-2022,2022,Points given by the jury,germany,sweden,7
1189,turin-2022,2022,Points given by the jury,ireland,sweden,12
1190,turin-2022,2022,Points given by the jury,israel,sweden,12
1191,turin-2022,2022,Points given by the jury,malta,sweden,12
1192,turin-2022,2022,Points given by the jury,montenegro,sweden,12
1193,turin-2022,2022,Points given by the jury,north macedonia,sweden,7
1194,turin-2022,2022,Points given by the jury,poland,sweden,12
1195,turin-2022,2022,Points given by the jury,romania,sweden,12
1196,turin-2022,2022,Points given by the jury,san marino,sweden,12
1197,turin-2022,2022,Points given by the jury,serbia,sweden,12
1198,turin-2022,2022,Points given by the jury,spain,sweden,6
1199,turin-2022,2022,Points given by the jury,united kingdom,sweden,12
1200,turin-2022,2022,Points given by televoters,australia,sweden,10
1201,turin-2022,2022,Points given by televoters,azerbaijan,sweden,8
1202,turin-2022,2022,Points given by televoters,belgium,sweden,10
1203,turin-2022,2022,Points given by televoters,cyprus,sweden,7
1204,turin-2022,2022,Points given by televoters,czech republic,sweden,6
1205,turin-2022,2022,Points given by televoters,estonia,sweden,10
1206,turin-2022,2022,Points given by televoters,finland,sweden,10
1207,turin-2022,2022,Points given by televoters,georgia,sweden,8
1208,turin-2022,2022,Points given by televoters,germany,sweden,8
1209,turin-2022,2022,Points given by televoters,ireland,sweden,10
1210,turin-2022,2022,Points given by televoters,israel,sweden,12
1211,turin-2022,2022,Points given by televoters,malta,sweden,10
1212,turin-2022,2022,Points given by televoters,montenegro,sweden,6
1213,turin-2022,2022,Points given by televoters,north macedonia,sweden,7
1214,turin-2022,2022,Points given by televoters,poland,sweden,12
1215,turin-2022,2022,Points given by televoters,romania,sweden,12
1216,turin-2022,2022,Points given by televoters,san marino,sweden,10
1217,turin-2022,2022,Points given by televoters,serbia,sweden,5
1218,turin-2022,2022,Points given by televoters,spain,sweden,8
1219,turin-2022,2022,Points given by televoters,united kingdom,sweden,5
1220,turin-2022,2022,Points given by the jury,azerbaijan,australia,10
1221,turin-2022,2022,Points given by the jury,belgium,australia,8
1222,turin-2022,2022,Points given by the jury,cyprus,australia,10
1223,turin-2022,2022,Points given by the jury,czech republic,australia,8
1224,turin-2022,2022,Points given by the jury,estonia,australia,10
1225,turin-2022,2022,Points given by the jury,finland,australia,10
1226,turin-2022,2022,Points given by the jury,georgia,australia,10
1227,turin-2022,2022,Points given by the jury,germany,australia,6
1228,turin-2022,2022,Points given by the jury,ireland,australia,5
1229,turin-2022,2022,Points given by the jury,israel,australia,10
1230,turin-2022,2022,Points given by the jury,malta,australia,10
1231,turin-2022,2022,Points given by the jury,montenegro,australia,10
1232,turin-2022,2022,Points given by the jury,north macedonia,australia,5
1233,turin-2022,2022,Points given by the jury,poland,australia,10
1234,turin-2022,2022,Points given by the jury,romania,australia,10
1235,turin-2022,2022,Points given by the jury,san marino,australia,10
1236,turin-2022,2022,Points given by the jury,serbia,australia,2
1237,turin-2022,2022,Points given by the jury,spain,australia,10
1238,turin-2022,2022,Points given by the jury,sweden,australia,12
1239,turin-2022,2022,Points given by the jury,united kingdom,australia,3
1240,turin-2022,2022,Points given by televoters,azerbaijan,australia,7
1241,turin-2022,2022,Points given by televoters,belgium,australia,3
1242,turin-2022,2022,Points given by televoters,cyprus,australia,4
1243,turin-2022,2022,Points given by televoters,czech republic,australia,5
1244,turin-2022,2022,Points given by televoters,estonia,australia,5
1245,turin-2022,2022,Points given by televoters,finland,australia,6
1246,turin-2022,2022,Points given by televoters,georgia,australia,2
1247,turin-2022,2022,Points given by televoters,germany,australia,3
1248,turin-2022,2022,Points given by televoters,ireland,australia,7
1249,turin-2022,2022,Points given by televoters,israel,australia,6
1250,turin-2022,2022,Points given by televoters,malta,australia,7
1251,turin-2022,2022,Points given by televoters,montenegro,australia,3
1252,turin-2022,2022,Points given by televoters,poland,australia,2
1253,turin-2022,2022,Points given by televoters,romania,australia,3
1254,turin-2022,2022,Points given by televoters,san marino,australia,7
1255,turin-2022,2022,Points given by televoters,sweden,australia,4
1256,turin-2022,2022,Points given by the jury,australia,serbia,4
1257,turin-2022,2022,Points given by the jury,azerbaijan,serbia,3
1258,turin-2022,2022,Points given by the jury,belgium,serbia,2
1259,turin-2022,2022,Points given by the jury,cyprus,serbia,5
1260,turin-2022,2022,Points given by the jury,finland,serbia,8
1261,turin-2022,2022,Points given by the jury,georgia,serbia,2
1262,turin-2022,2022,Points given by the jury,ireland,serbia,7
1263,turin-2022,2022,Points given by the jury,israel,serbia,1
1264,turin-2022,2022,Points given by the jury,montenegro,serbia,7
1265,turin-2022,2022,Points given by the jury,north macedonia,serbia,12
1266,turin-2022,2022,Points given by the jury,san marino,serbia,2
1267,turin-2022,2022,Points given by the jury,spain,serbia,5
1268,turin-2022,2022,Points given by the jury,united kingdom,serbia,5
1269,turin-2022,2022,Points given by televoters,australia,serbia,12
1270,turin-2022,2022,Points given by televoters,belgium,serbia,6
1271,turin-2022,2022,Points given by televoters,cyprus,serbia,12
1272,turin-2022,2022,Points given by televoters,czech republic,serbia,12
1273,turin-2022,2022,Points given by televoters,estonia,serbia,4
1274,turin-2022,2022,Points given by televoters,finland,serbia,8
1275,turin-2022,2022,Points given by televoters,georgia,serbia,12
1276,turin-2022,2022,Points given by televoters,germany,serbia,10
1277,turin-2022,2022,Points given by televoters,ireland,serbia,4
1278,turin-2022,2022,Points given by televoters,israel,serbia,8
1279,turin-2022,2022,Points given by televoters,malta,serbia,12
1280,turin-2022,2022,Points given by televoters,montenegro,serbia,12
1281,turin-2022,2022,Points given by televoters,north macedonia,serbia,12
1282,turin-2022,2022,Points given by televoters,poland,serbia,7
1283,turin-2022,2022,Points given by televoters,romania,serbia,10
1284,turin-2022,2022,Points given by televoters,san marino,serbia,12
1285,turin-2022,2022,Points given by televoters,spain,serbia,5
1286,turin-2022,2022,Points given by televoters,sweden,serbia,10
1287,turin-2022,2022,Points given by televoters,united kingdom,serbia,6
1288,turin-2022,2022,Points given by the jury,australia,czech republic,2
1289,turin-2022,2022,Points given by the jury,azerbaijan,czech republic,6
1290,turin-2022,2022,Points given by the jury,belgium,czech republic,4
1291,turin-2022,2022,Points given by the jury,cyprus,czech republic,4
1292,turin-2022,2022,Points given by the jury,estonia,czech republic,7
1293,turin-2022,2022,Points given by the jury,finland,czech republic,6
1294,turin-2022,2022,Points given by the jury,georgia,czech republic,6
1295,turin-2022,2022,Points given by the jury,ireland,czech republic,10
1296,turin-2022,2022,Points given by the jury,israel,czech republic,6
1297,turin-2022,2022,Points given by the jury,malta,czech republic,7
1298,turin-2022,2022,Points given by the jury,montenegro,czech republic,2
1299,turin-2022,2022,Points given by the jury,poland,czech republic,8
1300,turin-2022,2022,Points given by the jury,romania,czech republic,8
1301,turin-2022,2022,Points given by the jury,san marino,czech republic,6
1302,turin-2022,2022,Points given by the jury,serbia,czech republic,4
1303,turin-2022,2022,Points given by the jury,sweden,czech republic,6
1304,turin-2022,2022,Points given by the jury,united kingdom,czech republic,10
1305,turin-2022,2022,Points given by televoters,australia,czech republic,7
1306,turin-2022,2022,Points given by televoters,azerbaijan,czech republic,2
1307,turin-2022,2022,Points given by televoters,belgium,czech republic,5
1308,turin-2022,2022,Points given by televoters,cyprus,czech republic,5
1309,turin-2022,2022,Points given by televoters,estonia,czech republic,8
1310,turin-2022,2022,Points given by televoters,finland,czech republic,7
1311,turin-2022,2022,Points given by televoters,georgia,czech republic,4
1312,turin-2022,2022,Points given by televoters,germany,czech republic,6
1313,turin-2022,2022,Points given by televoters,ireland,czech republic,8
1314,turin-2022,2022,Points given by televoters,israel,czech republic,10
1315,turin-2022,2022,Points given by televoters,malta,czech republic,2
1316,turin-2022,2022,Points given by televoters,montenegro,czech republic,4
1317,turin-2022,2022,Points given by televoters,north macedonia,czech republic,6
1318,turin-2022,2022,Points given by televoters,poland,czech republic,8
1319,turin-2022,2022,Points given by televoters,romania,czech republic,6
1320,turin-2022,2022,Points given by televoters,san marino,czech republic,6
1321,turin-2022,2022,Points given by televoters,serbia,czech republic,7
1322,turin-2022,2022,Points given by televoters,spain,czech republic,10
1323,turin-2022,2022,Points given by televoters,sweden,czech republic,6
1324,turin-2022,2022,Points given by televoters,united kingdom,czech republic,8
1325,turin-2022,2022,Points given by the jury,australia,estonia,5
1326,turin-2022,2022,Points given by the jury,azerbaijan,estonia,7
1327,turin-2022,2022,Points given by the jury,cyprus,estonia,7
1328,turin-2022,2022,Points given by the jury,czech republic,estonia,7
1329,turin-2022,2022,Points given by the jury,finland,estonia,4
1330,turin-2022,2022,Points given by the jury,georgia,estonia,7
1331,turin-2022,2022,Points given by the jury,germany,estonia,4
1332,turin-2022,2022,Points given by the jury,ireland,estonia,8
1333,turin-2022,2022,Points given by the jury,israel,estonia,3
1334,turin-2022,2022,Points given by the jury,malta,estonia,8
1335,turin-2022,2022,Points given by the jury,montenegro,estonia,6
1336,turin-2022,2022,Points given by the jury,north macedonia,estonia,2
1337,turin-2022,2022,Points given by the jury,poland,estonia,7
1338,turin-2022,2022,Points given by the jury,romania,estonia,7
1339,turin-2022,2022,Points given by the jury,san marino,estonia,7
1340,turin-2022,2022,Points given by the jury,serbia,estonia,10
1341,turin-2022,2022,Points given by the jury,sweden,estonia,10
1342,turin-2022,2022,Points given by the jury,united kingdom,estonia,4
1343,turin-2022,2022,Points given by televoters,australia,estonia,3
1344,turin-2022,2022,Points given by televoters,belgium,estonia,7
1345,turin-2022,2022,Points given by televoters,cyprus,estonia,3
1346,turin-2022,2022,Points given by televoters,czech republic,estonia,8
1347,turin-2022,2022,Points given by televoters,finland,estonia,12
1348,turin-2022,2022,Points given by televoters,georgia,estonia,7
1349,turin-2022,2022,Points given by televoters,germany,estonia,4
1350,turin-2022,2022,Points given by televoters,ireland,estonia,6
1351,turin-2022,2022,Points given by televoters,israel,estonia,4
1352,turin-2022,2022,Points given by televoters,montenegro,estonia,7
1353,turin-2022,2022,Points given by televoters,north macedonia,estonia,1
1354,turin-2022,2022,Points given by televoters,poland,estonia,10
1355,turin-2022,2022,Points given by televoters,romania,estonia,8
1356,turin-2022,2022,Points given by televoters,serbia,estonia,4
1357,turin-2022,2022,Points given by televoters,spain,estonia,2
1358,turin-2022,2022,Points given by televoters,sweden,estonia,8
1359,turin-2022,2022,Points given by televoters,united kingdom,estonia,2
1360,turin-2022,2022,Points given by the jury,azerbaijan,poland,8
1361,turin-2022,2022,Points given by the jury,belgium,poland,6
1362,turin-2022,2022,Points given by the jury,cyprus,poland,8
1363,turin-2022,2022,Points given by the jury,czech republic,poland,3
1364,turin-2022,2022,Points given by the jury,finland,poland,1
1365,turin-2022,2022,Points given by the jury,georgia,poland,8
1366,turin-2022,2022,Points given by the jury,israel,poland,8
1367,turin-2022,2022,Points given by the jury,malta,poland,6
1368,turin-2022,2022,Points given by the jury,montenegro,poland,3
1369,turin-2022,2022,Points given by the jury,north macedonia,poland,8
1370,turin-2022,2022,Points given by the jury,san marino,poland,8
1371,turin-2022,2022,Points given by the jury,serbia,poland,3
1372,turin-2022,2022,Points given by the jury,spain,poland,7
1373,turin-2022,2022,Points given by the jury,sweden,poland,1
1374,turin-2022,2022,Points given by the jury,united kingdom,poland,6
1375,turin-2022,2022,Points given by televoters,australia,poland,6
1376,turin-2022,2022,Points given by televoters,azerbaijan,poland,1
1377,turin-2022,2022,Points given by televoters,belgium,poland,12
1378,turin-2022,2022,Points given by televoters,cyprus,poland,8
1379,turin-2022,2022,Points given by televoters,czech republic,poland,7
1380,turin-2022,2022,Points given by televoters,estonia,poland,6
1381,turin-2022,2022,Points given by televoters,finland,poland,5
1382,turin-2022,2022,Points given by televoters,georgia,poland,3
1383,turin-2022,2022,Points given by televoters,germany,poland,12
1384,turin-2022,2022,Points given by televoters,ireland,poland,12
1385,turin-2022,2022,Points given by televoters,israel,poland,7
1386,turin-2022,2022,Points given by televoters,malta,poland,4
1387,turin-2022,2022,Points given by televoters,montenegro,poland,2
1388,turin-2022,2022,Points given by televoters,north macedonia,poland,2
1389,turin-2022,2022,Points given by televoters,romania,poland,1
1390,turin-2022,2022,Points given by televoters,san marino,poland,5
1391,turin-2022,2022,Points given by televoters,spain,poland,4
1392,turin-2022,2022,Points given by televoters,sweden,poland,7
1393,turin-2022,2022,Points given by televoters,united kingdom,poland,10
1394,turin-2022,2022,Points given by the jury,azerbaijan,finland,4
1395,turin-2022,2022,Points given by the jury,belgium,finland,5
1396,turin-2022,2022,Points given by the jury,cyprus,finland,2
1397,turin-2022,2022,Points given by the jury,czech republic,finland,2
1398,turin-2022,2022,Points given by the jury,estonia,finland,8
1399,turin-2022,2022,Points given by the jury,georgia,finland,3
1400,turin-2022,2022,Points given by the jury,germany,finland,1
1401,turin-2022,2022,Points given by the jury,israel,finland,5
1402,turin-2022,2022,Points given by the jury,malta,finland,3
1403,turin-2022,2022,Points given by the jury,montenegro,finland,4
1404,turin-2022,2022,Points given by the jury,north macedonia,finland,4
1405,turin-2022,2022,Points given by the jury,poland,finland,4
1406,turin-2022,2022,Points given by the jury,romania,finland,4
1407,turin-2022,2022,Points given by the jury,san marino,finland,3
1408,turin-2022,2022,Points given by the jury,serbia,finland,5
1409,turin-2022,2022,Points given by the jury,spain,finland,2
1410,turin-2022,2022,Points given by the jury,sweden,finland,4
1411,turin-2022,2022,Points given by televoters,australia,finland,2
1412,turin-2022,2022,Points given by televoters,azerbaijan,finland,5
1413,turin-2022,2022,Points given by televoters,belgium,finland,4
1414,turin-2022,2022,Points given by televoters,cyprus,finland,2
1415,turin-2022,2022,Points given by televoters,czech republic,finland,10
1416,turin-2022,2022,Points given by televoters,estonia,finland,12
1417,turin-2022,2022,Points given by televoters,georgia,finland,6
1418,turin-2022,2022,Points given by televoters,germany,finland,7
1419,turin-2022,2022,Points given by televoters,ireland,finland,1
1420,turin-2022,2022,Points given by televoters,malta,finland,6
1421,turin-2022,2022,Points given by televoters,north macedonia,finland,8
1422,turin-2022,2022,Points given by televoters,poland,finland,6
1423,turin-2022,2022,Points given by televoters,romania,finland,4
1424,turin-2022,2022,Points given by televoters,san marino,finland,3
1425,turin-2022,2022,Points given by televoters,serbia,finland,1
1426,turin-2022,2022,Points given by televoters,spain,finland,6
1427,turin-2022,2022,Points given by televoters,sweden,finland,12
1428,turin-2022,2022,Points given by televoters,united kingdom,finland,4
1429,turin-2022,2022,Points given by the jury,australia,belgium,8
1430,turin-2022,2022,Points given by the jury,azerbaijan,belgium,5
1431,turin-2022,2022,Points given by the jury,cyprus,belgium,3
1432,turin-2022,2022,Points given by the jury,czech republic,belgium,6
1433,turin-2022,2022,Points given by the jury,estonia,belgium,5
1434,turin-2022,2022,Points given by the jury,georgia,belgium,5
1435,turin-2022,2022,Points given by the jury,germany,belgium,5
1436,turin-2022,2022,Points given by the jury,ireland,belgium,2
1437,turin-2022,2022,Points given by the jury,israel,belgium,7
1438,turin-2022,2022,Points given by the jury,montenegro,belgium,8
1439,turin-2022,2022,Points given by the jury,north macedonia,belgium,10
1440,turin-2022,2022,Points given by the jury,poland,belgium,6
1441,turin-2022,2022,Points given by the jury,romania,belgium,6
1442,turin-2022,2022,Points given by the jury,san marino,belgium,5
1443,turin-2022,2022,Points given by the jury,serbia,belgium,6
1444,turin-2022,2022,Points given by the jury,spain,belgium,8
1445,turin-2022,2022,Points given by the jury,sweden,belgium,8
1446,turin-2022,2022,Points given by the jury,united kingdom,belgium,2
1447,turin-2022,2022,Points given by televoters,azerbaijan,belgium,4
1448,turin-2022,2022,Points given by televoters,cyprus,belgium,6
1449,turin-2022,2022,Points given by televoters,estonia,belgium,7
1450,turin-2022,2022,Points given by televoters,finland,belgium,1
1451,turin-2022,2022,Points given by televoters,germany,belgium,1
1452,turin-2022,2022,Points given by televoters,ireland,belgium,2
1453,turin-2022,2022,Points given by televoters,israel,belgium,1
1454,turin-2022,2022,Points given by televoters,montenegro,belgium,5
1455,turin-2022,2022,Points given by televoters,north macedonia,belgium,4
1456,turin-2022,2022,Points given by televoters,poland,belgium,1
1457,turin-2022,2022,Points given by televoters,romania,belgium,5
1458,turin-2022,2022,Points given by televoters,san marino,belgium,1
1459,turin-2022,2022,Points given by televoters,serbia,belgium,3
1460,turin-2022,2022,Points given by televoters,sweden,belgium,5
1461,turin-2022,2022,Points given by the jury,estonia,romania,2
1462,turin-2022,2022,Points given by the jury,germany,romania,8
1463,turin-2022,2022,Points given by the jury,israel,romania,4
1464,turin-2022,2022,Points given by the jury,spain,romania,4
1465,turin-2022,2022,Points given by televoters,australia,romania,4
1466,turin-2022,2022,Points given by televoters,azerbaijan,romania,6
1467,turin-2022,2022,Points given by televoters,belgium,romania,8
1468,turin-2022,2022,Points given by televoters,cyprus,romania,10
1469,turin-2022,2022,Points given by televoters,czech republic,romania,4
1470,turin-2022,2022,Points given by televoters,estonia,romania,2
1471,turin-2022,2022,Points given by televoters,finland,romania,3
1472,turin-2022,2022,Points given by televoters,georgia,romania,5
1473,turin-2022,2022,Points given by televoters,germany,romania,5
1474,turin-2022,2022,Points given by televoters,ireland,romania,5
1475,turin-2022,2022,Points given by televoters,israel,romania,2
1476,turin-2022,2022,Points given by televoters,malta,romania,5
1477,turin-2022,2022,Points given by televoters,poland,romania,5
1478,turin-2022,2022,Points given by televoters,san marino,romania,8
1479,turin-2022,2022,Points given by televoters,serbia,romania,6
1480,turin-2022,2022,Points given by televoters,spain,romania,12
1481,turin-2022,2022,Points given by televoters,sweden,romania,3
1482,turin-2022,2022,Points given by televoters,united kingdom,romania,7
1483,turin-2022,2022,Points given by the jury,australia,azerbaijan,3
1484,turin-2022,2022,Points given by the jury,belgium,azerbaijan,3
1485,turin-2022,2022,Points given by the jury,cyprus,azerbaijan,6
1486,turin-2022,2022,Points given by the jury,czech republic,azerbaijan,4
1487,turin-2022,2022,Points given by the jury,estonia,azerbaijan,6
1488,turin-2022,2022,Points given by the jury,finland,azerbaijan,7
1489,turin-2022,2022,Points given by the jury,georgia,azerbaijan,4
1490,turin-2022,2022,Points given by the jury,germany,azerbaijan,10
1491,turin-2022,2022,Points given by the jury,malta,azerbaijan,4
1492,turin-2022,2022,Points given by the jury,montenegro,azerbaijan,5
1493,turin-2022,2022,Points given by the jury,north macedonia,azerbaijan,1
1494,turin-2022,2022,Points given by the jury,poland,azerbaijan,3
1495,turin-2022,2022,Points given by the jury,romania,azerbaijan,3
1496,turin-2022,2022,Points given by the jury,san marino,azerbaijan,4
1497,turin-2022,2022,Points given by the jury,serbia,azerbaijan,8
1498,turin-2022,2022,Points given by the jury,spain,azerbaijan,12
1499,turin-2022,2022,Points given by the jury,sweden,azerbaijan,5
1500,turin-2022,2022,Points given by the jury,united kingdom,azerbaijan,8
1501,turin-2022,2022,Points given by the jury,australia,north macedonia,7
1502,turin-2022,2022,Points given by the jury,czech republic,north macedonia,10
1503,turin-2022,2022,Points given by the jury,finland,north macedonia,2
1504,turin-2022,2022,Points given by the jury,germany,north macedonia,12
1505,turin-2022,2022,Points given by the jury,ireland,north macedonia,1
1506,turin-2022,2022,Points given by the jury,malta,north macedonia,5
1507,turin-2022,2022,Points given by the jury,montenegro,north macedonia,1
1508,turin-2022,2022,Points given by the jury,poland,north macedonia,5
1509,turin-2022,2022,Points given by the jury,romania,north macedonia,5
1510,turin-2022,2022,Points given by the jury,serbia,north macedonia,1
1511,turin-2022,2022,Points given by the jury,united kingdom,north macedonia,7
1512,turin-2022,2022,Points given by televoters,czech republic,north macedonia,2
1513,turin-2022,2022,Points given by televoters,montenegro,north macedonia,10
1514,turin-2022,2022,Points given by televoters,serbia,north macedonia,8
1515,turin-2022,2022,Points given by the jury,finland,cyprus,3
1516,turin-2022,2022,Points given by the jury,ireland,cyprus,4
1517,turin-2022,2022,Points given by the jury,sweden,cyprus,2
1518,turin-2022,2022,Points given by televoters,azerbaijan,cyprus,12
1519,turin-2022,2022,Points given by televoters,georgia,cyprus,1
1520,turin-2022,2022,Points given by televoters,malta,cyprus,1
1521,turin-2022,2022,Points given by televoters,montenegro,cyprus,8
1522,turin-2022,2022,Points given by televoters,north macedonia,cyprus,5
1523,turin-2022,2022,Points given by televoters,poland,cyprus,3
1524,turin-2022,2022,Points given by televoters,romania,cyprus,7
1525,turin-2022,2022,Points given by televoters,san marino,cyprus,4
1526,turin-2022,2022,Points given by televoters,serbia,cyprus,10
1527,turin-2022,2022,Points given by televoters,spain,cyprus,1
1528,turin-2022,2022,Points given by televoters,sweden,cyprus,1
1529,turin-2022,2022,Points given by televoters,united kingdom,cyprus,1
1530,turin-2022,2022,Points given by the jury,australia,israel,10
1531,turin-2022,2022,Points given by the jury,azerbaijan,israel,1
1532,turin-2022,2022,Points given by the jury,belgium,israel,7
1533,turin-2022,2022,Points given by the jury,germany,israel,2
1534,turin-2022,2022,Points given by the jury,ireland,israel,3
1535,turin-2022,2022,Points given by the jury,malta,israel,2
1536,turin-2022,2022,Points given by the jury,poland,israel,1
1537,turin-2022,2022,Points given by the jury,romania,israel,1
1538,turin-2022,2022,Points given by the jury,spain,israel,3
1539,turin-2022,2022,Points given by the jury,sweden,israel,3
1540,turin-2022,2022,Points given by the jury,united kingdom,israel,1
1541,turin-2022,2022,Points given by televoters,azerbaijan,israel,10
1542,turin-2022,2022,Points given by televoters,czech republic,israel,3
1543,turin-2022,2022,Points given by televoters,georgia,israel,10
1544,turin-2022,2022,Points given by televoters,germany,israel,2
1545,turin-2022,2022,Points given by televoters,san marino,israel,2
1546,turin-2022,2022,Points given by the jury,belgium,san marino,12
1547,turin-2022,2022,Points given by the jury,finland,san marino,5
1548,turin-2022,2022,Points given by the jury,poland,san marino,2
1549,turin-2022,2022,Points given by the jury,romania,san marino,2
1550,turin-2022,2022,Points given by televoters,australia,san marino,5
1551,turin-2022,2022,Points given by televoters,finland,san marino,4
1552,turin-2022,2022,Points given by televoters,malta,san marino,8
1553,turin-2022,2022,Points given by televoters,poland,san marino,4
1554,turin-2022,2022,Points given by televoters,romania,san marino,2
1555,turin-2022,2022,Points given by televoters,spain,san marino,3
1556,turin-2022,2022,Points given by televoters,united kingdom,san marino,3
1557,turin-2022,2022,Points given by the jury,australia,ireland,6
1558,turin-2022,2022,Points given by the jury,belgium,ireland,1
1559,turin-2022,2022,Points given by the jury,cyprus,ireland,1
1560,turin-2022,2022,Points given by the jury,estonia,ireland,4
1561,turin-2022,2022,Points given by televoters,australia,ireland,8
1562,turin-2022,2022,Points given by televoters,belgium,ireland,1
1563,turin-2022,2022,Points given by televoters,czech republic,ireland,1
1564,turin-2022,2022,Points given by televoters,israel,ireland,3
1565,turin-2022,2022,Points given by televoters,malta,ireland,3
1566,turin-2022,2022,Points given by televoters,spain,ireland,7
1567,turin-2022,2022,Points given by televoters,united kingdom,ireland,12
1568,turin-2022,2022,Points given by the jury,azerbaijan,malta,2
1569,turin-2022,2022,Points given by the jury,czech republic,malta,1
1570,turin-2022,2022,Points given by the jury,estonia,malta,1
1571,turin-2022,2022,Points given by the jury,georgia,malta,1
1572,turin-2022,2022,Points given by the jury,ireland,malta,6
1573,turin-2022,2022,Points given by the jury,israel,malta,2
1574,turin-2022,2022,Points given by the jury,north macedonia,malta,6
1575,turin-2022,2022,Points given by the jury,san marino,malta,1
1576,turin-2022,2022,Points given by the jury,sweden,malta,7
1577,turin-2022,2022,Points given by televoters,azerbaijan,malta,3
1578,turin-2022,2022,Points given by televoters,belgium,malta,2
1579,turin-2022,2022,Points given by televoters,cyprus,malta,1
1580,turin-2022,2022,Points given by televoters,estonia,malta,3
1581,turin-2022,2022,Points given by televoters,ireland,malta,3
1582,turin-2022,2022,Points given by televoters,montenegro,malta,1
1583,turin-2022,2022,Points given by televoters,north macedonia,malta,3
1584,turin-2022,2022,Points given by televoters,serbia,malta,2
1585,turin-2022,2022,Points given by televoters,sweden,malta,2
1586,turin-2022,2022,Points given by the jury,north macedonia,montenegro,3
1587,turin-2022,2022,Points given by the jury,serbia,montenegro,7
1588,turin-2022,2022,Points given by the jury,spain,montenegro,1
1589,turin-2022,2022,Points given by televoters,north macedonia,montenegro,10
1590,turin-2022,2022,Points given by televoters,serbia,montenegro,12
1591,turin-2022,2022,Points given by the jury,australia,georgia,1
1592,turin-2022,2022,Points given by the jury,czech republic,georgia,5
1593,turin-2022,2022,Points given by the jury,estonia,georgia,3
1594,turin-2022,2022,Points given by the jury,germany,georgia,3
1595,turin-2022,2022,Points given by the jury,malta,georgia,1
1596,turin-2022,2022,Points given by televoters,australia,georgia,1
1597,turin-2022,2022,Points given by televoters,estonia,georgia,1
1598,turin-2022,2022,Points given by televoters,finland,georgia,2
1599,turin-2022,2022,Points given by televoters,israel,georgia,5
1600,liverpool-2023,2023,Points given by the jury,albania,sweden,12
1601,liverpool-2023,2023,Points given by the jury,armenia,sweden,10
1602,liverpool-2023,2023,Points given by the jury,australia,sweden,7
1603,liverpool-2023,2023,Points given by the jury,austria,sweden,10
1604,liverpool-2023,2023,Points given by the jury,azerbaijan,sweden,10
1605,liverpool-2023,2023,Points given by the jury,belgium,sweden,8
1606,liverpool-2023,2023,Points given by the jury,croatia,sweden,10
1607,liverpool-2023,2023,Points given by the jury,cyprus,sweden,12
1608,liverpool-2023,2023,Points given by the jury,czech republic,sweden,10
1609,liverpool-2023,2023,Points given by the jury,denmark,sweden,12
1610,liverpool-2023,2023,Points given by the jury,estonia,sweden,12
1611,liverpool-2023,2023,Points given by the jury,finland,sweden,12
1612,liverpool-2023,2023,Points given by the jury,france,sweden,6
1613,liverpool-2023,2023,Points given by the jury,georgia,sweden,4
1614,liverpool-2023,2023,Points given by the jury,germany,sweden,12
1615,liverpool-2023,2023,Points given by the jury,greece,sweden,6
1616,liverpool-2023,2023,Points given by the jury,iceland,sweden,7
1617,liverpool-2023,2023,Points given by the jury,ireland,sweden,12
1618,liverpool-2023,2023,Points given by the jury,israel,sweden,12
1619,liverpool-2023,2023,Points given by the jury,italy,sweden,8
1620,liverpool-2023,2023,Points given by the jury,latvia,sweden,10
1621,liverpool-2023,2023,Points given by the jury,lithuania,sweden,12
1622,liverpool-2023,2023,Points given by the jury,malta,sweden,12
1623,liverpool-2023,2023,Points given by the jury,moldova,sweden,12
1624,liverpool-2023,2023,Points given by the jury,the netherlands,sweden,12
1625,liverpool-2023,2023,Points given by the jury,norway,sweden,10
1626,liverpool-2023,2023,Points given by the jury,poland,sweden,7
1627,liverpool-2023,2023,Points given by the jury,portugal,sweden,5
1628,liverpool-2023,2023,Points given by the jury,romania,sweden,10
1629,liverpool-2023,2023,Points given by the jury,san marino,sweden,4
1630,liverpool-2023,2023,Points given by the jury,serbia,sweden,5
1631,liverpool-2023,2023,Points given by the jury,slovenia,sweden,7
1632,liverpool-2023,2023,Points given by the jury,spain,sweden,12
1633,liverpool-2023,2023,Points given by the jury,switzerland,sweden,6
1634,liverpool-2023,2023,Points given by the jury,ukraine,sweden,12
1635,liverpool-2023,2023,Points given by the jury,united kingdom,sweden,12
1636,liverpool-2023,2023,Points given by televoters,albania,sweden,10
1637,liverpool-2023,2023,Points given by televoters,armenia,sweden,7
1638,liverpool-2023,2023,Points given by televoters,australia,sweden,10
1639,liverpool-2023,2023,Points given by televoters,austria,sweden,4
1640,liverpool-2023,2023,Points given by televoters,azerbaijan,sweden,10
1641,liverpool-2023,2023,Points given by televoters,belgium,sweden,10
1642,liverpool-2023,2023,Points given by televoters,croatia,sweden,2
1643,liverpool-2023,2023,Points given by televoters,cyprus,sweden,8
1644,liverpool-2023,2023,Points given by televoters,czech republic,sweden,6
1645,liverpool-2023,2023,Points given by televoters,denmark,sweden,8
1646,liverpool-2023,2023,Points given by televoters,estonia,sweden,10
1647,liverpool-2023,2023,Points given by televoters,france,sweden,3
1648,liverpool-2023,2023,Points given by televoters,georgia,sweden,7
1649,liverpool-2023,2023,Points given by televoters,germany,sweden,1
1650,liverpool-2023,2023,Points given by televoters,greece,sweden,8
1651,liverpool-2023,2023,Points given by televoters,iceland,sweden,10
1652,liverpool-2023,2023,Points given by televoters,ireland,sweden,6
1653,liverpool-2023,2023,Points given by televoters,israel,sweden,4
1654,liverpool-2023,2023,Points given by televoters,italy,sweden,3
1655,liverpool-2023,2023,Points given by televoters,latvia,sweden,8
1656,liverpool-2023,2023,Points given by televoters,lithuania,sweden,7
1657,liverpool-2023,2023,Points given by televoters,malta,sweden,10
1658,liverpool-2023,2023,Points given by televoters,moldova,sweden,8
1659,liverpool-2023,2023,Points given by televoters,the netherlands,sweden,8
1660,liverpool-2023,2023,Points given by televoters,norway,sweden,10
1661,liverpool-2023,2023,Points given by televoters,poland,sweden,7
1662,liverpool-2023,2023,Points given by televoters,portugal,sweden,7
1663,liverpool-2023,2023,Points given by televoters,romania,sweden,8
1664,liverpool-2023,2023,Points given by televoters,san marino,sweden,8
1665,liverpool-2023,2023,Points given by televoters,serbia,sweden,6
1666,liverpool-2023,2023,Points given by televoters,slovenia,sweden,4
1667,liverpool-2023,2023,Points given by televoters,spain,sweden,5
1668,liverpool-2023,2023,Points given by televoters,switzerland,sweden,5
1669,liverpool-2023,2023,Points given by televoters,ukraine,sweden,3
1670,liverpool-2023,2023,Points given by televoters,united kingdom,sweden,5
1671,liverpool-2023,2023,Points given by the jury,armenia,finland,8
1672,liverpool-2023,2023,Points given by the jury,australia,finland,5
1673,liverpool-2023,2023,Points given by the jury,austria,finland,8
1674,liverpool-2023,2023,Points given by the jury,azerbaijan,finland,3
1675,liverpool-2023,2023,Points given by the jury,belgium,finland,5
1676,liverpool-2023,2023,Points given by the jury,croatia,finland,7
1677,liverpool-2023,2023,Points given by the jury,cyprus,finland,3
1678,liverpool-2023,2023,Points given by the jury,czech republic,finland,5
1679,liverpool-2023,2023,Points given by the jury,denmark,finland,8
1680,liverpool-2023,2023,Points given by the jury,estonia,finland,10
1681,liverpool-2023,2023,Points given by the jury,france,finland,8
1682,liverpool-2023,2023,Points given by the jury,georgia,finland,1
1683,liverpool-2023,2023,Points given by the jury,iceland,finland,10
1684,liverpool-2023,2023,Points given by the jury,ireland,finland,8
1685,liverpool-2023,2023,Points given by the jury,israel,finland,8
1686,liverpool-2023,2023,Points given by the jury,lithuania,finland,3
1687,liverpool-2023,2023,Points given by the jury,malta,finland,8
1688,liverpool-2023,2023,Points given by the jury,the netherlands,finland,10
1689,liverpool-2023,2023,Points given by the jury,norway,finland,12
1690,liverpool-2023,2023,Points given by the jury,serbia,finland,7
1691,liverpool-2023,2023,Points given by the jury,spain,finland,1
1692,liverpool-2023,2023,Points given by the jury,sweden,finland,12
1693,liverpool-2023,2023,Points given by televoters,albania,finland,6
1694,liverpool-2023,2023,Points given by televoters,armenia,finland,6
1695,liverpool-2023,2023,Points given by televoters,australia,finland,12
1696,liverpool-2023,2023,Points given by televoters,austria,finland,12
1697,liverpool-2023,2023,Points given by televoters,azerbaijan,finland,8
1698,liverpool-2023,2023,Points given by televoters,belgium,finland,12
1699,liverpool-2023,2023,Points given by televoters,croatia,finland,10
1700,liverpool-2023,2023,Points given by televoters,cyprus,finland,7
1701,liverpool-2023,2023,Points given by televoters,czech republic,finland,10
1702,liverpool-2023,2023,Points given by televoters,denmark,finland,12
1703,liverpool-2023,2023,Points given by televoters,estonia,finland,12
1704,liverpool-2023,2023,Points given by televoters,france,finland,6
1705,liverpool-2023,2023,Points given by televoters,georgia,finland,8
1706,liverpool-2023,2023,Points given by televoters,germany,finland,12
1707,liverpool-2023,2023,Points given by televoters,greece,finland,10
1708,liverpool-2023,2023,Points given by televoters,iceland,finland,12
1709,liverpool-2023,2023,Points given by televoters,ireland,finland,12
1710,liverpool-2023,2023,Points given by televoters,israel,finland,12
1711,liverpool-2023,2023,Points given by televoters,italy,finland,6
1712,liverpool-2023,2023,Points given by televoters,latvia,finland,12
1713,liverpool-2023,2023,Points given by televoters,lithuania,finland,12
1714,liverpool-2023,2023,Points given by televoters,malta,finland,8
1715,liverpool-2023,2023,Points given by televoters,moldova,finland,7
1716,liverpool-2023,2023,Points given by televoters,the netherlands,finland,12
1717,liverpool-2023,2023,Points given by televoters,norway,finland,12
1718,liverpool-2023,2023,Points given by televoters,poland,finland,10
1719,liverpool-2023,2023,Points given by televoters,portugal,finland,10
1720,liverpool-2023,2023,Points given by televoters,romania,finland,10
1721,liverpool-2023,2023,Points given by televoters,san marino,finland,12
1722,liverpool-2023,2023,Points given by televoters,serbia,finland,12
1723,liverpool-2023,2023,Points given by televoters,slovenia,finland,10
1724,liverpool-2023,2023,Points given by televoters,spain,finland,12
1725,liverpool-2023,2023,Points given by televoters,sweden,finland,12
1726,liverpool-2023,2023,Points given by televoters,switzerland,finland,8
1727,liverpool-2023,2023,Points given by televoters,ukraine,finland,10
1728,liverpool-2023,2023,Points given by televoters,united kingdom,finland,12
1729,liverpool-2023,2023,Points given by the jury,albania,israel,6
1730,liverpool-2023,2023,Points given by the jury,armenia,israel,12
1731,liverpool-2023,2023,Points given by the jury,azerbaijan,israel,12
1732,liverpool-2023,2023,Points given by the jury,belgium,israel,10
1733,liverpool-2023,2023,Points given by the jury,croatia,israel,8
1734,liverpool-2023,2023,Points given by the jury,cyprus,israel,7
1735,liverpool-2023,2023,Points given by the jury,estonia,israel,4
1736,liverpool-2023,2023,Points given by the jury,france,israel,12
1737,liverpool-2023,2023,Points given by the jury,georgia,israel,7
1738,liverpool-2023,2023,Points given by the jury,greece,israel,8
1739,liverpool-2023,2023,Points given by the jury,ireland,israel,7
1740,liverpool-2023,2023,Points given by the jury,italy,israel,12
1741,liverpool-2023,2023,Points given by the jury,latvia,israel,5
1742,liverpool-2023,2023,Points given by the jury,lithuania,israel,10
1743,liverpool-2023,2023,Points given by the jury,malta,israel,7
1744,liverpool-2023,2023,Points given by the jury,the netherlands,israel,2
1745,liverpool-2023,2023,Points given by the jury,norway,israel,3
1746,liverpool-2023,2023,Points given by the jury,poland,israel,12
1747,liverpool-2023,2023,Points given by the jury,romania,israel,4
1748,liverpool-2023,2023,Points given by the jury,serbia,israel,10
1749,liverpool-2023,2023,Points given by the jury,spain,israel,8
1750,liverpool-2023,2023,Points given by the jury,sweden,israel,5
1751,liverpool-2023,2023,Points given by the jury,switzerland,israel,1
1752,liverpool-2023,2023,Points given by the jury,ukraine,israel,1
1753,liverpool-2023,2023,Points given by the jury,united kingdom,israel,4
1754,liverpool-2023,2023,Points given by televoters,albania,israel,5
1755,liverpool-2023,2023,Points given by televoters,armenia,israel,12
1756,liverpool-2023,2023,Points given by televoters,australia,israel,5
1757,liverpool-2023,2023,Points given by televoters,austria,israel,1
1758,liverpool-2023,2023,Points given by televoters,azerbaijan,israel,12
1759,liverpool-2023,2023,Points given by televoters,belgium,israel,5
1760,liverpool-2023,2023,Points given by televoters,croatia,israel,4
1761,liverpool-2023,2023,Points given by televoters,cyprus,israel,12
1762,liverpool-2023,2023,Points given by televoters,czech republic,israel,8
1763,liverpool-2023,2023,Points given by televoters,france,israel,10
1764,liverpool-2023,2023,Points given by televoters,georgia,israel,6
1765,liverpool-2023,2023,Points given by televoters,greece,israel,7
1766,liverpool-2023,2023,Points given by televoters,ireland,israel,1
1767,liverpool-2023,2023,Points given by televoters,italy,israel,5
1768,liverpool-2023,2023,Points given by televoters,latvia,israel,5
1769,liverpool-2023,2023,Points given by televoters,lithuania,israel,3
1770,liverpool-2023,2023,Points given by televoters,malta,israel,6
1771,liverpool-2023,2023,Points given by televoters,moldova,israel,10
1772,liverpool-2023,2023,Points given by televoters,the netherlands,israel,6
1773,liverpool-2023,2023,Points given by televoters,norway,israel,3
1774,liverpool-2023,2023,Points given by televoters,poland,israel,5
1775,liverpool-2023,2023,Points given by televoters,portugal,israel,5
1776,liverpool-2023,2023,Points given by televoters,romania,israel,6
1777,liverpool-2023,2023,Points given by televoters,san marino,israel,10
1778,liverpool-2023,2023,Points given by televoters,serbia,israel,7
1779,liverpool-2023,2023,Points given by televoters,spain,israel,7
1780,liverpool-2023,2023,Points given by televoters,switzerland,israel,3
1781,liverpool-2023,2023,Points given by televoters,ukraine,israel,1
1782,liverpool-2023,2023,Points given by televoters,united kingdom,israel,3
1783,liverpool-2023,2023,Points given by the jury,albania,italy,2
1784,liverpool-2023,2023,Points given by the jury,australia,italy,1
1785,liverpool-2023,2023,Points given by the jury,austria,italy,12
1786,liverpool-2023,2023,Points given by the jury,azerbaijan,italy,6
1787,liverpool-2023,2023,Points given by the jury,belgium,italy,7
1788,liverpool-2023,2023,Points given by the jury,croatia,italy,12
1789,liverpool-2023,2023,Points given by the jury,cyprus,italy,5
1790,liverpool-2023,2023,Points given by the jury,czech republic,italy,4
1791,liverpool-2023,2023,Points given by the jury,estonia,italy,5
1792,liverpool-2023,2023,Points given by the jury,finland,italy,6
1793,liverpool-2023,2023,Points given by the jury,france,italy,2
1794,liverpool-2023,2023,Points given by the jury,georgia,italy,8
1795,liverpool-2023,2023,Points given by the jury,germany,italy,4
1796,liverpool-2023,2023,Points given by the jury,latvia,italy,3
1797,liverpool-2023,2023,Points given by the jury,malta,italy,10
1798,liverpool-2023,2023,Points given by the jury,moldova,italy,10
1799,liverpool-2023,2023,Points given by the jury,norway,italy,6
1800,liverpool-2023,2023,Points given by the jury,poland,italy,6
1801,liverpool-2023,2023,Points given by the jury,romania,italy,12
1802,liverpool-2023,2023,Points given by the jury,san marino,italy,12
1803,liverpool-2023,2023,Points given by the jury,serbia,italy,2
1804,liverpool-2023,2023,Points given by the jury,slovenia,italy,12
1805,liverpool-2023,2023,Points given by the jury,spain,italy,10
1806,liverpool-2023,2023,Points given by the jury,sweden,italy,7
1807,liverpool-2023,2023,Points given by the jury,switzerland,italy,8
1808,liverpool-2023,2023,Points given by the jury,ukraine,italy,2
1809,liverpool-2023,2023,Points given by the jury,united kingdom,italy,2
1810,liverpool-2023,2023,Points given by televoters,albania,italy,12
1811,liverpool-2023,2023,Points given by televoters,armenia,italy,3
1812,liverpool-2023,2023,Points given by televoters,austria,italy,8
1813,liverpool-2023,2023,Points given by televoters,azerbaijan,italy,4
1814,liverpool-2023,2023,Points given by televoters,belgium,italy,7
1815,liverpool-2023,2023,Points given by televoters,croatia,italy,8
1816,liverpool-2023,2023,Points given by televoters,cyprus,italy,6
1817,liverpool-2023,2023,Points given by televoters,czech republic,italy,1
1818,liverpool-2023,2023,Points given by televoters,denmark,italy,3
1819,liverpool-2023,2023,Points given by televoters,estonia,italy,2
1820,liverpool-2023,2023,Points given by televoters,france,italy,7
1821,liverpool-2023,2023,Points given by televoters,georgia,italy,5
1822,liverpool-2023,2023,Points given by televoters,germany,italy,10
1823,liverpool-2023,2023,Points given by televoters,greece,italy,5
1824,liverpool-2023,2023,Points given by televoters,iceland,italy,1
1825,liverpool-2023,2023,Points given by televoters,israel,italy,7
1826,liverpool-2023,2023,Points given by televoters,lithuania,italy,6
1827,liverpool-2023,2023,Points given by televoters,malta,italy,12
1828,liverpool-2023,2023,Points given by televoters,moldova,italy,5
1829,liverpool-2023,2023,Points given by televoters,the netherlands,italy,3
1830,liverpool-2023,2023,Points given by televoters,norway,italy,7
1831,liverpool-2023,2023,Points given by televoters,portugal,italy,6
1832,liverpool-2023,2023,Points given by televoters,romania,italy,7
1833,liverpool-2023,2023,Points given by televoters,san marino,italy,7
1834,liverpool-2023,2023,Points given by televoters,serbia,italy,2
1835,liverpool-2023,2023,Points given by televoters,slovenia,italy,8
1836,liverpool-2023,2023,Points given by televoters,spain,italy,6
1837,liverpool-2023,2023,Points given by televoters,sweden,italy,6
1838,liverpool-2023,2023,Points given by televoters,switzerland,italy,10
1839,liverpool-2023,2023,Points given by the jury,armenia,norway,4
1840,liverpool-2023,2023,Points given by the jury,denmark,norway,10
1841,liverpool-2023,2023,Points given by the jury,germany,norway,6
1842,liverpool-2023,2023,Points given by the jury,iceland,norway,4
1843,liverpool-2023,2023,Points given by the jury,israel,norway,10
1844,liverpool-2023,2023,Points given by the jury,malta,norway,2
1845,liverpool-2023,2023,Points given by the jury,portugal,norway,1
1846,liverpool-2023,2023,Points given by the jury,san marino,norway,1
1847,liverpool-2023,2023,Points given by the jury,spain,norway,2
1848,liverpool-2023,2023,Points given by the jury,sweden,norway,8
1849,liverpool-2023,2023,Points given by the jury,switzerland,norway,4
1850,liverpool-2023,2023,Points given by televoters,albania,norway,4
1851,liverpool-2023,2023,Points given by televoters,armenia,norway,4
1852,liverpool-2023,2023,Points given by televoters,australia,norway,6
1853,liverpool-2023,2023,Points given by televoters,austria,norway,7
1854,liverpool-2023,2023,Points given by televoters,azerbaijan,norway,2
1855,liverpool-2023,2023,Points given by televoters,belgium,norway,8
1856,liverpool-2023,2023,Points given by televoters,croatia,norway,5
1857,liverpool-2023,2023,Points given by televoters,cyprus,norway,5
1858,liverpool-2023,2023,Points given by televoters,czech republic,norway,7
1859,liverpool-2023,2023,Points given by televoters,denmark,norway,10
1860,liverpool-2023,2023,Points given by televoters,estonia,norway,7
1861,liverpool-2023,2023,Points given by televoters,finland,norway,12
1862,liverpool-2023,2023,Points given by televoters,france,norway,1
1863,liverpool-2023,2023,Points given by televoters,georgia,norway,2
1864,liverpool-2023,2023,Points given by televoters,germany,norway,5
1865,liverpool-2023,2023,Points given by televoters,greece,norway,6
1866,liverpool-2023,2023,Points given by televoters,iceland,norway,8
1867,liverpool-2023,2023,Points given by televoters,ireland,norway,5
1868,liverpool-2023,2023,Points given by televoters,israel,norway,10
1869,liverpool-2023,2023,Points given by televoters,italy,norway,10
1870,liverpool-2023,2023,Points given by televoters,latvia,norway,3
1871,liverpool-2023,2023,Points given by televoters,malta,norway,7
1872,liverpool-2023,2023,Points given by televoters,moldova,norway,6
1873,liverpool-2023,2023,Points given by televoters,the netherlands,norway,7
1874,liverpool-2023,2023,Points given by televoters,poland,norway,8
1875,liverpool-2023,2023,Points given by televoters,portugal,norway,4
1876,liverpool-2023,2023,Points given by televoters,romania,norway,5
1877,liverpool-2023,2023,Points given by televoters,san marino,norway,4
1878,liverpool-2023,2023,Points given by televoters,serbia,norway,5
1879,liverpool-2023,2023,Points given by televoters,slovenia,norway,5
1880,liverpool-2023,2023,Points given by televoters,spain,norway,8
1881,liverpool-2023,2023,Points given by televoters,sweden,norway,10
1882,liverpool-2023,2023,Points given by televoters,switzerland,norway,2
1883,liverpool-2023,2023,Points given by televoters,ukraine,norway,7
1884,liverpool-2023,2023,Points given by televoters,united kingdom,norway,7
1885,liverpool-2023,2023,Points given by the jury,armenia,ukraine,3
1886,liverpool-2023,2023,Points given by the jury,azerbaijan,ukraine,2
1887,liverpool-2023,2023,Points given by the jury,czech republic,ukraine,12
1888,liverpool-2023,2023,Points given by the jury,estonia,ukraine,7
1889,liverpool-2023,2023,Points given by the jury,france,ukraine,1
1890,liverpool-2023,2023,Points given by the jury,israel,ukraine,7
1891,liverpool-2023,2023,Points given by the jury,italy,ukraine,10
1892,liverpool-2023,2023,Points given by the jury,latvia,ukraine,4
1893,liverpool-2023,2023,Points given by the jury,lithuania,ukraine,2
1894,liverpool-2023,2023,Points given by the jury,moldova,ukraine,6
1895,liverpool-2023,2023,Points given by televoters,armenia,ukraine,1
1896,liverpool-2023,2023,Points given by televoters,austria,ukraine,5
1897,liverpool-2023,2023,Points given by televoters,azerbaijan,ukraine,7
1898,liverpool-2023,2023,Points given by televoters,belgium,ukraine,1
1899,liverpool-2023,2023,Points given by televoters,cyprus,ukraine,10
1900,liverpool-2023,2023,Points given by televoters,czech republic,ukraine,12
1901,liverpool-2023,2023,Points given by televoters,denmark,ukraine,7
1902,liverpool-2023,2023,Points given by televoters,estonia,ukraine,8
1903,liverpool-2023,2023,Points given by televoters,france,ukraine,4
1904,liverpool-2023,2023,Points given by televoters,georgia,ukraine,10
1905,liverpool-2023,2023,Points given by televoters,germany,ukraine,7
1906,liverpool-2023,2023,Points given by televoters,iceland,ukraine,2
1907,liverpool-2023,2023,Points given by televoters,ireland,ukraine,7
1908,liverpool-2023,2023,Points given by televoters,israel,ukraine,8
1909,liverpool-2023,2023,Points given by televoters,italy,ukraine,8
1910,liverpool-2023,2023,Points given by televoters,latvia,ukraine,7
1911,liverpool-2023,2023,Points given by televoters,lithuania,ukraine,10
1912,liverpool-2023,2023,Points given by televoters,malta,ukraine,5
1913,liverpool-2023,2023,Points given by televoters,moldova,ukraine,12
1914,liverpool-2023,2023,Points given by televoters,norway,ukraine,1
1915,liverpool-2023,2023,Points given by televoters,poland,ukraine,12
1916,liverpool-2023,2023,Points given by televoters,portugal,ukraine,12
1917,liverpool-2023,2023,Points given by televoters,romania,ukraine,4
1918,liverpool-2023,2023,Points given by televoters,san marino,ukraine,6
1919,liverpool-2023,2023,Points given by televoters,spain,ukraine,10
1920,liverpool-2023,2023,Points given by televoters,sweden,ukraine,4
1921,liverpool-2023,2023,Points given by televoters,united kingdom,ukraine,4
1922,liverpool-2023,2023,Points given by the jury,albania,belgium,5
1923,liverpool-2023,2023,Points given by the jury,australia,belgium,12
1924,liverpool-2023,2023,Points given by the jury,austria,belgium,3
1925,liverpool-2023,2023,Points given by the jury,denmark,belgium,3
1926,liverpool-2023,2023,Points given by the jury,estonia,belgium,6
1927,liverpool-2023,2023,Points given by the jury,finland,belgium,5
1928,liverpool-2023,2023,Points given by the jury,georgia,belgium,12
1929,liverpool-2023,2023,Points given by the jury,greece,belgium,12
1930,liverpool-2023,2023,Points given by the jury,iceland,belgium,5
1931,liverpool-2023,2023,Points given by the jury,ireland,belgium,10
1932,liverpool-2023,2023,Points given by the jury,israel,belgium,3
1933,liverpool-2023,2023,Points given by the jury,italy,belgium,2
1934,liverpool-2023,2023,Points given by the jury,latvia,belgium,2
1935,liverpool-2023,2023,Points given by the jury,lithuania,belgium,7
1936,liverpool-2023,2023,Points given by the jury,the netherlands,belgium,4
1937,liverpool-2023,2023,Points given by the jury,poland,belgium,5
1938,liverpool-2023,2023,Points given by the jury,portugal,belgium,6
1939,liverpool-2023,2023,Points given by the jury,romania,belgium,2
1940,liverpool-2023,2023,Points given by the jury,san marino,belgium,7
1941,liverpool-2023,2023,Points given by the jury,slovenia,belgium,5
1942,liverpool-2023,2023,Points given by the jury,spain,belgium,4
1943,liverpool-2023,2023,Points given by the jury,united kingdom,belgium,7
1944,liverpool-2023,2023,Points given by televoters,australia,belgium,3
1945,liverpool-2023,2023,Points given by televoters,denmark,belgium,6
1946,liverpool-2023,2023,Points given by televoters,france,belgium,2
1947,liverpool-2023,2023,Points given by televoters,germany,belgium,2
1948,liverpool-2023,2023,Points given by televoters,iceland,belgium,6
1949,liverpool-2023,2023,Points given by televoters,ireland,belgium,3
1950,liverpool-2023,2023,Points given by televoters,the netherlands,belgium,10
1951,liverpool-2023,2023,Points given by televoters,norway,belgium,4
1952,liverpool-2023,2023,Points given by televoters,portugal,belgium,1
1953,liverpool-2023,2023,Points given by televoters,slovenia,belgium,2
1954,liverpool-2023,2023,Points given by televoters,spain,belgium,3
1955,liverpool-2023,2023,Points given by televoters,sweden,belgium,7
1956,liverpool-2023,2023,Points given by televoters,united kingdom,belgium,6
1957,liverpool-2023,2023,Points given by the jury,albania,estonia,8
1958,liverpool-2023,2023,Points given by the jury,australia,estonia,8
1959,liverpool-2023,2023,Points given by the jury,azerbaijan,estonia,1
1960,liverpool-2023,2023,Points given by the jury,croatia,estonia,3
1961,liverpool-2023,2023,Points given by the jury,czech republic,estonia,2
1962,liverpool-2023,2023,Points given by the jury,georgia,estonia,5
1963,liverpool-2023,2023,Points given by the jury,germany,estonia,10
1964,liverpool-2023,2023,Points given by the jury,israel,estonia,5
1965,liverpool-2023,2023,Points given by the jury,italy,estonia,6
1966,liverpool-2023,2023,Points given by the jury,latvia,estonia,12
1967,liverpool-2023,2023,Points given by the jury,lithuania,estonia,5
1968,liverpool-2023,2023,Points given by the jury,moldova,estonia,7
1969,liverpool-2023,2023,Points given by the jury,poland,estonia,8
1970,liverpool-2023,2023,Points given by the jury,portugal,estonia,8
1971,liverpool-2023,2023,Points given by the jury,romania,estonia,8
1972,liverpool-2023,2023,Points given by the jury,san marino,estonia,10
1973,liverpool-2023,2023,Points given by the jury,slovenia,estonia,10
1974,liverpool-2023,2023,Points given by the jury,spain,estonia,7
1975,liverpool-2023,2023,Points given by the jury,sweden,estonia,2
1976,liverpool-2023,2023,Points given by the jury,switzerland,estonia,10
1977,liverpool-2023,2023,Points given by the jury,ukraine,estonia,5
1978,liverpool-2023,2023,Points given by the jury,united kingdom,estonia,6
1979,liverpool-2023,2023,Points given by televoters,finland,estonia,6
1980,liverpool-2023,2023,Points given by televoters,latvia,estonia,6
1981,liverpool-2023,2023,Points given by televoters,lithuania,estonia,5
1982,liverpool-2023,2023,Points given by televoters,the netherlands,estonia,5
1983,liverpool-2023,2023,Points given by the jury,albania,australia,3
1984,liverpool-2023,2023,Points given by the jury,azerbaijan,australia,5
1985,liverpool-2023,2023,Points given by the jury,belgium,australia,4
1986,liverpool-2023,2023,Points given by the jury,cyprus,australia,8
1987,liverpool-2023,2023,Points given by the jury,czech republic,australia,7
1988,liverpool-2023,2023,Points given by the jury,denmark,australia,2
1989,liverpool-2023,2023,Points given by the jury,estonia,australia,8
1990,liverpool-2023,2023,Points given by the jury,georgia,australia,2
1991,liverpool-2023,2023,Points given by the jury,germany,australia,8
1992,liverpool-2023,2023,Points given by the jury,greece,australia,5
1993,liverpool-2023,2023,Points given by the jury,iceland,australia,12
1994,liverpool-2023,2023,Points given by the jury,ireland,australia,4
1995,liverpool-2023,2023,Points given by the jury,lithuania,australia,4
1996,liverpool-2023,2023,Points given by the jury,moldova,australia,5
1997,liverpool-2023,2023,Points given by the jury,norway,australia,5
1998,liverpool-2023,2023,Points given by the jury,poland,australia,4
1999,liverpool-2023,2023,Points given by the jury,portugal,australia,12
2000,liverpool-2023,2023,Points given by the jury,romania,australia,3
2001,liverpool-2023,2023,Points given by the jury,san marino,australia,5
2002,liverpool-2023,2023,Points given by the jury,slovenia,australia,4
2003,liverpool-2023,2023,Points given by the jury,switzerland,australia,2
2004,liverpool-2023,2023,Points given by the jury,ukraine,australia,8
2005,liverpool-2023,2023,Points given by the jury,united kingdom,australia,10
2006,liverpool-2023,2023,Points given by televoters,estonia,australia,6
2007,liverpool-2023,2023,Points given by televoters,finland,australia,8
2008,liverpool-2023,2023,Points given by televoters,iceland,australia,3
2009,liverpool-2023,2023,Points given by televoters,the netherlands,australia,1
2010,liverpool-2023,2023,Points given by televoters,sweden,australia,1
2011,liverpool-2023,2023,Points given by televoters,united kingdom,australia,2
2012,liverpool-2023,2023,Points given by the jury,austria,czech republic,5
2013,liverpool-2023,2023,Points given by the jury,belgium,czech republic,3
2014,liverpool-2023,2023,Points given by the jury,cyprus,czech republic,1
2015,liverpool-2023,2023,Points given by the jury,finland,czech republic,8
2016,liverpool-2023,2023,Points given by the jury,france,czech republic,4
2017,liverpool-2023,2023,Points given by the jury,germany,czech republic,5
2018,liverpool-2023,2023,Points given by the jury,iceland,czech republic,6
2019,liverpool-2023,2023,Points given by the jury,ireland,czech republic,3
2020,liverpool-2023,2023,Points given by the jury,israel,czech republic,4
2021,liverpool-2023,2023,Points given by the jury,italy,czech republic,7
2022,liverpool-2023,2023,Points given by the jury,the netherlands,czech republic,8
2023,liverpool-2023,2023,Points given by the jury,norway,czech republic,4
2024,liverpool-2023,2023,Points given by the jury,portugal,czech republic,7
2025,liverpool-2023,2023,Points given by the jury,serbia,czech republic,1
2026,liverpool-2023,2023,Points given by the jury,slovenia,czech republic,6
2027,liverpool-2023,2023,Points given by the jury,sweden,czech republic,3
2028,liverpool-2023,2023,Points given by the jury,switzerland,czech republic,12
2029,liverpool-2023,2023,Points given by the jury,ukraine,czech republic,7
2030,liverpool-2023,2023,Points given by televoters,azerbaijan,czech republic,3
2031,liverpool-2023,2023,Points given by televoters,croatia,czech republic,3
2032,liverpool-2023,2023,Points given by televoters,finland,czech republic,10
2033,liverpool-2023,2023,Points given by televoters,greece,czech republic,1
2034,liverpool-2023,2023,Points given by televoters,israel,czech republic,2
2035,liverpool-2023,2023,Points given by televoters,italy,czech republic,2
2036,liverpool-2023,2023,Points given by televoters,latvia,czech republic,1
2037,liverpool-2023,2023,Points given by televoters,moldova,czech republic,1
2038,liverpool-2023,2023,Points given by televoters,poland,czech republic,3
2039,liverpool-2023,2023,Points given by televoters,serbia,czech republic,4
2040,liverpool-2023,2023,Points given by televoters,sweden,czech republic,3
2041,liverpool-2023,2023,Points given by televoters,ukraine,czech republic,2
2042,liverpool-2023,2023,Points given by the jury,australia,lithuania,10
2043,liverpool-2023,2023,Points given by the jury,austria,lithuania,7
2044,liverpool-2023,2023,Points given by the jury,denmark,lithuania,4
2045,liverpool-2023,2023,Points given by the jury,estonia,lithuania,1
2046,liverpool-2023,2023,Points given by the jury,georgia,lithuania,6
2047,liverpool-2023,2023,Points given by the jury,germany,lithuania,1
2048,liverpool-2023,2023,Points given by the jury,ireland,lithuania,1
2049,liverpool-2023,2023,Points given by the jury,italy,lithuania,3
2050,liverpool-2023,2023,Points given by the jury,latvia,lithuania,7
2051,liverpool-2023,2023,Points given by the jury,malta,lithuania,4
2052,liverpool-2023,2023,Points given by the jury,poland,lithuania,3
2053,liverpool-2023,2023,Points given by the jury,san marino,lithuania,8
2054,liverpool-2023,2023,Points given by the jury,slovenia,lithuania,8
2055,liverpool-2023,2023,Points given by the jury,ukraine,lithuania,10
2056,liverpool-2023,2023,Points given by the jury,united kingdom,lithuania,8
2057,liverpool-2023,2023,Points given by televoters,estonia,lithuania,5
2058,liverpool-2023,2023,Points given by televoters,georgia,lithuania,4
2059,liverpool-2023,2023,Points given by televoters,ireland,lithuania,10
2060,liverpool-2023,2023,Points given by televoters,latvia,lithuania,10
2061,liverpool-2023,2023,Points given by televoters,poland,lithuania,1
2062,liverpool-2023,2023,Points given by televoters,san marino,lithuania,2
2063,liverpool-2023,2023,Points given by televoters,ukraine,lithuania,4
2064,liverpool-2023,2023,Points given by televoters,united kingdom,lithuania,10
2065,liverpool-2023,2023,Points given by the jury,albania,cyprus,4
2066,liverpool-2023,2023,Points given by the jury,armenia,cyprus,5
2067,liverpool-2023,2023,Points given by the jury,australia,cyprus,3
2068,liverpool-2023,2023,Points given by the jury,austria,cyprus,2
2069,liverpool-2023,2023,Points given by the jury,denmark,cyprus,5
2070,liverpool-2023,2023,Points given by the jury,finland,cyprus,1
2071,liverpool-2023,2023,Points given by the jury,georgia,cyprus,3
2072,liverpool-2023,2023,Points given by the jury,greece,cyprus,4
2073,liverpool-2023,2023,Points given by the jury,israel,cyprus,1
2074,liverpool-2023,2023,Points given by the jury,latvia,cyprus,6
2075,liverpool-2023,2023,Points given by the jury,lithuania,cyprus,1
2076,liverpool-2023,2023,Points given by the jury,malta,cyprus,5
2077,liverpool-2023,2023,Points given by the jury,moldova,cyprus,4
2078,liverpool-2023,2023,Points given by the jury,norway,cyprus,7
2079,liverpool-2023,2023,Points given by the jury,poland,cyprus,10
2080,liverpool-2023,2023,Points given by the jury,romania,cyprus,6
2081,liverpool-2023,2023,Points given by the jury,sweden,cyprus,1
2082,liverpool-2023,2023,Points given by televoters,albania,cyprus,7
2083,liverpool-2023,2023,Points given by televoters,armenia,cyprus,8
2084,liverpool-2023,2023,Points given by televoters,australia,cyprus,8
2085,liverpool-2023,2023,Points given by televoters,azerbaijan,cyprus,6
2086,liverpool-2023,2023,Points given by televoters,denmark,cyprus,2
2087,liverpool-2023,2023,Points given by televoters,greece,cyprus,12
2088,liverpool-2023,2023,Points given by televoters,moldova,cyprus,3
2089,liverpool-2023,2023,Points given by televoters,norway,cyprus,2
2090,liverpool-2023,2023,Points given by televoters,poland,cyprus,4
2091,liverpool-2023,2023,Points given by televoters,romania,cyprus,1
2092,liverpool-2023,2023,Points given by televoters,san marino,cyprus,5
2093,liverpool-2023,2023,Points given by the jury,portugal,croatia,3
2094,liverpool-2023,2023,Points given by the jury,serbia,croatia,8
2095,liverpool-2023,2023,Points given by televoters,albania,croatia,8
2096,liverpool-2023,2023,Points given by televoters,australia,croatia,4
2097,liverpool-2023,2023,Points given by televoters,austria,croatia,10
2098,liverpool-2023,2023,Points given by televoters,czech republic,croatia,4
2099,liverpool-2023,2023,Points given by televoters,finland,croatia,4
2100,liverpool-2023,2023,Points given by televoters,georgia,croatia,1
2101,liverpool-2023,2023,Points given by televoters,germany,croatia,6
2102,liverpool-2023,2023,Points given by televoters,iceland,croatia,5
2103,liverpool-2023,2023,Points given by televoters,ireland,croatia,2
2104,liverpool-2023,2023,Points given by televoters,israel,croatia,6
2105,liverpool-2023,2023,Points given by televoters,italy,croatia,4
2106,liverpool-2023,2023,Points given by televoters,latvia,croatia,4
2107,liverpool-2023,2023,Points given by televoters,lithuania,croatia,4
2108,liverpool-2023,2023,Points given by televoters,poland,croatia,6
2109,liverpool-2023,2023,Points given by televoters,serbia,croatia,10
2110,liverpool-2023,2023,Points given by televoters,slovenia,croatia,12
2111,liverpool-2023,2023,Points given by televoters,sweden,croatia,5
2112,liverpool-2023,2023,Points given by televoters,switzerland,croatia,6
2113,liverpool-2023,2023,Points given by televoters,ukraine,croatia,8
2114,liverpool-2023,2023,Points given by the jury,albania,armenia,10
2115,liverpool-2023,2023,Points given by the jury,austria,armenia,1
2116,liverpool-2023,2023,Points given by the jury,cyprus,armenia,4
2117,liverpool-2023,2023,Points given by the jury,czech republic,armenia,8
2118,liverpool-2023,2023,Points given by the jury,estonia,armenia,3
2119,liverpool-2023,2023,Points given by the jury,france,armenia,7
2120,liverpool-2023,2023,Points given by the jury,georgia,armenia,10
2121,liverpool-2023,2023,Points given by the jury,ireland,armenia,6
2122,liverpool-2023,2023,Points given by the jury,italy,armenia,5
2123,liverpool-2023,2023,Points given by the jury,latvia,armenia,1
2124,liverpool-2023,2023,Points given by the jury,moldova,armenia,2
2125,liverpool-2023,2023,Points given by the jury,poland,armenia,1
2126,liverpool-2023,2023,Points given by the jury,spain,armenia,3
2127,liverpool-2023,2023,Points given by the jury,switzerland,armenia,5
2128,liverpool-2023,2023,Points given by the jury,united kingdom,armenia,3
2129,liverpool-2023,2023,Points given by televoters,belgium,armenia,6
2130,liverpool-2023,2023,Points given by televoters,cyprus,armenia,4
2131,liverpool-2023,2023,Points given by televoters,czech republic,armenia,2
2132,liverpool-2023,2023,Points given by televoters,france,armenia,12
2133,liverpool-2023,2023,Points given by televoters,georgia,armenia,12
2134,liverpool-2023,2023,Points given by televoters,greece,armenia,2
2135,liverpool-2023,2023,Points given by televoters,israel,armenia,3
2136,liverpool-2023,2023,Points given by televoters,moldova,armenia,2
2137,liverpool-2023,2023,Points given by televoters,spain,armenia,2
2138,liverpool-2023,2023,Points given by the jury,armenia,austria,2
2139,liverpool-2023,2023,Points given by the jury,australia,austria,6
2140,liverpool-2023,2023,Points given by the jury,belgium,austria,12
2141,liverpool-2023,2023,Points given by the jury,cyprus,austria,10
2142,liverpool-2023,2023,Points given by the jury,denmark,austria,7
2143,liverpool-2023,2023,Points given by the jury,finland,austria,2
2144,liverpool-2023,2023,Points given by the jury,france,austria,10
2145,liverpool-2023,2023,Points given by the jury,germany,austria,2
2146,liverpool-2023,2023,Points given by the jury,greece,austria,7
2147,liverpool-2023,2023,Points given by the jury,iceland,austria,8
2148,liverpool-2023,2023,Points given by the jury,israel,austria,6
2149,liverpool-2023,2023,Points given by the jury,lithuania,austria,8
2150,liverpool-2023,2023,Points given by the jury,malta,austria,1
2151,liverpool-2023,2023,Points given by the jury,the netherlands,austria,1
2152,liverpool-2023,2023,Points given by the jury,san marino,austria,6
2153,liverpool-2023,2023,Points given by the jury,serbia,austria,6
2154,liverpool-2023,2023,Points given by the jury,slovenia,austria,3
2155,liverpool-2023,2023,Points given by the jury,switzerland,austria,7
2156,liverpool-2023,2023,Points given by televoters,australia,austria,7
2157,liverpool-2023,2023,Points given by televoters,finland,austria,2
2158,liverpool-2023,2023,Points given by televoters,the netherlands,austria,4
2159,liverpool-2023,2023,Points given by televoters,serbia,austria,3
2160,liverpool-2023,2023,Points given by the jury,armenia,france,7
2161,liverpool-2023,2023,Points given by the jury,belgium,france,1
2162,liverpool-2023,2023,Points given by the jury,denmark,france,6
2163,liverpool-2023,2023,Points given by the jury,finland,france,7
2164,liverpool-2023,2023,Points given by the jury,ireland,france,5
2165,liverpool-2023,2023,Points given by the jury,lithuania,france,6
2166,liverpool-2023,2023,Points given by the jury,the netherlands,france,3
2167,liverpool-2023,2023,Points given by the jury,serbia,france,4
2168,liverpool-2023,2023,Points given by the jury,spain,france,5
2169,liverpool-2023,2023,Points given by the jury,sweden,france,10
2170,liverpool-2023,2023,Points given by televoters,albania,france,3
2171,liverpool-2023,2023,Points given by televoters,armenia,france,10
2172,liverpool-2023,2023,Points given by televoters,australia,france,2
2173,liverpool-2023,2023,Points given by televoters,belgium,france,2
2174,liverpool-2023,2023,Points given by televoters,cyprus,france,3
2175,liverpool-2023,2023,Points given by televoters,greece,france,3
2176,liverpool-2023,2023,Points given by televoters,iceland,france,4
2177,liverpool-2023,2023,Points given by televoters,israel,france,1
2178,liverpool-2023,2023,Points given by televoters,lithuania,france,1
2179,liverpool-2023,2023,Points given by televoters,malta,france,1
2180,liverpool-2023,2023,Points given by televoters,norway,france,8
2181,liverpool-2023,2023,Points given by televoters,portugal,france,2
2182,liverpool-2023,2023,Points given by televoters,romania,france,3
2183,liverpool-2023,2023,Points given by televoters,serbia,france,1
2184,liverpool-2023,2023,Points given by televoters,slovenia,france,3
2185,liverpool-2023,2023,Points given by televoters,sweden,france,2
2186,liverpool-2023,2023,Points given by the jury,albania,spain,1
2187,liverpool-2023,2023,Points given by the jury,armenia,spain,6
2188,liverpool-2023,2023,Points given by the jury,australia,spain,4
2189,liverpool-2023,2023,Points given by the jury,azerbaijan,spain,7
2190,liverpool-2023,2023,Points given by the jury,belgium,spain,6
2191,liverpool-2023,2023,Points given by the jury,croatia,spain,6
2192,liverpool-2023,2023,Points given by the jury,cyprus,spain,6
2193,liverpool-2023,2023,Points given by the jury,czech republic,spain,3
2194,liverpool-2023,2023,Points given by the jury,estonia,spain,2
2195,liverpool-2023,2023,Points given by the jury,germany,spain,7
2196,liverpool-2023,2023,Points given by the jury,iceland,spain,3
2197,liverpool-2023,2023,Points given by the jury,latvia,spain,8
2198,liverpool-2023,2023,Points given by the jury,moldova,spain,3
2199,liverpool-2023,2023,Points given by the jury,the netherlands,spain,7
2200,liverpool-2023,2023,Points given by the jury,norway,spain,1
2201,liverpool-2023,2023,Points given by the jury,portugal,spain,10
2202,liverpool-2023,2023,Points given by the jury,san marino,spain,2
2203,liverpool-2023,2023,Points given by the jury,serbia,spain,3
2204,liverpool-2023,2023,Points given by the jury,slovenia,spain,2
2205,liverpool-2023,2023,Points given by the jury,switzerland,spain,3
2206,liverpool-2023,2023,Points given by the jury,united kingdom,spain,5
2207,liverpool-2023,2023,Points given by televoters,portugal,spain,3
2208,liverpool-2023,2023,Points given by the jury,croatia,moldova,2
2209,liverpool-2023,2023,Points given by the jury,norway,moldova,8
2210,liverpool-2023,2023,Points given by the jury,romania,moldova,7
2211,liverpool-2023,2023,Points given by the jury,san marino,moldova,3
2212,liverpool-2023,2023,Points given by televoters,croatia,moldova,1
2213,liverpool-2023,2023,Points given by televoters,cyprus,moldova,1
2214,liverpool-2023,2023,Points given by televoters,czech republic,moldova,5
2215,liverpool-2023,2023,Points given by televoters,denmark,moldova,1
2216,liverpool-2023,2023,Points given by televoters,finland,moldova,3
2217,liverpool-2023,2023,Points given by televoters,france,moldova,8
2218,liverpool-2023,2023,Points given by televoters,georgia,moldova,3
2219,liverpool-2023,2023,Points given by televoters,ireland,moldova,4
2220,liverpool-2023,2023,Points given by televoters,israel,moldova,5
2221,liverpool-2023,2023,Points given by televoters,italy,moldova,12
2222,liverpool-2023,2023,Points given by televoters,lithuania,moldova,2
2223,liverpool-2023,2023,Points given by televoters,portugal,moldova,8
2224,liverpool-2023,2023,Points given by televoters,romania,moldova,12
2225,liverpool-2023,2023,Points given by televoters,san marino,moldova,3
2226,liverpool-2023,2023,Points given by televoters,spain,moldova,1
2227,liverpool-2023,2023,Points given by televoters,ukraine,moldova,6
2228,liverpool-2023,2023,Points given by televoters,united kingdom,moldova,1
2229,liverpool-2023,2023,Points given by the jury,armenia,poland,1
2230,liverpool-2023,2023,Points given by the jury,belgium,poland,2
2231,liverpool-2023,2023,Points given by the jury,israel,poland,2
2232,liverpool-2023,2023,Points given by the jury,romania,poland,1
2233,liverpool-2023,2023,Points given by the jury,ukraine,poland,6
2234,liverpool-2023,2023,Points given by televoters,albania,poland,1
2235,liverpool-2023,2023,Points given by televoters,armenia,poland,5
2236,liverpool-2023,2023,Points given by televoters,belgium,poland,4
2237,liverpool-2023,2023,Points given by televoters,cyprus,poland,2
2238,liverpool-2023,2023,Points given by televoters,denmark,poland,5
2239,liverpool-2023,2023,Points given by televoters,estonia,poland,3
2240,liverpool-2023,2023,Points given by televoters,germany,poland,4
2241,liverpool-2023,2023,Points given by televoters,iceland,poland,7
2242,liverpool-2023,2023,Points given by televoters,ireland,poland,8
2243,liverpool-2023,2023,Points given by televoters,lithuania,poland,8
2244,liverpool-2023,2023,Points given by televoters,moldova,poland,4
2245,liverpool-2023,2023,Points given by televoters,the netherlands,poland,2
2246,liverpool-2023,2023,Points given by televoters,norway,poland,6
2247,liverpool-2023,2023,Points given by televoters,san marino,poland,1
2248,liverpool-2023,2023,Points given by televoters,slovenia,poland,1
2249,liverpool-2023,2023,Points given by televoters,ukraine,poland,12
2250,liverpool-2023,2023,Points given by televoters,united kingdom,poland,8
2251,liverpool-2023,2023,Points given by the jury,albania,switzerland,7
2252,liverpool-2023,2023,Points given by the jury,austria,switzerland,4
2253,liverpool-2023,2023,Points given by the jury,azerbaijan,switzerland,4
2254,liverpool-2023,2023,Points given by the jury,cyprus,switzerland,2
2255,liverpool-2023,2023,Points given by the jury,finland,switzerland,10
2256,liverpool-2023,2023,Points given by the jury,france,switzerland,3
2257,liverpool-2023,2023,Points given by the jury,greece,switzerland,2
2258,liverpool-2023,2023,Points given by the jury,italy,switzerland,4
2259,liverpool-2023,2023,Points given by the jury,malta,switzerland,6
2260,liverpool-2023,2023,Points given by the jury,the netherlands,switzerland,6
2261,liverpool-2023,2023,Points given by the jury,norway,switzerland,2
2262,liverpool-2023,2023,Points given by the jury,poland,switzerland,2
2263,liverpool-2023,2023,Points given by the jury,portugal,switzerland,2
2264,liverpool-2023,2023,Points given by the jury,slovenia,switzerland,1
2265,liverpool-2023,2023,Points given by the jury,sweden,switzerland,6
2266,liverpool-2023,2023,Points given by televoters,armenia,switzerland,2
2267,liverpool-2023,2023,Points given by televoters,austria,switzerland,2
2268,liverpool-2023,2023,Points given by televoters,azerbaijan,switzerland,1
2269,liverpool-2023,2023,Points given by televoters,denmark,switzerland,4
2270,liverpool-2023,2023,Points given by televoters,estonia,switzerland,4
2271,liverpool-2023,2023,Points given by televoters,finland,switzerland,1
2272,liverpool-2023,2023,Points given by televoters,germany,switzerland,3
2273,liverpool-2023,2023,Points given by televoters,italy,switzerland,1
2274,liverpool-2023,2023,Points given by televoters,norway,switzerland,5
2275,liverpool-2023,2023,Points given by televoters,sweden,switzerland,8
2276,liverpool-2023,2023,Points given by the jury,austria,slovenia,6
2277,liverpool-2023,2023,Points given by the jury,croatia,slovenia,5
2278,liverpool-2023,2023,Points given by the jury,czech republic,slovenia,6
2279,liverpool-2023,2023,Points given by the jury,serbia,slovenia,12
2280,liverpool-2023,2023,Points given by the jury,ukraine,slovenia,3
2281,liverpool-2023,2023,Points given by the jury,united kingdom,slovenia,1
2282,liverpool-2023,2023,Points given by televoters,albania,slovenia,2
2283,liverpool-2023,2023,Points given by televoters,australia,slovenia,1
2284,liverpool-2023,2023,Points given by televoters,azerbaijan,slovenia,5
2285,liverpool-2023,2023,Points given by televoters,croatia,slovenia,12
2286,liverpool-2023,2023,Points given by televoters,czech republic,slovenia,3
2287,liverpool-2023,2023,Points given by televoters,estonia,slovenia,1
2288,liverpool-2023,2023,Points given by televoters,finland,slovenia,7
2289,liverpool-2023,2023,Points given by televoters,latvia,slovenia,2
2290,liverpool-2023,2023,Points given by televoters,poland,slovenia,2
2291,liverpool-2023,2023,Points given by televoters,romania,slovenia,2
2292,liverpool-2023,2023,Points given by televoters,serbia,slovenia,8
2293,liverpool-2023,2023,Points given by the jury,azerbaijan,albania,8
2294,liverpool-2023,2023,Points given by the jury,greece,albania,3
2295,liverpool-2023,2023,Points given by the jury,moldova,albania,1
2296,liverpool-2023,2023,Points given by the jury,romania,albania,5
2297,liverpool-2023,2023,Points given by televoters,austria,albania,3
2298,liverpool-2023,2023,Points given by televoters,belgium,albania,3
2299,liverpool-2023,2023,Points given by televoters,croatia,albania,6
2300,liverpool-2023,2023,Points given by televoters,germany,albania,8
2301,liverpool-2023,2023,Points given by televoters,greece,albania,4
2302,liverpool-2023,2023,Points given by televoters,italy,albania,7
2303,liverpool-2023,2023,Points given by televoters,malta,albania,3
2304,liverpool-2023,2023,Points given by televoters,slovenia,albania,7
2305,liverpool-2023,2023,Points given by televoters,switzerland,albania,12
2306,liverpool-2023,2023,Points given by the jury,australia,portugal,2
2307,liverpool-2023,2023,Points given by the jury,croatia,portugal,1
2308,liverpool-2023,2023,Points given by the jury,finland,portugal,3
2309,liverpool-2023,2023,Points given by the jury,france,portugal,5
2310,liverpool-2023,2023,Points given by the jury,greece,portugal,10
2311,liverpool-2023,2023,Points given by the jury,malta,portugal,3
2312,liverpool-2023,2023,Points given by the jury,moldova,portugal,8
2313,liverpool-2023,2023,Points given by the jury,the netherlands,portugal,5
2314,liverpool-2023,2023,Points given by the jury,spain,portugal,6
2315,liverpool-2023,2023,Points given by televoters,france,portugal,5
2316,liverpool-2023,2023,Points given by televoters,spain,portugal,4
2317,liverpool-2023,2023,Points given by televoters,switzerland,portugal,7
2318,liverpool-2023,2023,Points given by the jury,croatia,serbia,4
2319,liverpool-2023,2023,Points given by the jury,germany,serbia,3
2320,liverpool-2023,2023,Points given by the jury,greece,serbia,1
2321,liverpool-2023,2023,Points given by the jury,iceland,serbia,1
2322,liverpool-2023,2023,Points given by the jury,italy,serbia,1
2323,liverpool-2023,2023,Points given by the jury,portugal,serbia,4
2324,liverpool-2023,2023,Points given by televoters,croatia,serbia,7
2325,liverpool-2023,2023,Points given by televoters,malta,serbia,2
2326,liverpool-2023,2023,Points given by televoters,slovenia,serbia,6
2327,liverpool-2023,2023,Points given by televoters,switzerland,serbia,1
2328,liverpool-2023,2023,Points given by the jury,denmark,united kingdom,1
2329,liverpool-2023,2023,Points given by the jury,finland,united kingdom,4
2330,liverpool-2023,2023,Points given by the jury,ireland,united kingdom,2
2331,liverpool-2023,2023,Points given by the jury,sweden,united kingdom,4
2332,liverpool-2023,2023,Points given by the jury,ukraine,united kingdom,4
2333,liverpool-2023,2023,Points given by televoters,malta,united kingdom,4
2334,liverpool-2023,2023,Points given by televoters,ukraine,united kingdom,5
2335,liverpool-2023,2023,Points given by the jury,czech republic,germany,1
2336,liverpool-2023,2023,Points given by the jury,iceland,germany,2
2337,liverpool-2023,2023,Points given by televoters,austria,germany,6
2338,liverpool-2023,2023,Points given by televoters,finland,germany,5
2339,liverpool-2023,2023,Points given by televoters,switzerland,germany,4
2340,liverpool-2023,2023,Points given,azerbaijan,finland,8
2341,liverpool-2023,2023,Points given,croatia,finland,12
2342,liverpool-2023,2023,Points given,czech republic,finland,8
2343,liverpool-2023,2023,Points given,france,finland,7
2344,liverpool-2023,2023,Points given,germany,finland,12
2345,liverpool-2023,2023,Points given,ireland,finland,12
2346,liverpool-2023,2023,Points given,israel,finland,12
2347,liverpool-2023,2023,Points given,italy,finland,7
2348,liverpool-2023,2023,Points given,latvia,finland,12
2349,liverpool-2023,2023,Points given,malta,finland,7
2350,liverpool-2023,2023,Points given,moldova,finland,6
2351,liverpool-2023,2023,Points given,the netherlands,finland,10
2352,liverpool-2023,2023,Points given,norway,finland,12
2353,liverpool-2023,2023,Points given,portugal,finland,10
2354,liverpool-2023,2023,Points given,serbia,finland,10
2355,liverpool-2023,2023,Points given,sweden,finland,12
2356,liverpool-2023,2023,Points given,switzerland,finland,10
2357,liverpool-2023,2023,Points given,azerbaijan,sweden,10
2358,liverpool-2023,2023,Points given,croatia,sweden,4
2359,liverpool-2023,2023,Points given,czech republic,sweden,6
2360,liverpool-2023,2023,Points given,finland,sweden,5
2361,liverpool-2023,2023,Points given,france,sweden,5
2362,liverpool-2023,2023,Points given,germany,sweden,4
2363,liverpool-2023,2023,Points given,ireland,sweden,8
2364,liverpool-2023,2023,Points given,israel,sweden,7
2365,liverpool-2023,2023,Points given,italy,sweden,3
2366,liverpool-2023,2023,Points given,latvia,sweden,10
2367,liverpool-2023,2023,Points given,malta,sweden,12
2368,liverpool-2023,2023,Points given,moldova,sweden,10
2369,liverpool-2023,2023,Points given,the netherlands,sweden,12
2370,liverpool-2023,2023,Points given,norway,sweden,10
2371,liverpool-2023,2023,Points given,portugal,sweden,8
2372,liverpool-2023,2023,Points given,serbia,sweden,6
2373,liverpool-2023,2023,Points given,switzerland,sweden,8
2374,liverpool-2023,2023,Points given,azerbaijan,israel,12
2375,liverpool-2023,2023,Points given,croatia,israel,7
2376,liverpool-2023,2023,Points given,czech republic,israel,12
2377,liverpool-2023,2023,Points given,finland,israel,1
2378,liverpool-2023,2023,Points given,france,israel,8
2379,liverpool-2023,2023,Points given,germany,israel,2
2380,liverpool-2023,2023,Points given,ireland,israel,6
2381,liverpool-2023,2023,Points given,italy,israel,6
2382,liverpool-2023,2023,Points given,latvia,israel,8
2383,liverpool-2023,2023,Points given,malta,israel,8
2384,liverpool-2023,2023,Points given,moldova,israel,12
2385,liverpool-2023,2023,Points given,the netherlands,israel,4
2386,liverpool-2023,2023,Points given,norway,israel,5
2387,liverpool-2023,2023,Points given,portugal,israel,7
2388,liverpool-2023,2023,Points given,serbia,israel,7
2389,liverpool-2023,2023,Points given,sweden,israel,3
2390,liverpool-2023,2023,Points given,switzerland,israel,7
2391,liverpool-2023,2023,Points given,azerbaijan,czech republic,5
2392,liverpool-2023,2023,Points given,croatia,czech republic,8
2393,liverpool-2023,2023,Points given,finland,czech republic,12
2394,liverpool-2023,2023,Points given,france,czech republic,4
2395,liverpool-2023,2023,Points given,germany,czech republic,7
2396,liverpool-2023,2023,Points given,ireland,czech republic,3
2397,liverpool-2023,2023,Points given,israel,czech republic,8
2398,liverpool-2023,2023,Points given,italy,czech republic,8
2399,liverpool-2023,2023,Points given,latvia,czech republic,5
2400,liverpool-2023,2023,Points given,malta,czech republic,2
2401,liverpool-2023,2023,Points given,moldova,czech republic,5
2402,liverpool-2023,2023,Points given,the netherlands,czech republic,6
2403,liverpool-2023,2023,Points given,norway,czech republic,7
2404,liverpool-2023,2023,Points given,portugal,czech republic,6
2405,liverpool-2023,2023,Points given,serbia,czech republic,8
2406,liverpool-2023,2023,Points given,sweden,czech republic,7
2407,liverpool-2023,2023,Points given,switzerland,czech republic,4
2408,liverpool-2023,2023,Points given,azerbaijan,moldova,4
2409,liverpool-2023,2023,Points given,croatia,moldova,3
2410,liverpool-2023,2023,Points given,czech republic,moldova,7
2411,liverpool-2023,2023,Points given,finland,moldova,7
2412,liverpool-2023,2023,Points given,france,moldova,10
2413,liverpool-2023,2023,Points given,germany,moldova,6
2414,liverpool-2023,2023,Points given,ireland,moldova,10
2415,liverpool-2023,2023,Points given,israel,moldova,6
2416,liverpool-2023,2023,Points given,italy,moldova,12
2417,liverpool-2023,2023,Points given,latvia,moldova,6
2418,liverpool-2023,2023,Points given,malta,moldova,1
2419,liverpool-2023,2023,Points given,the netherlands,moldova,3
2420,liverpool-2023,2023,Points given,norway,moldova,6
2421,liverpool-2023,2023,Points given,portugal,moldova,12
2422,liverpool-2023,2023,Points given,serbia,moldova,4
2423,liverpool-2023,2023,Points given,sweden,moldova,6
2424,liverpool-2023,2023,Points given,switzerland,moldova,2
2425,liverpool-2023,2023,Points given,azerbaijan,norway,2
2426,liverpool-2023,2023,Points given,croatia,norway,6
2427,liverpool-2023,2023,Points given,czech republic,norway,10
2428,liverpool-2023,2023,Points given,finland,norway,10
2429,liverpool-2023,2023,Points given,france,norway,1
2430,liverpool-2023,2023,Points given,germany,norway,3
2431,liverpool-2023,2023,Points given,ireland,norway,2
2432,liverpool-2023,2023,Points given,israel,norway,10
2433,liverpool-2023,2023,Points given,italy,norway,10
2434,liverpool-2023,2023,Points given,latvia,norway,4
2435,liverpool-2023,2023,Points given,malta,norway,10
2436,liverpool-2023,2023,Points given,moldova,norway,8
2437,liverpool-2023,2023,Points given,the netherlands,norway,5
2438,liverpool-2023,2023,Points given,portugal,norway,3
2439,liverpool-2023,2023,Points given,serbia,norway,5
2440,liverpool-2023,2023,Points given,sweden,norway,10
2441,liverpool-2023,2023,Points given,switzerland,norway,3
2442,liverpool-2023,2023,Points given,azerbaijan,switzerland,7
2443,liverpool-2023,2023,Points given,croatia,switzerland,2
2444,liverpool-2023,2023,Points given,czech republic,switzerland,5
2445,liverpool-2023,2023,Points given,finland,switzerland,8
2446,liverpool-2023,2023,Points given,france,switzerland,6
2447,liverpool-2023,2023,Points given,germany,switzerland,8
2448,liverpool-2023,2023,Points given,ireland,switzerland,7
2449,liverpool-2023,2023,Points given,israel,switzerland,4
2450,liverpool-2023,2023,Points given,italy,switzerland,4
2451,liverpool-2023,2023,Points given,latvia,switzerland,3
2452,liverpool-2023,2023,Points given,malta,switzerland,6
2453,liverpool-2023,2023,Points given,moldova,switzerland,7
2454,liverpool-2023,2023,Points given,the netherlands,switzerland,8
2455,liverpool-2023,2023,Points given,norway,switzerland,8
2456,liverpool-2023,2023,Points given,portugal,switzerland,5
2457,liverpool-2023,2023,Points given,serbia,switzerland,1
2458,liverpool-2023,2023,Points given,sweden,switzerland,8
2459,liverpool-2023,2023,Points given,czech republic,croatia,4
2460,liverpool-2023,2023,Points given,finland,croatia,6
2461,liverpool-2023,2023,Points given,germany,croatia,10
2462,liverpool-2023,2023,Points given,ireland,croatia,5
2463,liverpool-2023,2023,Points given,israel,croatia,5
2464,liverpool-2023,2023,Points given,italy,croatia,5
2465,liverpool-2023,2023,Points given,latvia,croatia,7
2466,liverpool-2023,2023,Points given,moldova,croatia,3
2467,liverpool-2023,2023,Points given,the netherlands,croatia,2
2468,liverpool-2023,2023,Points given,norway,croatia,4
2469,liverpool-2023,2023,Points given,serbia,croatia,12
2470,liverpool-2023,2023,Points given,sweden,croatia,5
2471,liverpool-2023,2023,Points given,switzerland,croatia,5
2472,liverpool-2023,2023,Points given,croatia,portugal,5
2473,liverpool-2023,2023,Points given,czech republic,portugal,2
2474,liverpool-2023,2023,Points given,finland,portugal,2
2475,liverpool-2023,2023,Points given,france,portugal,12
2476,liverpool-2023,2023,Points given,germany,portugal,5
2477,liverpool-2023,2023,Points given,ireland,portugal,1
2478,liverpool-2023,2023,Points given,israel,portugal,3
2479,liverpool-2023,2023,Points given,italy,portugal,2
2480,liverpool-2023,2023,Points given,malta,portugal,4
2481,liverpool-2023,2023,Points given,moldova,portugal,4
2482,liverpool-2023,2023,Points given,the netherlands,portugal,7
2483,liverpool-2023,2023,Points given,norway,portugal,2
2484,liverpool-2023,2023,Points given,serbia,portugal,3
2485,liverpool-2023,2023,Points given,sweden,portugal,4
2486,liverpool-2023,2023,Points given,switzerland,portugal,12
2487,liverpool-2023,2023,Points given,azerbaijan,serbia,3
2488,liverpool-2023,2023,Points given,croatia,serbia,10
2489,liverpool-2023,2023,Points given,czech republic,serbia,3
2490,liverpool-2023,2023,Points given,finland,serbia,4
2491,liverpool-2023,2023,Points given,france,serbia,2
2492,liverpool-2023,2023,Points given,italy,serbia,1
2493,liverpool-2023,2023,Points given,malta,serbia,5
2494,liverpool-2023,2023,Points given,sweden,serbia,1
2495,liverpool-2023,2023,Points given,switzerland,serbia,6
2496,liverpool-2023,2023,Points given,azerbaijan,latvia,6
2497,liverpool-2023,2023,Points given,czech republic,latvia,1
2498,liverpool-2023,2023,Points given,finland,latvia,3
2499,liverpool-2023,2023,Points given,france,latvia,3
2500,liverpool-2023,2023,Points given,germany,latvia,1
2501,liverpool-2023,2023,Points given,ireland,latvia,4
2502,liverpool-2023,2023,Points given,moldova,latvia,1
2503,liverpool-2023,2023,Points given,the netherlands,latvia,1
2504,liverpool-2023,2023,Points given,portugal,latvia,4
2505,liverpool-2023,2023,Points given,serbia,latvia,2
2506,liverpool-2023,2023,Points given,latvia,ireland,1
2507,liverpool-2023,2023,Points given,malta,ireland,3
2508,liverpool-2023,2023,Points given,norway,ireland,3
2509,liverpool-2023,2023,Points given,portugal,ireland,2
2510,liverpool-2023,2023,Points given,switzerland,ireland,1
2511,liverpool-2023,2023,Points given,azerbaijan,the netherlands,1
2512,liverpool-2023,2023,Points given,moldova,the netherlands,2
2513,liverpool-2023,2023,Points given,norway,the netherlands,1
2514,liverpool-2023,2023,Points given,portugal,the netherlands,1
2515,liverpool-2023,2023,Points given,sweden,the netherlands,2
2516,liverpool-2023,2023,Points given,croatia,azerbaijan,1
2517,liverpool-2023,2023,Points given,israel,azerbaijan,1
2518,liverpool-2023,2023,Points given,latvia,azerbaijan,2
2519,liverpool-2023,2023,Points given,israel,malta,2
2520,liverpool-2023,2023,Points given,albania,australia,12
2521,liverpool-2023,2023,Points given,armenia,australia,4
2522,liverpool-2023,2023,Points given,austria,australia,8
2523,liverpool-2023,2023,Points given,belgium,australia,6
2524,liverpool-2023,2023,Points given,cyprus,australia,7
2525,liverpool-2023,2023,Points given,denmark,australia,10
2526,liverpool-2023,2023,Points given,estonia,australia,12
2527,liverpool-2023,2023,Points given,georgia,australia,7
2528,liverpool-2023,2023,Points given,greece,australia,4
2529,liverpool-2023,2023,Points given,iceland,australia,12
2530,liverpool-2023,2023,Points given,lithuania,australia,8
2531,liverpool-2023,2023,Points given,poland,australia,8
2532,liverpool-2023,2023,Points given,romania,australia,10
2533,liverpool-2023,2023,Points given,san marino,australia,6
2534,liverpool-2023,2023,Points given,slovenia,australia,6
2535,liverpool-2023,2023,Points given,spain,australia,7
2536,liverpool-2023,2023,Points given,ukraine,australia,7
2537,liverpool-2023,2023,Points given,united kingdom,australia,8
2538,liverpool-2023,2023,Points given,albania,austria,10
2539,liverpool-2023,2023,Points given,armenia,austria,3
2540,liverpool-2023,2023,Points given,australia,austria,12
2541,liverpool-2023,2023,Points given,belgium,austria,10
2542,liverpool-2023,2023,Points given,cyprus,austria,5
2543,liverpool-2023,2023,Points given,denmark,austria,6
2544,liverpool-2023,2023,Points given,estonia,austria,6
2545,liverpool-2023,2023,Points given,georgia,austria,4
2546,liverpool-2023,2023,Points given,greece,austria,6
2547,liverpool-2023,2023,Points given,iceland,austria,8
2548,liverpool-2023,2023,Points given,lithuania,austria,6
2549,liverpool-2023,2023,Points given,poland,austria,10
2550,liverpool-2023,2023,Points given,romania,austria,7
2551,liverpool-2023,2023,Points given,san marino,austria,8
2552,liverpool-2023,2023,Points given,slovenia,austria,10
2553,liverpool-2023,2023,Points given,spain,austria,6
2554,liverpool-2023,2023,Points given,ukraine,austria,5
2555,liverpool-2023,2023,Points given,united kingdom,austria,7
2556,liverpool-2023,2023,Points given,albania,poland,7
2557,liverpool-2023,2023,Points given,armenia,poland,8
2558,liverpool-2023,2023,Points given,austria,poland,7
2559,liverpool-2023,2023,Points given,belgium,poland,7
2560,liverpool-2023,2023,Points given,cyprus,poland,6
2561,liverpool-2023,2023,Points given,denmark,poland,7
2562,liverpool-2023,2023,Points given,estonia,poland,8
2563,liverpool-2023,2023,Points given,georgia,poland,8
2564,liverpool-2023,2023,Points given,greece,poland,5
2565,liverpool-2023,2023,Points given,iceland,poland,10
2566,liverpool-2023,2023,Points given,lithuania,poland,12
2567,liverpool-2023,2023,Points given,romania,poland,3
2568,liverpool-2023,2023,Points given,san marino,poland,2
2569,liverpool-2023,2023,Points given,slovenia,poland,8
2570,liverpool-2023,2023,Points given,spain,poland,4
2571,liverpool-2023,2023,Points given,ukraine,poland,12
2572,liverpool-2023,2023,Points given,united kingdom,poland,10
2573,liverpool-2023,2023,Points given,albania,lithuania,5
2574,liverpool-2023,2023,Points given,australia,lithuania,6
2575,liverpool-2023,2023,Points given,austria,lithuania,5
2576,liverpool-2023,2023,Points given,belgium,lithuania,5
2577,liverpool-2023,2023,Points given,cyprus,lithuania,8
2578,liverpool-2023,2023,Points given,denmark,lithuania,5
2579,liverpool-2023,2023,Points given,estonia,lithuania,10
2580,liverpool-2023,2023,Points given,georgia,lithuania,10
2581,liverpool-2023,2023,Points given,iceland,lithuania,4
2582,liverpool-2023,2023,Points given,poland,lithuania,6
2583,liverpool-2023,2023,Points given,romania,lithuania,1
2584,liverpool-2023,2023,Points given,san marino,lithuania,12
2585,liverpool-2023,2023,Points given,slovenia,lithuania,2
2586,liverpool-2023,2023,Points given,spain,lithuania,5
2587,liverpool-2023,2023,Points given,ukraine,lithuania,10
2588,liverpool-2023,2023,Points given,united kingdom,lithuania,12
2589,liverpool-2023,2023,Points given,albania,slovenia,4
2590,liverpool-2023,2023,Points given,armenia,slovenia,5
2591,liverpool-2023,2023,Points given,australia,slovenia,8
2592,liverpool-2023,2023,Points given,austria,slovenia,10
2593,liverpool-2023,2023,Points given,belgium,slovenia,3
2594,liverpool-2023,2023,Points given,cyprus,slovenia,2
2595,liverpool-2023,2023,Points given,denmark,slovenia,2
2596,liverpool-2023,2023,Points given,estonia,slovenia,7
2597,liverpool-2023,2023,Points given,georgia,slovenia,1
2598,liverpool-2023,2023,Points given,greece,slovenia,2
2599,liverpool-2023,2023,Points given,iceland,slovenia,1
2600,liverpool-2023,2023,Points given,lithuania,slovenia,7
2601,liverpool-2023,2023,Points given,poland,slovenia,12
2602,liverpool-2023,2023,Points given,romania,slovenia,12
2603,liverpool-2023,2023,Points given,spain,slovenia,12
2604,liverpool-2023,2023,Points given,ukraine,slovenia,6
2605,liverpool-2023,2023,Points given,united kingdom,slovenia,3
2606,liverpool-2023,2023,Points given,albania,armenia,8
2607,liverpool-2023,2023,Points given,australia,armenia,2
2608,liverpool-2023,2023,Points given,austria,armenia,4
2609,liverpool-2023,2023,Points given,belgium,armenia,12
2610,liverpool-2023,2023,Points given,cyprus,armenia,10
2611,liverpool-2023,2023,Points given,estonia,armenia,3
2612,liverpool-2023,2023,Points given,georgia,armenia,12
2613,liverpool-2023,2023,Points given,greece,armenia,8
2614,liverpool-2023,2023,Points given,lithuania,armenia,1
2615,liverpool-2023,2023,Points given,poland,armenia,5
2616,liverpool-2023,2023,Points given,romania,armenia,6
2617,liverpool-2023,2023,Points given,san marino,armenia,4
2618,liverpool-2023,2023,Points given,slovenia,armenia,1
2619,liverpool-2023,2023,Points given,spain,armenia,10
2620,liverpool-2023,2023,Points given,ukraine,armenia,3
2621,liverpool-2023,2023,Points given,albania,cyprus,6
2622,liverpool-2023,2023,Points given,armenia,cyprus,10
2623,liverpool-2023,2023,Points given,australia,cyprus,10
2624,liverpool-2023,2023,Points given,austria,cyprus,2
2625,liverpool-2023,2023,Points given,belgium,cyprus,4
2626,liverpool-2023,2023,Points given,denmark,cyprus,4
2627,liverpool-2023,2023,Points given,estonia,cyprus,5
2628,liverpool-2023,2023,Points given,georgia,cyprus,5
2629,liverpool-2023,2023,Points given,greece,cyprus,12
2630,liverpool-2023,2023,Points given,iceland,cyprus,5
2631,liverpool-2023,2023,Points given,lithuania,cyprus,4
2632,liverpool-2023,2023,Points given,poland,cyprus,7
2633,liverpool-2023,2023,Points given,romania,cyprus,4
2634,liverpool-2023,2023,Points given,san marino,cyprus,1
2635,liverpool-2023,2023,Points given,slovenia,cyprus,4
2636,liverpool-2023,2023,Points given,spain,cyprus,3
2637,liverpool-2023,2023,Points given,ukraine,cyprus,4
2638,liverpool-2023,2023,Points given,united kingdom,cyprus,4
2639,liverpool-2023,2023,Points given,albania,belgium,3
2640,liverpool-2023,2023,Points given,armenia,belgium,1
2641,liverpool-2023,2023,Points given,australia,belgium,7
2642,liverpool-2023,2023,Points given,austria,belgium,12
2643,liverpool-2023,2023,Points given,cyprus,belgium,4
2644,liverpool-2023,2023,Points given,denmark,belgium,8
2645,liverpool-2023,2023,Points given,estonia,belgium,4
2646,liverpool-2023,2023,Points given,georgia,belgium,3
2647,liverpool-2023,2023,Points given,greece,belgium,1
2648,liverpool-2023,2023,Points given,iceland,belgium,7
2649,liverpool-2023,2023,Points given,lithuania,belgium,5
2650,liverpool-2023,2023,Points given,poland,belgium,3
2651,liverpool-2023,2023,Points given,san marino,belgium,5
2652,liverpool-2023,2023,Points given,slovenia,belgium,7
2653,liverpool-2023,2023,Points given,spain,belgium,8
2654,liverpool-2023,2023,Points given,ukraine,belgium,1
2655,liverpool-2023,2023,Points given,united kingdom,belgium,6
2656,liverpool-2023,2023,Points given,armenia,albania,7
2657,liverpool-2023,2023,Points given,australia,albania,3
2658,liverpool-2023,2023,Points given,austria,albania,6
2659,liverpool-2023,2023,Points given,belgium,albania,8
2660,liverpool-2023,2023,Points given,cyprus,albania,1
2661,liverpool-2023,2023,Points given,denmark,albania,3
2662,liverpool-2023,2023,Points given,greece,albania,10
2663,liverpool-2023,2023,Points given,iceland,albania,2
2664,liverpool-2023,2023,Points given,poland,albania,4
2665,liverpool-2023,2023,Points given,romania,albania,8
2666,liverpool-2023,2023,Points given,slovenia,albania,12
2667,liverpool-2023,2023,Points given,spain,albania,2
2668,liverpool-2023,2023,Points given,united kingdom,albania,5
2669,liverpool-2023,2023,Points given,albania,estonia,2
2670,liverpool-2023,2023,Points given,armenia,estonia,6
2671,liverpool-2023,2023,Points given,australia,estonia,4
2672,liverpool-2023,2023,Points given,austria,estonia,3
2673,liverpool-2023,2023,Points given,belgium,estonia,2
2674,liverpool-2023,2023,Points given,cyprus,estonia,3
2675,liverpool-2023,2023,Points given,denmark,estonia,1
2676,liverpool-2023,2023,Points given,georgia,estonia,2
2677,liverpool-2023,2023,Points given,greece,estonia,3
2678,liverpool-2023,2023,Points given,iceland,estonia,3
2679,liverpool-2023,2023,Points given,lithuania,estonia,10
2680,liverpool-2023,2023,Points given,poland,estonia,2
2681,liverpool-2023,2023,Points given,romania,estonia,5
2682,liverpool-2023,2023,Points given,san marino,estonia,10
2683,liverpool-2023,2023,Points given,slovenia,estonia,5
2684,liverpool-2023,2023,Points given,spain,estonia,1
2685,liverpool-2023,2023,Points given,ukraine,estonia,8
2686,liverpool-2023,2023,Points given,united kingdom,estonia,2
2687,liverpool-2023,2023,Points given,albania,iceland,1
2688,liverpool-2023,2023,Points given,australia,iceland,5
2689,liverpool-2023,2023,Points given,austria,iceland,1
2690,liverpool-2023,2023,Points given,belgium,iceland,1
2691,liverpool-2023,2023,Points given,denmark,iceland,12
2692,liverpool-2023,2023,Points given,estonia,iceland,2
2693,liverpool-2023,2023,Points given,georgia,iceland,6
2694,liverpool-2023,2023,Points given,lithuania,iceland,2
2695,liverpool-2023,2023,Points given,san marino,iceland,7
2696,liverpool-2023,2023,Points given,slovenia,iceland,3
2697,liverpool-2023,2023,Points given,united kingdom,iceland,1
2698,liverpool-2023,2023,Points given,armenia,georgia,12
2699,liverpool-2023,2023,Points given,australia,georgia,1
2700,liverpool-2023,2023,Points given,estonia,georgia,1
2701,liverpool-2023,2023,Points given,greece,georgia,7
2702,liverpool-2023,2023,Points given,lithuania,georgia,3
2703,liverpool-2023,2023,Points given,poland,georgia,1
2704,liverpool-2023,2023,Points given,romania,georgia,2
2705,liverpool-2023,2023,Points given,san marino,georgia,3
2706,liverpool-2023,2023,Points given,ukraine,georgia,2
2707,liverpool-2023,2023,Points given,armenia,greece,2
2708,liverpool-2023,2023,Points given,cyprus,greece,12
2709,liverpool-2023,2023,Points given,iceland,denmark,6
2710,malmo-2024,2024,Points given by the jury,albania,switzerland,12
2711,malmo-2024,2024,Points given by the jury,armenia,switzerland,7
2712,malmo-2024,2024,Points given by the jury,australia,switzerland,10
2713,malmo-2024,2024,Points given by the jury,austria,switzerland,12
2714,malmo-2024,2024,Points given by the jury,azerbaijan,switzerland,12
2715,malmo-2024,2024,Points given by the jury,belgium,switzerland,10
2716,malmo-2024,2024,Points given by the jury,cyprus,switzerland,6
2717,malmo-2024,2024,Points given by the jury,czech republic,switzerland,10
2718,malmo-2024,2024,Points given by the jury,denmark,switzerland,12
2719,malmo-2024,2024,Points given by the jury,estonia,switzerland,12
2720,malmo-2024,2024,Points given by the jury,finland,switzerland,12
2721,malmo-2024,2024,Points given by the jury,france,switzerland,5
2722,malmo-2024,2024,Points given by the jury,georgia,switzerland,12
2723,malmo-2024,2024,Points given by the jury,germany,switzerland,5
2724,malmo-2024,2024,Points given by the jury,greece,switzerland,12
2725,malmo-2024,2024,Points given by the jury,iceland,switzerland,6
2726,malmo-2024,2024,Points given by the jury,ireland,switzerland,12
2727,malmo-2024,2024,Points given by the jury,israel,switzerland,5
2728,malmo-2024,2024,Points given by the jury,italy,switzerland,12
2729,malmo-2024,2024,Points given by the jury,latvia,switzerland,12
2730,malmo-2024,2024,Points given by the jury,lithuania,switzerland,12
2731,malmo-2024,2024,Points given by the jury,luxembourg,switzerland,12
2732,malmo-2024,2024,Points given by the jury,malta,switzerland,12
2733,malmo-2024,2024,Points given by the jury,moldova,switzerland,7
2734,malmo-2024,2024,Points given by the jury,the netherlands,switzerland,12
2735,malmo-2024,2024,Points given by the jury,norway,switzerland,12
2736,malmo-2024,2024,Points given by the jury,poland,switzerland,12
2737,malmo-2024,2024,Points given by the jury,portugal,switzerland,12
2738,malmo-2024,2024,Points given by the jury,san marino,switzerland,12
2739,malmo-2024,2024,Points given by the jury,serbia,switzerland,10
2740,malmo-2024,2024,Points given by the jury,slovenia,switzerland,10
2741,malmo-2024,2024,Points given by the jury,spain,switzerland,12
2742,malmo-2024,2024,Points given by the jury,sweden,switzerland,12
2743,malmo-2024,2024,Points given by the jury,ukraine,switzerland,12
2744,malmo-2024,2024,Points given by the jury,united kingdom,switzerland,10
2745,malmo-2024,2024,Points given by televoters,albania,switzerland,3
2746,malmo-2024,2024,Points given by televoters,armenia,switzerland,8
2747,malmo-2024,2024,Points given by televoters,australia,switzerland,7
2748,malmo-2024,2024,Points given by televoters,austria,switzerland,8
2749,malmo-2024,2024,Points given by televoters,azerbaijan,switzerland,10
2750,malmo-2024,2024,Points given by televoters,belgium,switzerland,6
2751,malmo-2024,2024,Points given by televoters,croatia,switzerland,1
2752,malmo-2024,2024,Points given by televoters,cyprus,switzerland,6
2753,malmo-2024,2024,Points given by televoters,czech republic,switzerland,7
2754,malmo-2024,2024,Points given by televoters,denmark,switzerland,5
2755,malmo-2024,2024,Points given by televoters,estonia,switzerland,7
2756,malmo-2024,2024,Points given by televoters,finland,switzerland,8
2757,malmo-2024,2024,Points given by televoters,france,switzerland,6
2758,malmo-2024,2024,Points given by televoters,georgia,switzerland,7
2759,malmo-2024,2024,Points given by televoters,germany,switzerland,7
2760,malmo-2024,2024,Points given by televoters,greece,switzerland,8
2761,malmo-2024,2024,Points given by televoters,iceland,switzerland,6
2762,malmo-2024,2024,Points given by televoters,ireland,switzerland,6
2763,malmo-2024,2024,Points given by televoters,italy,switzerland,7
2764,malmo-2024,2024,Points given by televoters,latvia,switzerland,4
2765,malmo-2024,2024,Points given by televoters,lithuania,switzerland,8
2766,malmo-2024,2024,Points given by televoters,luxembourg,switzerland,2
2767,malmo-2024,2024,Points given by televoters,malta,switzerland,6
2768,malmo-2024,2024,Points given by televoters,moldova,switzerland,5
2769,malmo-2024,2024,Points given by televoters,the netherlands,switzerland,7
2770,malmo-2024,2024,Points given by televoters,norway,switzerland,6
2771,malmo-2024,2024,Points given by televoters,poland,switzerland,8
2772,malmo-2024,2024,Points given by televoters,portugal,switzerland,6
2773,malmo-2024,2024,Points given by televoters,san marino,switzerland,5
2774,malmo-2024,2024,Points given by televoters,serbia,switzerland,6
2775,malmo-2024,2024,Points given by televoters,slovenia,switzerland,4
2776,malmo-2024,2024,Points given by televoters,spain,switzerland,6
2777,malmo-2024,2024,Points given by televoters,sweden,switzerland,7
2778,malmo-2024,2024,Points given by televoters,ukraine,switzerland,12
2779,malmo-2024,2024,Points given by televoters,united kingdom,switzerland,5
2780,malmo-2024,2024,Points given by the jury,albania,croatia,3
2781,malmo-2024,2024,Points given by the jury,armenia,croatia,6
2782,malmo-2024,2024,Points given by the jury,australia,croatia,8
2783,malmo-2024,2024,Points given by the jury,austria,croatia,8
2784,malmo-2024,2024,Points given by the jury,azerbaijan,croatia,4
2785,malmo-2024,2024,Points given by the jury,cyprus,croatia,12
2786,malmo-2024,2024,Points given by the jury,czech republic,croatia,2
2787,malmo-2024,2024,Points given by the jury,denmark,croatia,8
2788,malmo-2024,2024,Points given by the jury,estonia,croatia,8
2789,malmo-2024,2024,Points given by the jury,finland,croatia,10
2790,malmo-2024,2024,Points given by the jury,france,croatia,2
2791,malmo-2024,2024,Points given by the jury,georgia,croatia,1
2792,malmo-2024,2024,Points given by the jury,germany,croatia,6
2793,malmo-2024,2024,Points given by the jury,iceland,croatia,10
2794,malmo-2024,2024,Points given by the jury,ireland,croatia,7
2795,malmo-2024,2024,Points given by the jury,israel,croatia,4
2796,malmo-2024,2024,Points given by the jury,italy,croatia,8
2797,malmo-2024,2024,Points given by the jury,latvia,croatia,6
2798,malmo-2024,2024,Points given by the jury,lithuania,croatia,10
2799,malmo-2024,2024,Points given by the jury,luxembourg,croatia,6
2800,malmo-2024,2024,Points given by the jury,malta,croatia,10
2801,malmo-2024,2024,Points given by the jury,moldova,croatia,8
2802,malmo-2024,2024,Points given by the jury,the netherlands,croatia,7
2803,malmo-2024,2024,Points given by the jury,poland,croatia,8
2804,malmo-2024,2024,Points given by the jury,serbia,croatia,12
2805,malmo-2024,2024,Points given by the jury,slovenia,croatia,6
2806,malmo-2024,2024,Points given by the jury,sweden,croatia,10
2807,malmo-2024,2024,Points given by the jury,switzerland,croatia,8
2808,malmo-2024,2024,Points given by the jury,ukraine,croatia,4
2809,malmo-2024,2024,Points given by the jury,united kingdom,croatia,8
2810,malmo-2024,2024,Points given by televoters,albania,croatia,12
2811,malmo-2024,2024,Points given by televoters,armenia,croatia,7
2812,malmo-2024,2024,Points given by televoters,australia,croatia,10
2813,malmo-2024,2024,Points given by televoters,austria,croatia,12
2814,malmo-2024,2024,Points given by televoters,azerbaijan,croatia,12
2815,malmo-2024,2024,Points given by televoters,belgium,croatia,8
2816,malmo-2024,2024,Points given by televoters,cyprus,croatia,5
2817,malmo-2024,2024,Points given by televoters,czech republic,croatia,8
2818,malmo-2024,2024,Points given by televoters,denmark,croatia,12
2819,malmo-2024,2024,Points given by televoters,estonia,croatia,10
2820,malmo-2024,2024,Points given by televoters,finland,croatia,10
2821,malmo-2024,2024,Points given by televoters,france,croatia,7
2822,malmo-2024,2024,Points given by televoters,georgia,croatia,5
2823,malmo-2024,2024,Points given by televoters,germany,croatia,10
2824,malmo-2024,2024,Points given by televoters,greece,croatia,6
2825,malmo-2024,2024,Points given by televoters,iceland,croatia,12
2826,malmo-2024,2024,Points given by televoters,ireland,croatia,12
2827,malmo-2024,2024,Points given by televoters,israel,croatia,5
2828,malmo-2024,2024,Points given by televoters,italy,croatia,8
2829,malmo-2024,2024,Points given by televoters,latvia,croatia,5
2830,malmo-2024,2024,Points given by televoters,lithuania,croatia,10
2831,malmo-2024,2024,Points given by televoters,luxembourg,croatia,10
2832,malmo-2024,2024,Points given by televoters,malta,croatia,10
2833,malmo-2024,2024,Points given by televoters,moldova,croatia,7
2834,malmo-2024,2024,Points given by televoters,the netherlands,croatia,10
2835,malmo-2024,2024,Points given by televoters,norway,croatia,12
2836,malmo-2024,2024,Points given by televoters,poland,croatia,10
2837,malmo-2024,2024,Points given by televoters,portugal,croatia,7
2838,malmo-2024,2024,Points given by televoters,san marino,croatia,8
2839,malmo-2024,2024,Points given by televoters,serbia,croatia,12
2840,malmo-2024,2024,Points given by televoters,slovenia,croatia,12
2841,malmo-2024,2024,Points given by televoters,spain,croatia,8
2842,malmo-2024,2024,Points given by televoters,sweden,croatia,10
2843,malmo-2024,2024,Points given by televoters,switzerland,croatia,10
2844,malmo-2024,2024,Points given by televoters,ukraine,croatia,10
2845,malmo-2024,2024,Points given by televoters,united kingdom,croatia,7
2846,malmo-2024,2024,Points given by the jury,australia,ukraine,1
2847,malmo-2024,2024,Points given by the jury,austria,ukraine,6
2848,malmo-2024,2024,Points given by the jury,azerbaijan,ukraine,1
2849,malmo-2024,2024,Points given by the jury,belgium,ukraine,1
2850,malmo-2024,2024,Points given by the jury,croatia,ukraine,7
2851,malmo-2024,2024,Points given by the jury,cyprus,ukraine,1
2852,malmo-2024,2024,Points given by the jury,czech republic,ukraine,12
2853,malmo-2024,2024,Points given by the jury,denmark,ukraine,6
2854,malmo-2024,2024,Points given by the jury,estonia,ukraine,10
2855,malmo-2024,2024,Points given by the jury,finland,ukraine,8
2856,malmo-2024,2024,Points given by the jury,france,ukraine,10
2857,malmo-2024,2024,Points given by the jury,georgia,ukraine,5
2858,malmo-2024,2024,Points given by the jury,germany,ukraine,4
2859,malmo-2024,2024,Points given by the jury,greece,ukraine,2
2860,malmo-2024,2024,Points given by the jury,iceland,ukraine,3
2861,malmo-2024,2024,Points given by the jury,ireland,ukraine,2
2862,malmo-2024,2024,Points given by the jury,israel,ukraine,8
2863,malmo-2024,2024,Points given by the jury,latvia,ukraine,8
2864,malmo-2024,2024,Points given by the jury,lithuania,ukraine,6
2865,malmo-2024,2024,Points given by the jury,luxembourg,ukraine,5
2866,malmo-2024,2024,Points given by the jury,moldova,ukraine,12
2867,malmo-2024,2024,Points given by the jury,the netherlands,ukraine,2
2868,malmo-2024,2024,Points given by the jury,norway,ukraine,4
2869,malmo-2024,2024,Points given by the jury,poland,ukraine,10
2870,malmo-2024,2024,Points given by the jury,portugal,ukraine,6
2871,malmo-2024,2024,Points given by the jury,serbia,ukraine,1
2872,malmo-2024,2024,Points given by the jury,sweden,ukraine,3
2873,malmo-2024,2024,Points given by the jury,switzerland,ukraine,2
2874,malmo-2024,2024,Points given by televoters,albania,ukraine,7
2875,malmo-2024,2024,Points given by televoters,armenia,ukraine,3
2876,malmo-2024,2024,Points given by televoters,australia,ukraine,6
2877,malmo-2024,2024,Points given by televoters,austria,ukraine,7
2878,malmo-2024,2024,Points given by televoters,azerbaijan,ukraine,8
2879,malmo-2024,2024,Points given by televoters,belgium,ukraine,7
2880,malmo-2024,2024,Points given by televoters,croatia,ukraine,8
2881,malmo-2024,2024,Points given by televoters,cyprus,ukraine,8
2882,malmo-2024,2024,Points given by televoters,czech republic,ukraine,12
2883,malmo-2024,2024,Points given by televoters,denmark,ukraine,10
2884,malmo-2024,2024,Points given by televoters,estonia,ukraine,12
2885,malmo-2024,2024,Points given by televoters,finland,ukraine,6
2886,malmo-2024,2024,Points given by televoters,france,ukraine,8
2887,malmo-2024,2024,Points given by televoters,georgia,ukraine,12
2888,malmo-2024,2024,Points given by televoters,germany,ukraine,8
2889,malmo-2024,2024,Points given by televoters,greece,ukraine,3
2890,malmo-2024,2024,Points given by televoters,iceland,ukraine,5
2891,malmo-2024,2024,Points given by televoters,ireland,ukraine,8
2892,malmo-2024,2024,Points given by televoters,israel,ukraine,10
2893,malmo-2024,2024,Points given by televoters,italy,ukraine,10
2894,malmo-2024,2024,Points given by televoters,latvia,ukraine,10
2895,malmo-2024,2024,Points given by televoters,lithuania,ukraine,12
2896,malmo-2024,2024,Points given by televoters,luxembourg,ukraine,7
2897,malmo-2024,2024,Points given by televoters,malta,ukraine,12
2898,malmo-2024,2024,Points given by televoters,moldova,ukraine,12
2899,malmo-2024,2024,Points given by televoters,the netherlands,ukraine,8
2900,malmo-2024,2024,Points given by televoters,norway,ukraine,8
2901,malmo-2024,2024,Points given by televoters,poland,ukraine,12
2902,malmo-2024,2024,Points given by televoters,portugal,ukraine,10
2903,malmo-2024,2024,Points given by televoters,san marino,ukraine,10
2904,malmo-2024,2024,Points given by televoters,slovenia,ukraine,8
2905,malmo-2024,2024,Points given by televoters,spain,ukraine,10
2906,malmo-2024,2024,Points given by televoters,sweden,ukraine,8
2907,malmo-2024,2024,Points given by televoters,switzerland,ukraine,6
2908,malmo-2024,2024,Points given by televoters,united kingdom,ukraine,6
2909,malmo-2024,2024,Points given by the jury,armenia,france,12
2910,malmo-2024,2024,Points given by the jury,austria,france,5
2911,malmo-2024,2024,Points given by the jury,belgium,france,12
2912,malmo-2024,2024,Points given by the jury,croatia,france,4
2913,malmo-2024,2024,Points given by the jury,cyprus,france,10
2914,malmo-2024,2024,Points given by the jury,czech republic,france,4
2915,malmo-2024,2024,Points given by the jury,denmark,france,10
2916,malmo-2024,2024,Points given by the jury,estonia,france,7
2917,malmo-2024,2024,Points given by the jury,finland,france,5
2918,malmo-2024,2024,Points given by the jury,georgia,france,10
2919,malmo-2024,2024,Points given by the jury,germany,france,10
2920,malmo-2024,2024,Points given by the jury,greece,france,7
2921,malmo-2024,2024,Points given by the jury,iceland,france,12
2922,malmo-2024,2024,Points given by the jury,ireland,france,3
2923,malmo-2024,2024,Points given by the jury,israel,france,1
2924,malmo-2024,2024,Points given by the jury,italy,france,1
2925,malmo-2024,2024,Points given by the jury,latvia,france,10
2926,malmo-2024,2024,Points given by the jury,lithuania,france,7
2927,malmo-2024,2024,Points given by the jury,luxembourg,france,10
2928,malmo-2024,2024,Points given by the jury,malta,france,6
2929,malmo-2024,2024,Points given by the jury,moldova,france,6
2930,malmo-2024,2024,Points given by the jury,the netherlands,france,10
2931,malmo-2024,2024,Points given by the jury,norway,france,10
2932,malmo-2024,2024,Points given by the jury,poland,france,3
2933,malmo-2024,2024,Points given by the jury,serbia,france,8
2934,malmo-2024,2024,Points given by the jury,slovenia,france,12
2935,malmo-2024,2024,Points given by the jury,spain,france,7
2936,malmo-2024,2024,Points given by the jury,sweden,france,5
2937,malmo-2024,2024,Points given by the jury,switzerland,france,5
2938,malmo-2024,2024,Points given by the jury,ukraine,france,6
2939,malmo-2024,2024,Points given by televoters,albania,france,6
2940,malmo-2024,2024,Points given by televoters,armenia,france,12
2941,malmo-2024,2024,Points given by televoters,australia,france,2
2942,malmo-2024,2024,Points given by televoters,austria,france,6
2943,malmo-2024,2024,Points given by televoters,azerbaijan,france,2
2944,malmo-2024,2024,Points given by televoters,belgium,france,10
2945,malmo-2024,2024,Points given by televoters,croatia,france,6
2946,malmo-2024,2024,Points given by televoters,cyprus,france,7
2947,malmo-2024,2024,Points given by televoters,czech republic,france,4
2948,malmo-2024,2024,Points given by televoters,denmark,france,7
2949,malmo-2024,2024,Points given by televoters,estonia,france,5
2950,malmo-2024,2024,Points given by televoters,finland,france,4
2951,malmo-2024,2024,Points given by televoters,georgia,france,6
2952,malmo-2024,2024,Points given by televoters,germany,france,6
2953,malmo-2024,2024,Points given by televoters,greece,france,10
2954,malmo-2024,2024,Points given by televoters,iceland,france,10
2955,malmo-2024,2024,Points given by televoters,ireland,france,4
2956,malmo-2024,2024,Points given by televoters,israel,france,2
2957,malmo-2024,2024,Points given by televoters,italy,france,6
2958,malmo-2024,2024,Points given by televoters,latvia,france,6
2959,malmo-2024,2024,Points given by televoters,lithuania,france,7
2960,malmo-2024,2024,Points given by televoters,luxembourg,france,8
2961,malmo-2024,2024,Points given by televoters,malta,france,7
2962,malmo-2024,2024,Points given by televoters,moldova,france,6
2963,malmo-2024,2024,Points given by televoters,the netherlands,france,5
2964,malmo-2024,2024,Points given by televoters,norway,france,7
2965,malmo-2024,2024,Points given by televoters,poland,france,7
2966,malmo-2024,2024,Points given by televoters,portugal,france,8
2967,malmo-2024,2024,Points given by televoters,san marino,france,6
2968,malmo-2024,2024,Points given by televoters,serbia,france,10
2969,malmo-2024,2024,Points given by televoters,slovenia,france,7
2970,malmo-2024,2024,Points given by televoters,spain,france,5
2971,malmo-2024,2024,Points given by televoters,sweden,france,6
2972,malmo-2024,2024,Points given by televoters,switzerland,france,7
2973,malmo-2024,2024,Points given by televoters,ukraine,france,6
2974,malmo-2024,2024,Points given by televoters,united kingdom,france,2
2975,malmo-2024,2024,Points given by the jury,belgium,israel,5
2976,malmo-2024,2024,Points given by the jury,cyprus,israel,8
2977,malmo-2024,2024,Points given by the jury,estonia,israel,5
2978,malmo-2024,2024,Points given by the jury,france,israel,3
2979,malmo-2024,2024,Points given by the jury,georgia,israel,3
2980,malmo-2024,2024,Points given by the jury,germany,israel,8
2981,malmo-2024,2024,Points given by the jury,latvia,israel,2
2982,malmo-2024,2024,Points given by the jury,lithuania,israel,4
2983,malmo-2024,2024,Points given by the jury,malta,israel,3
2984,malmo-2024,2024,Points given by the jury,moldova,israel,3
2985,malmo-2024,2024,Points given by the jury,norway,israel,8
2986,malmo-2024,2024,Points given by televoters,albania,israel,10
2987,malmo-2024,2024,Points given by televoters,armenia,israel,1
2988,malmo-2024,2024,Points given by televoters,australia,israel,12
2989,malmo-2024,2024,Points given by televoters,austria,israel,10
2990,malmo-2024,2024,Points given by televoters,azerbaijan,israel,7
2991,malmo-2024,2024,Points given by televoters,belgium,israel,12
2992,malmo-2024,2024,Points given by televoters,cyprus,israel,10
2993,malmo-2024,2024,Points given by televoters,czech republic,israel,10
2994,malmo-2024,2024,Points given by televoters,denmark,israel,8
2995,malmo-2024,2024,Points given by televoters,estonia,israel,6
2996,malmo-2024,2024,Points given by televoters,finland,israel,12
2997,malmo-2024,2024,Points given by televoters,france,israel,12
2998,malmo-2024,2024,Points given by televoters,georgia,israel,8
2999,malmo-2024,2024,Points given by televoters,germany,israel,12
3000,malmo-2024,2024,Points given by televoters,greece,israel,7
3001,malmo-2024,2024,Points given by televoters,iceland,israel,8
3002,malmo-2024,2024,Points given by televoters,ireland,israel,10
3003,malmo-2024,2024,Points given by televoters,italy,israel,12
3004,malmo-2024,2024,Points given by televoters,latvia,israel,7
3005,malmo-2024,2024,Points given by televoters,lithuania,israel,3
3006,malmo-2024,2024,Points given by televoters,luxembourg,israel,12
3007,malmo-2024,2024,Points given by televoters,malta,israel,5
3008,malmo-2024,2024,Points given by televoters,moldova,israel,10
3009,malmo-2024,2024,Points given by televoters,the netherlands,israel,12
3010,malmo-2024,2024,Points given by televoters,norway,israel,5
3011,malmo-2024,2024,Points given by televoters,poland,israel,5
3012,malmo-2024,2024,Points given by televoters,portugal,israel,12
3013,malmo-2024,2024,Points given by televoters,san marino,israel,12
3014,malmo-2024,2024,Points given by televoters,serbia,israel,3
3015,malmo-2024,2024,Points given by televoters,slovenia,israel,10
3016,malmo-2024,2024,Points given by televoters,spain,israel,12
3017,malmo-2024,2024,Points given by televoters,sweden,israel,12
3018,malmo-2024,2024,Points given by televoters,switzerland,israel,12
3019,malmo-2024,2024,Points given by televoters,united kingdom,israel,12
3020,malmo-2024,2024,Points given by the jury,australia,ireland,12
3021,malmo-2024,2024,Points given by the jury,austria,ireland,3
3022,malmo-2024,2024,Points given by the jury,azerbaijan,ireland,10
3023,malmo-2024,2024,Points given by the jury,belgium,ireland,4
3024,malmo-2024,2024,Points given by the jury,croatia,ireland,8
3025,malmo-2024,2024,Points given by the jury,czech republic,ireland,7
3026,malmo-2024,2024,Points given by the jury,denmark,ireland,7
3027,malmo-2024,2024,Points given by the jury,finland,ireland,6
3028,malmo-2024,2024,Points given by the jury,iceland,ireland,7
3029,malmo-2024,2024,Points given by the jury,italy,ireland,10
3030,malmo-2024,2024,Points given by the jury,lithuania,ireland,3
3031,malmo-2024,2024,Points given by the jury,malta,ireland,7
3032,malmo-2024,2024,Points given by the jury,poland,ireland,1
3033,malmo-2024,2024,Points given by the jury,portugal,ireland,10
3034,malmo-2024,2024,Points given by the jury,san marino,ireland,7
3035,malmo-2024,2024,Points given by the jury,serbia,ireland,2
3036,malmo-2024,2024,Points given by the jury,slovenia,ireland,1
3037,malmo-2024,2024,Points given by the jury,spain,ireland,10
3038,malmo-2024,2024,Points given by the jury,switzerland,ireland,10
3039,malmo-2024,2024,Points given by the jury,ukraine,ireland,10
3040,malmo-2024,2024,Points given by the jury,united kingdom,ireland,7
3041,malmo-2024,2024,Points given by televoters,armenia,ireland,2
3042,malmo-2024,2024,Points given by televoters,australia,ireland,8
3043,malmo-2024,2024,Points given by televoters,austria,ireland,2
3044,malmo-2024,2024,Points given by televoters,azerbaijan,ireland,4
3045,malmo-2024,2024,Points given by televoters,belgium,ireland,2
3046,malmo-2024,2024,Points given by televoters,croatia,ireland,5
3047,malmo-2024,2024,Points given by televoters,cyprus,ireland,2
3048,malmo-2024,2024,Points given by televoters,czech republic,ireland,6
3049,malmo-2024,2024,Points given by televoters,denmark,ireland,3
3050,malmo-2024,2024,Points given by televoters,estonia,ireland,2
3051,malmo-2024,2024,Points given by televoters,finland,ireland,5
3052,malmo-2024,2024,Points given by televoters,georgia,ireland,4
3053,malmo-2024,2024,Points given by televoters,germany,ireland,1
3054,malmo-2024,2024,Points given by televoters,greece,ireland,2
3055,malmo-2024,2024,Points given by televoters,iceland,ireland,3
3056,malmo-2024,2024,Points given by televoters,italy,ireland,3
3057,malmo-2024,2024,Points given by televoters,latvia,ireland,3
3058,malmo-2024,2024,Points given by televoters,lithuania,ireland,5
3059,malmo-2024,2024,Points given by televoters,malta,ireland,4
3060,malmo-2024,2024,Points given by televoters,moldova,ireland,2
3061,malmo-2024,2024,Points given by televoters,the netherlands,ireland,6
3062,malmo-2024,2024,Points given by televoters,norway,ireland,4
3063,malmo-2024,2024,Points given by televoters,poland,ireland,6
3064,malmo-2024,2024,Points given by televoters,portugal,ireland,5
3065,malmo-2024,2024,Points given by televoters,san marino,ireland,2
3066,malmo-2024,2024,Points given by televoters,serbia,ireland,7
3067,malmo-2024,2024,Points given by televoters,slovenia,ireland,2
3068,malmo-2024,2024,Points given by televoters,spain,ireland,7
3069,malmo-2024,2024,Points given by televoters,sweden,ireland,4
3070,malmo-2024,2024,Points given by televoters,ukraine,ireland,8
3071,malmo-2024,2024,Points given by televoters,united kingdom,ireland,10
3072,malmo-2024,2024,Points given by the jury,albania,italy,10
3073,malmo-2024,2024,Points given by the jury,armenia,italy,8
3074,malmo-2024,2024,Points given by the jury,australia,italy,7
3075,malmo-2024,2024,Points given by the jury,austria,italy,10
3076,malmo-2024,2024,Points given by the jury,azerbaijan,italy,6
3077,malmo-2024,2024,Points given by the jury,belgium,italy,7
3078,malmo-2024,2024,Points given by the jury,croatia,italy,6
3079,malmo-2024,2024,Points given by the jury,cyprus,italy,3
3080,malmo-2024,2024,Points given by the jury,estonia,italy,3
3081,malmo-2024,2024,Points given by the jury,georgia,italy,7
3082,malmo-2024,2024,Points given by the jury,germany,italy,2
3083,malmo-2024,2024,Points given by the jury,greece,italy,8
3084,malmo-2024,2024,Points given by the jury,israel,italy,6
3085,malmo-2024,2024,Points given by the jury,malta,italy,8
3086,malmo-2024,2024,Points given by the jury,moldova,italy,10
3087,malmo-2024,2024,Points given by the jury,the netherlands,italy,6
3088,malmo-2024,2024,Points given by the jury,norway,italy,5
3089,malmo-2024,2024,Points given by the jury,poland,italy,7
3090,malmo-2024,2024,Points given by the jury,portugal,italy,5
3091,malmo-2024,2024,Points given by the jury,san marino,italy,10
3092,malmo-2024,2024,Points given by the jury,serbia,italy,6
3093,malmo-2024,2024,Points given by the jury,slovenia,italy,3
3094,malmo-2024,2024,Points given by the jury,spain,italy,1
3095,malmo-2024,2024,Points given by the jury,sweden,italy,7
3096,malmo-2024,2024,Points given by the jury,switzerland,italy,6
3097,malmo-2024,2024,Points given by the jury,ukraine,italy,2
3098,malmo-2024,2024,Points given by the jury,united kingdom,italy,5
3099,malmo-2024,2024,Points given by televoters,albania,italy,8
3100,malmo-2024,2024,Points given by televoters,armenia,italy,6
3101,malmo-2024,2024,Points given by televoters,austria,italy,1
3102,malmo-2024,2024,Points given by televoters,azerbaijan,italy,3
3103,malmo-2024,2024,Points given by televoters,belgium,italy,3
3104,malmo-2024,2024,Points given by televoters,croatia,italy,7
3105,malmo-2024,2024,Points given by televoters,cyprus,italy,3
3106,malmo-2024,2024,Points given by televoters,france,italy,4
3107,malmo-2024,2024,Points given by televoters,georgia,italy,3
3108,malmo-2024,2024,Points given by televoters,germany,italy,3
3109,malmo-2024,2024,Points given by televoters,greece,italy,4
3110,malmo-2024,2024,Points given by televoters,ireland,italy,1
3111,malmo-2024,2024,Points given by televoters,israel,italy,7
3112,malmo-2024,2024,Points given by televoters,lithuania,italy,2
3113,malmo-2024,2024,Points given by televoters,luxembourg,italy,3
3114,malmo-2024,2024,Points given by televoters,malta,italy,8
3115,malmo-2024,2024,Points given by televoters,moldova,italy,4
3116,malmo-2024,2024,Points given by televoters,the netherlands,italy,2
3117,malmo-2024,2024,Points given by televoters,poland,italy,4
3118,malmo-2024,2024,Points given by televoters,portugal,italy,4
3119,malmo-2024,2024,Points given by televoters,san marino,italy,3
3120,malmo-2024,2024,Points given by televoters,serbia,italy,4
3121,malmo-2024,2024,Points given by televoters,slovenia,italy,3
3122,malmo-2024,2024,Points given by televoters,spain,italy,4
3123,malmo-2024,2024,Points given by televoters,sweden,italy,1
3124,malmo-2024,2024,Points given by televoters,switzerland,italy,8
3125,malmo-2024,2024,Points given by the jury,albania,armenia,8
3126,malmo-2024,2024,Points given by the jury,austria,armenia,7
3127,malmo-2024,2024,Points given by the jury,czech republic,armenia,6
3128,malmo-2024,2024,Points given by the jury,denmark,armenia,3
3129,malmo-2024,2024,Points given by the jury,france,armenia,6
3130,malmo-2024,2024,Points given by the jury,georgia,armenia,6
3131,malmo-2024,2024,Points given by the jury,germany,armenia,7
3132,malmo-2024,2024,Points given by the jury,greece,armenia,4
3133,malmo-2024,2024,Points given by the jury,iceland,armenia,5
3134,malmo-2024,2024,Points given by the jury,italy,armenia,3
3135,malmo-2024,2024,Points given by the jury,latvia,armenia,7
3136,malmo-2024,2024,Points given by the jury,luxembourg,armenia,2
3137,malmo-2024,2024,Points given by the jury,the netherlands,armenia,3
3138,malmo-2024,2024,Points given by the jury,norway,armenia,7
3139,malmo-2024,2024,Points given by the jury,portugal,armenia,8
3140,malmo-2024,2024,Points given by the jury,san marino,armenia,8
3141,malmo-2024,2024,Points given by the jury,slovenia,armenia,7
3142,malmo-2024,2024,Points given by the jury,switzerland,armenia,4
3143,malmo-2024,2024,Points given by televoters,albania,armenia,1
3144,malmo-2024,2024,Points given by televoters,australia,armenia,1
3145,malmo-2024,2024,Points given by televoters,austria,armenia,3
3146,malmo-2024,2024,Points given by televoters,belgium,armenia,5
3147,malmo-2024,2024,Points given by televoters,croatia,armenia,3
3148,malmo-2024,2024,Points given by televoters,cyprus,armenia,4
3149,malmo-2024,2024,Points given by televoters,czech republic,armenia,5
3150,malmo-2024,2024,Points given by televoters,france,armenia,10
3151,malmo-2024,2024,Points given by televoters,georgia,armenia,10
3152,malmo-2024,2024,Points given by televoters,germany,armenia,4
3153,malmo-2024,2024,Points given by televoters,greece,armenia,5
3154,malmo-2024,2024,Points given by televoters,israel,armenia,6
3155,malmo-2024,2024,Points given by televoters,italy,armenia,4
3156,malmo-2024,2024,Points given by televoters,latvia,armenia,2
3157,malmo-2024,2024,Points given by televoters,moldova,armenia,1
3158,malmo-2024,2024,Points given by televoters,the netherlands,armenia,3
3159,malmo-2024,2024,Points given by televoters,portugal,armenia,2
3160,malmo-2024,2024,Points given by televoters,serbia,armenia,1
3161,malmo-2024,2024,Points given by televoters,spain,armenia,3
3162,malmo-2024,2024,Points given by televoters,sweden,armenia,2
3163,malmo-2024,2024,Points given by televoters,switzerland,armenia,1
3164,malmo-2024,2024,Points given by televoters,ukraine,armenia,1
3165,malmo-2024,2024,Points given by the jury,australia,sweden,5
3166,malmo-2024,2024,Points given by the jury,azerbaijan,sweden,5
3167,malmo-2024,2024,Points given by the jury,belgium,sweden,3
3168,malmo-2024,2024,Points given by the jury,croatia,sweden,2
3169,malmo-2024,2024,Points given by the jury,cyprus,sweden,2
3170,malmo-2024,2024,Points given by the jury,czech republic,sweden,8
3171,malmo-2024,2024,Points given by the jury,denmark,sweden,5
3172,malmo-2024,2024,Points given by the jury,estonia,sweden,6
3173,malmo-2024,2024,Points given by the jury,finland,sweden,7
3174,malmo-2024,2024,Points given by the jury,germany,sweden,12
3175,malmo-2024,2024,Points given by the jury,greece,sweden,1
3176,malmo-2024,2024,Points given by the jury,iceland,sweden,1
3177,malmo-2024,2024,Points given by the jury,ireland,sweden,10
3178,malmo-2024,2024,Points given by the jury,italy,sweden,6
3179,malmo-2024,2024,Points given by the jury,latvia,sweden,5
3180,malmo-2024,2024,Points given by the jury,lithuania,sweden,5
3181,malmo-2024,2024,Points given by the jury,luxembourg,sweden,1
3182,malmo-2024,2024,Points given by the jury,moldova,sweden,1
3183,malmo-2024,2024,Points given by the jury,norway,sweden,3
3184,malmo-2024,2024,Points given by the jury,poland,sweden,5
3185,malmo-2024,2024,Points given by the jury,portugal,sweden,3
3186,malmo-2024,2024,Points given by the jury,san marino,sweden,2
3187,malmo-2024,2024,Points given by the jury,serbia,sweden,5
3188,malmo-2024,2024,Points given by the jury,spain,sweden,8
3189,malmo-2024,2024,Points given by the jury,ukraine,sweden,8
3190,malmo-2024,2024,Points given by the jury,united kingdom,sweden,6
3191,malmo-2024,2024,Points given by televoters,croatia,sweden,2
3192,malmo-2024,2024,Points given by televoters,cyprus,sweden,1
3193,malmo-2024,2024,Points given by televoters,czech republic,sweden,3
3194,malmo-2024,2024,Points given by televoters,denmark,sweden,6
3195,malmo-2024,2024,Points given by televoters,estonia,sweden,1
3196,malmo-2024,2024,Points given by televoters,greece,sweden,1
3197,malmo-2024,2024,Points given by televoters,iceland,sweden,7
3198,malmo-2024,2024,Points given by televoters,lithuania,sweden,1
3199,malmo-2024,2024,Points given by televoters,malta,sweden,1
3200,malmo-2024,2024,Points given by televoters,moldova,sweden,8
3201,malmo-2024,2024,Points given by televoters,norway,sweden,10
3202,malmo-2024,2024,Points given by televoters,poland,sweden,2
3203,malmo-2024,2024,Points given by televoters,serbia,sweden,5
3204,malmo-2024,2024,Points given by televoters,slovenia,sweden,1
3205,malmo-2024,2024,Points given by the jury,albania,portugal,5
3206,malmo-2024,2024,Points given by the jury,armenia,portugal,10
3207,malmo-2024,2024,Points given by the jury,belgium,portugal,2
3208,malmo-2024,2024,Points given by the jury,croatia,portugal,12
3209,malmo-2024,2024,Points given by the jury,czech republic,portugal,3
3210,malmo-2024,2024,Points given by the jury,france,portugal,12
3211,malmo-2024,2024,Points given by the jury,georgia,portugal,4
3212,malmo-2024,2024,Points given by the jury,greece,portugal,6
3213,malmo-2024,2024,Points given by the jury,iceland,portugal,4
3214,malmo-2024,2024,Points given by the jury,ireland,portugal,5
3215,malmo-2024,2024,Points given by the jury,israel,portugal,3
3216,malmo-2024,2024,Points given by the jury,latvia,portugal,1
3217,malmo-2024,2024,Points given by the jury,lithuania,portugal,8
3218,malmo-2024,2024,Points given by the jury,luxembourg,portugal,3
3219,malmo-2024,2024,Points given by the jury,malta,portugal,1
3220,malmo-2024,2024,Points given by the jury,moldova,portugal,4
3221,malmo-2024,2024,Points given by the jury,the netherlands,portugal,8
3222,malmo-2024,2024,Points given by the jury,poland,portugal,6
3223,malmo-2024,2024,Points given by the jury,san marino,portugal,5
3224,malmo-2024,2024,Points given by the jury,slovenia,portugal,8
3225,malmo-2024,2024,Points given by the jury,spain,portugal,3
3226,malmo-2024,2024,Points given by the jury,sweden,portugal,4
3227,malmo-2024,2024,Points given by the jury,switzerland,portugal,7
3228,malmo-2024,2024,Points given by the jury,ukraine,portugal,3
3229,malmo-2024,2024,Points given by the jury,united kingdom,portugal,12
3230,malmo-2024,2024,Points given by televoters,france,portugal,5
3231,malmo-2024,2024,Points given by televoters,luxembourg,portugal,6
3232,malmo-2024,2024,Points given by televoters,switzerland,portugal,2
3233,malmo-2024,2024,Points given by the jury,albania,greece,7
3234,malmo-2024,2024,Points given by the jury,armenia,greece,4
3235,malmo-2024,2024,Points given by the jury,cyprus,greece,7
3236,malmo-2024,2024,Points given by the jury,france,greece,4
3237,malmo-2024,2024,Points given by the jury,norway,greece,2
3238,malmo-2024,2024,Points given by the jury,serbia,greece,3
3239,malmo-2024,2024,Points given by the jury,slovenia,greece,2
3240,malmo-2024,2024,Points given by the jury,switzerland,greece,12
3241,malmo-2024,2024,Points given by televoters,albania,greece,4
3242,malmo-2024,2024,Points given by televoters,armenia,greece,10
3243,malmo-2024,2024,Points given by televoters,australia,greece,3
3244,malmo-2024,2024,Points given by televoters,azerbaijan,greece,1
3245,malmo-2024,2024,Points given by televoters,belgium,greece,4
3246,malmo-2024,2024,Points given by televoters,cyprus,greece,12
3247,malmo-2024,2024,Points given by televoters,czech republic,greece,2
3248,malmo-2024,2024,Points given by televoters,france,greece,1
3249,malmo-2024,2024,Points given by televoters,georgia,greece,2
3250,malmo-2024,2024,Points given by televoters,germany,greece,5
3251,malmo-2024,2024,Points given by televoters,italy,greece,2
3252,malmo-2024,2024,Points given by televoters,luxembourg,greece,5
3253,malmo-2024,2024,Points given by televoters,malta,greece,2
3254,malmo-2024,2024,Points given by televoters,moldova,greece,3
3255,malmo-2024,2024,Points given by televoters,the netherlands,greece,4
3256,malmo-2024,2024,Points given by televoters,san marino,greece,7
3257,malmo-2024,2024,Points given by televoters,serbia,greece,8
3258,malmo-2024,2024,Points given by televoters,spain,greece,2
3259,malmo-2024,2024,Points given by televoters,switzerland,greece,4
3260,malmo-2024,2024,Points given by televoters,united kingdom,greece,1
3261,malmo-2024,2024,Points given by the jury,armenia,germany,1
3262,malmo-2024,2024,Points given by the jury,belgium,germany,8
3263,malmo-2024,2024,Points given by the jury,czech republic,germany,5
3264,malmo-2024,2024,Points given by the jury,estonia,germany,4
3265,malmo-2024,2024,Points given by the jury,finland,germany,3
3266,malmo-2024,2024,Points given by the jury,france,germany,8
3267,malmo-2024,2024,Points given by the jury,georgia,germany,2
3268,malmo-2024,2024,Points given by the jury,greece,germany,5
3269,malmo-2024,2024,Points given by the jury,iceland,germany,2
3270,malmo-2024,2024,Points given by the jury,ireland,germany,6
3271,malmo-2024,2024,Points given by the jury,israel,germany,10
3272,malmo-2024,2024,Points given by the jury,italy,germany,4
3273,malmo-2024,2024,Points given by the jury,latvia,germany,4
3274,malmo-2024,2024,Points given by the jury,lithuania,germany,1
3275,malmo-2024,2024,Points given by the jury,luxembourg,germany,4
3276,malmo-2024,2024,Points given by the jury,the netherlands,germany,5
3277,malmo-2024,2024,Points given by the jury,norway,germany,6
3278,malmo-2024,2024,Points given by the jury,poland,germany,4
3279,malmo-2024,2024,Points given by the jury,portugal,germany,2
3280,malmo-2024,2024,Points given by the jury,san marino,germany,1
3281,malmo-2024,2024,Points given by the jury,spain,germany,5
3282,malmo-2024,2024,Points given by the jury,ukraine,germany,7
3283,malmo-2024,2024,Points given by the jury,united kingdom,germany,2
3284,malmo-2024,2024,Points given by televoters,austria,germany,4
3285,malmo-2024,2024,Points given by televoters,iceland,germany,2
3286,malmo-2024,2024,Points given by televoters,israel,germany,8
3287,malmo-2024,2024,Points given by televoters,luxembourg,germany,1
3288,malmo-2024,2024,Points given by televoters,switzerland,germany,3
3289,malmo-2024,2024,Points given by the jury,albania,luxembourg,4
3290,malmo-2024,2024,Points given by the jury,australia,luxembourg,2
3291,malmo-2024,2024,Points given by the jury,azerbaijan,luxembourg,8
3292,malmo-2024,2024,Points given by the jury,croatia,luxembourg,5
3293,malmo-2024,2024,Points given by the jury,cyprus,luxembourg,4
3294,malmo-2024,2024,Points given by the jury,denmark,luxembourg,1
3295,malmo-2024,2024,Points given by the jury,finland,luxembourg,4
3296,malmo-2024,2024,Points given by the jury,france,luxembourg,7
3297,malmo-2024,2024,Points given by the jury,germany,luxembourg,3
3298,malmo-2024,2024,Points given by the jury,greece,luxembourg,3
3299,malmo-2024,2024,Points given by the jury,ireland,luxembourg,8
3300,malmo-2024,2024,Points given by the jury,israel,luxembourg,12
3301,malmo-2024,2024,Points given by the jury,malta,luxembourg,4
3302,malmo-2024,2024,Points given by the jury,moldova,luxembourg,2
3303,malmo-2024,2024,Points given by the jury,slovenia,luxembourg,5
3304,malmo-2024,2024,Points given by the jury,sweden,luxembourg,6
3305,malmo-2024,2024,Points given by the jury,ukraine,luxembourg,1
3306,malmo-2024,2024,Points given by the jury,united kingdom,luxembourg,4
3307,malmo-2024,2024,Points given by televoters,belgium,luxembourg,1
3308,malmo-2024,2024,Points given by televoters,france,luxembourg,3
3309,malmo-2024,2024,Points given by televoters,israel,luxembourg,12
3310,malmo-2024,2024,Points given by the jury,estonia,lithuania,2
3311,malmo-2024,2024,Points given by the jury,france,lithuania,1
3312,malmo-2024,2024,Points given by the jury,germany,lithuania,1
3313,malmo-2024,2024,Points given by the jury,moldova,lithuania,5
3314,malmo-2024,2024,Points given by the jury,the netherlands,lithuania,4
3315,malmo-2024,2024,Points given by the jury,portugal,lithuania,7
3316,malmo-2024,2024,Points given by the jury,serbia,lithuania,7
3317,malmo-2024,2024,Points given by the jury,ukraine,lithuania,5
3318,malmo-2024,2024,Points given by televoters,czech republic,lithuania,1
3319,malmo-2024,2024,Points given by televoters,denmark,lithuania,1
3320,malmo-2024,2024,Points given by televoters,estonia,lithuania,4
3321,malmo-2024,2024,Points given by televoters,germany,lithuania,2
3322,malmo-2024,2024,Points given by televoters,iceland,lithuania,4
3323,malmo-2024,2024,Points given by televoters,ireland,lithuania,7
3324,malmo-2024,2024,Points given by televoters,latvia,lithuania,8
3325,malmo-2024,2024,Points given by televoters,luxembourg,lithuania,4
3326,malmo-2024,2024,Points given by televoters,the netherlands,lithuania,1
3327,malmo-2024,2024,Points given by televoters,norway,lithuania,3
3328,malmo-2024,2024,Points given by televoters,poland,lithuania,3
3329,malmo-2024,2024,Points given by televoters,san marino,lithuania,1
3330,malmo-2024,2024,Points given by televoters,spain,lithuania,1
3331,malmo-2024,2024,Points given by televoters,sweden,lithuania,3
3332,malmo-2024,2024,Points given by televoters,ukraine,lithuania,7
3333,malmo-2024,2024,Points given by televoters,united kingdom,lithuania,8
3334,malmo-2024,2024,Points given by the jury,armenia,cyprus,2
3335,malmo-2024,2024,Points given by the jury,australia,cyprus,6
3336,malmo-2024,2024,Points given by the jury,azerbaijan,cyprus,2
3337,malmo-2024,2024,Points given by the jury,croatia,cyprus,1
3338,malmo-2024,2024,Points given by the jury,greece,cyprus,10
3339,malmo-2024,2024,Points given by the jury,luxembourg,cyprus,7
3340,malmo-2024,2024,Points given by the jury,san marino,cyprus,3
3341,malmo-2024,2024,Points given by the jury,sweden,cyprus,2
3342,malmo-2024,2024,Points given by the jury,united kingdom,cyprus,1
3343,malmo-2024,2024,Points given by televoters,albania,cyprus,5
3344,malmo-2024,2024,Points given by televoters,armenia,cyprus,4
3345,malmo-2024,2024,Points given by televoters,australia,cyprus,5
3346,malmo-2024,2024,Points given by televoters,azerbaijan,cyprus,6
3347,malmo-2024,2024,Points given by televoters,greece,cyprus,12
3348,malmo-2024,2024,Points given by televoters,israel,cyprus,1
3349,malmo-2024,2024,Points given by televoters,portugal,cyprus,1
3350,malmo-2024,2024,Points given by televoters,san marino,cyprus,4
3351,malmo-2024,2024,Points given by televoters,slovenia,cyprus,6
3352,malmo-2024,2024,Points given by the jury,denmark,latvia,4
3353,malmo-2024,2024,Points given by the jury,estonia,latvia,1
3354,malmo-2024,2024,Points given by the jury,georgia,latvia,8
3355,malmo-2024,2024,Points given by the jury,luxembourg,latvia,8
3356,malmo-2024,2024,Points given by the jury,malta,latvia,5
3357,malmo-2024,2024,Points given by the jury,the netherlands,latvia,1
3358,malmo-2024,2024,Points given by the jury,poland,latvia,2
3359,malmo-2024,2024,Points given by the jury,spain,latvia,4
3360,malmo-2024,2024,Points given by the jury,united kingdom,latvia,3
3361,malmo-2024,2024,Points given by televoters,denmark,latvia,4
3362,malmo-2024,2024,Points given by televoters,estonia,latvia,3
3363,malmo-2024,2024,Points given by televoters,georgia,latvia,1
3364,malmo-2024,2024,Points given by televoters,ireland,latvia,5
3365,malmo-2024,2024,Points given by televoters,lithuania,latvia,4
3366,malmo-2024,2024,Points given by televoters,norway,latvia,2
3367,malmo-2024,2024,Points given by televoters,ukraine,latvia,5
3368,malmo-2024,2024,Points given by televoters,united kingdom,latvia,4
3369,malmo-2024,2024,Points given by the jury,albania,serbia,1
3370,malmo-2024,2024,Points given by the jury,armenia,serbia,5
3371,malmo-2024,2024,Points given by the jury,croatia,serbia,3
3372,malmo-2024,2024,Points given by the jury,cyprus,serbia,5
3373,malmo-2024,2024,Points given by the jury,denmark,serbia,2
3374,malmo-2024,2024,Points given by the jury,ireland,serbia,1
3375,malmo-2024,2024,Points given by the jury,portugal,serbia,1
3376,malmo-2024,2024,Points given by the jury,slovenia,serbia,4
3377,malmo-2024,2024,Points given by televoters,albania,serbia,2
3378,malmo-2024,2024,Points given by televoters,austria,serbia,5
3379,malmo-2024,2024,Points given by televoters,croatia,serbia,12
3380,malmo-2024,2024,Points given by televoters,malta,serbia,3
3381,malmo-2024,2024,Points given by televoters,slovenia,serbia,5
3382,malmo-2024,2024,Points given by televoters,switzerland,serbia,5
3383,malmo-2024,2024,Points given by the jury,australia,united kingdom,4
3384,malmo-2024,2024,Points given by the jury,belgium,united kingdom,6
3385,malmo-2024,2024,Points given by the jury,iceland,united kingdom,8
3386,malmo-2024,2024,Points given by the jury,ireland,united kingdom,4
3387,malmo-2024,2024,Points given by the jury,latvia,united kingdom,3
3388,malmo-2024,2024,Points given by the jury,portugal,united kingdom,4
3389,malmo-2024,2024,Points given by the jury,serbia,united kingdom,4
3390,malmo-2024,2024,Points given by the jury,spain,united kingdom,2
3391,malmo-2024,2024,Points given by the jury,sweden,united kingdom,8
3392,malmo-2024,2024,Points given by the jury,switzerland,united kingdom,3
3393,malmo-2024,2024,Points given by the jury,australia,finland,3
3394,malmo-2024,2024,Points given by the jury,san marino,finland,4
3395,malmo-2024,2024,Points given by televoters,australia,finland,4
3396,malmo-2024,2024,Points given by televoters,denmark,finland,2
3397,malmo-2024,2024,Points given by televoters,estonia,finland,8
3398,malmo-2024,2024,Points given by televoters,iceland,finland,1
3399,malmo-2024,2024,Points given by televoters,ireland,finland,3
3400,malmo-2024,2024,Points given by televoters,latvia,finland,1
3401,malmo-2024,2024,Points given by televoters,norway,finland,1
3402,malmo-2024,2024,Points given by televoters,poland,finland,1
3403,malmo-2024,2024,Points given by televoters,sweden,finland,5
3404,malmo-2024,2024,Points given by televoters,ukraine,finland,2
3405,malmo-2024,2024,Points given by televoters,united kingdom,finland,3
3406,malmo-2024,2024,Points given by the jury,austria,estonia,2
3407,malmo-2024,2024,Points given by the jury,italy,estonia,2
3408,malmo-2024,2024,Points given by televoters,croatia,estonia,4
3409,malmo-2024,2024,Points given by televoters,finland,estonia,7
3410,malmo-2024,2024,Points given by televoters,latvia,estonia,12
3411,malmo-2024,2024,Points given by televoters,lithuania,estonia,6
3412,malmo-2024,2024,Points given by televoters,ukraine,estonia,4
3413,malmo-2024,2024,Points given by the jury,armenia,georgia,3
3414,malmo-2024,2024,Points given by the jury,azerbaijan,georgia,7
3415,malmo-2024,2024,Points given by the jury,israel,georgia,2
3416,malmo-2024,2024,Points given by the jury,malta,georgia,2
3417,malmo-2024,2024,Points given by the jury,norway,georgia,1
3418,malmo-2024,2024,Points given by televoters,armenia,georgia,5
3419,malmo-2024,2024,Points given by televoters,azerbaijan,georgia,5
3420,malmo-2024,2024,Points given by televoters,israel,georgia,4
3421,malmo-2024,2024,Points given by televoters,italy,georgia,5
3422,malmo-2024,2024,Points given by the jury,austria,spain,4
3423,malmo-2024,2024,Points given by the jury,finland,spain,1
3424,malmo-2024,2024,Points given by the jury,italy,spain,7
3425,malmo-2024,2024,Points given by the jury,san marino,spain,6
3426,malmo-2024,2024,Points given by the jury,switzerland,spain,1
3427,malmo-2024,2024,Points given by televoters,finland,spain,3
3428,malmo-2024,2024,Points given by televoters,france,spain,2
3429,malmo-2024,2024,Points given by televoters,ireland,spain,2
3430,malmo-2024,2024,Points given by televoters,italy,spain,1
3431,malmo-2024,2024,Points given by televoters,portugal,spain,3
3432,malmo-2024,2024,Points given by the jury,albania,slovenia,2
3433,malmo-2024,2024,Points given by the jury,azerbaijan,slovenia,3
3434,malmo-2024,2024,Points given by the jury,croatia,slovenia,10
3435,malmo-2024,2024,Points given by televoters,croatia,slovenia,10
3436,malmo-2024,2024,Points given by televoters,serbia,slovenia,2
3437,malmo-2024,2024,Points given by the jury,israel,austria,7
3438,malmo-2024,2024,Points given by the jury,italy,austria,5
3439,malmo-2024,2024,Points given by the jury,spain,austria,6
3440,malmo-2024,2024,Points given by the jury,sweden,austria,1
3441,malmo-2024,2024,Points given by televoters,finland,austria,2
3442,malmo-2024,2024,Points given by televoters,israel,austria,3
3443,malmo-2024,2024,Points given by the jury,albania,norway,6
3444,malmo-2024,2024,Points given by the jury,austria,norway,1
3445,malmo-2024,2024,Points given by the jury,czech republic,norway,1
3446,malmo-2024,2024,Points given by the jury,finland,norway,2
3447,malmo-2024,2024,Points given by the jury,lithuania,norway,2
3448,malmo-2024,2024,Points given by televoters,finland,norway,1
3449,malmo-2024,2024,Points given by televoters,ukraine,norway,3
3450,malmo-2024,2024,Points given,australia,croatia,12
3451,malmo-2024,2024,Points given,azerbaijan,croatia,7
3452,malmo-2024,2024,Points given,cyprus,croatia,7
3453,malmo-2024,2024,Points given,finland,croatia,12
3454,malmo-2024,2024,Points given,germany,croatia,12
3455,malmo-2024,2024,Points given,iceland,croatia,12
3456,malmo-2024,2024,Points given,ireland,croatia,10
3457,malmo-2024,2024,Points given,lithuania,croatia,10
3458,malmo-2024,2024,Points given,luxembourg,croatia,7
3459,malmo-2024,2024,Points given,moldova,croatia,8
3460,malmo-2024,2024,Points given,poland,croatia,10
3461,malmo-2024,2024,Points given,portugal,croatia,6
3462,malmo-2024,2024,Points given,serbia,croatia,12
3463,malmo-2024,2024,Points given,slovenia,croatia,12
3464,malmo-2024,2024,Points given,sweden,croatia,12
3465,malmo-2024,2024,Points given,ukraine,croatia,12
3466,malmo-2024,2024,Points given,united kingdom,croatia,8
3467,malmo-2024,2024,Points given,australia,ukraine,8
3468,malmo-2024,2024,Points given,azerbaijan,ukraine,10
3469,malmo-2024,2024,Points given,croatia,ukraine,8
3470,malmo-2024,2024,Points given,cyprus,ukraine,12
3471,malmo-2024,2024,Points given,finland,ukraine,10
3472,malmo-2024,2024,Points given,germany,ukraine,10
3473,malmo-2024,2024,Points given,iceland,ukraine,10
3474,malmo-2024,2024,Points given,ireland,ukraine,8
3475,malmo-2024,2024,Points given,lithuania,ukraine,12
3476,malmo-2024,2024,Points given,luxembourg,ukraine,8
3477,malmo-2024,2024,Points given,moldova,ukraine,10
3478,malmo-2024,2024,Points given,poland,ukraine,12
3479,malmo-2024,2024,Points given,portugal,ukraine,12
3480,malmo-2024,2024,Points given,serbia,ukraine,6
3481,malmo-2024,2024,Points given,slovenia,ukraine,8
3482,malmo-2024,2024,Points given,sweden,ukraine,10
3483,malmo-2024,2024,Points given,united kingdom,ukraine,7
3484,malmo-2024,2024,Points given,australia,ireland,10
3485,malmo-2024,2024,Points given,azerbaijan,ireland,6
3486,malmo-2024,2024,Points given,croatia,ireland,6
3487,malmo-2024,2024,Points given,cyprus,ireland,6
3488,malmo-2024,2024,Points given,finland,ireland,8
3489,malmo-2024,2024,Points given,germany,ireland,6
3490,malmo-2024,2024,Points given,iceland,ireland,3
3491,malmo-2024,2024,Points given,lithuania,ireland,8
3492,malmo-2024,2024,Points given,luxembourg,ireland,6
3493,malmo-2024,2024,Points given,moldova,ireland,5
3494,malmo-2024,2024,Points given,poland,ireland,8
3495,malmo-2024,2024,Points given,portugal,ireland,7
3496,malmo-2024,2024,Points given,serbia,ireland,7
3497,malmo-2024,2024,Points given,slovenia,ireland,4
3498,malmo-2024,2024,Points given,sweden,ireland,6
3499,malmo-2024,2024,Points given,ukraine,ireland,8
3500,malmo-2024,2024,Points given,united kingdom,ireland,10
3501,malmo-2024,2024,Points given,australia,lithuania,6
3502,malmo-2024,2024,Points given,azerbaijan,lithuania,3
3503,malmo-2024,2024,Points given,croatia,lithuania,3
3504,malmo-2024,2024,Points given,cyprus,lithuania,10
3505,malmo-2024,2024,Points given,finland,lithuania,7
3506,malmo-2024,2024,Points given,germany,lithuania,8
3507,malmo-2024,2024,Points given,iceland,lithuania,7
3508,malmo-2024,2024,Points given,ireland,lithuania,12
3509,malmo-2024,2024,Points given,luxembourg,lithuania,10
3510,malmo-2024,2024,Points given,moldova,lithuania,2
3511,malmo-2024,2024,Points given,poland,lithuania,7
3512,malmo-2024,2024,Points given,portugal,lithuania,4
3513,malmo-2024,2024,Points given,serbia,lithuania,2
3514,malmo-2024,2024,Points given,slovenia,lithuania,6
3515,malmo-2024,2024,Points given,sweden,lithuania,5
3516,malmo-2024,2024,Points given,ukraine,lithuania,10
3517,malmo-2024,2024,Points given,united kingdom,lithuania,12
3518,malmo-2024,2024,Points given,australia,luxembourg,4
3519,malmo-2024,2024,Points given,azerbaijan,luxembourg,8
3520,malmo-2024,2024,Points given,croatia,luxembourg,7
3521,malmo-2024,2024,Points given,cyprus,luxembourg,8
3522,malmo-2024,2024,Points given,finland,luxembourg,6
3523,malmo-2024,2024,Points given,germany,luxembourg,7
3524,malmo-2024,2024,Points given,iceland,luxembourg,5
3525,malmo-2024,2024,Points given,ireland,luxembourg,6
3526,malmo-2024,2024,Points given,lithuania,luxembourg,7
3527,malmo-2024,2024,Points given,moldova,luxembourg,7
3528,malmo-2024,2024,Points given,poland,luxembourg,6
3529,malmo-2024,2024,Points given,portugal,luxembourg,10
3530,malmo-2024,2024,Points given,serbia,luxembourg,8
3531,malmo-2024,2024,Points given,slovenia,luxembourg,5
3532,malmo-2024,2024,Points given,sweden,luxembourg,7
3533,malmo-2024,2024,Points given,ukraine,luxembourg,7
3534,malmo-2024,2024,Points given,united kingdom,luxembourg,3
3535,malmo-2024,2024,Points given,australia,cyprus,7
3536,malmo-2024,2024,Points given,azerbaijan,cyprus,12
3537,malmo-2024,2024,Points given,croatia,cyprus,4
3538,malmo-2024,2024,Points given,finland,cyprus,2
3539,malmo-2024,2024,Points given,iceland,cyprus,4
3540,malmo-2024,2024,Points given,ireland,cyprus,1
3541,malmo-2024,2024,Points given,luxembourg,cyprus,4
3542,malmo-2024,2024,Points given,moldova,cyprus,12
3543,malmo-2024,2024,Points given,portugal,cyprus,8
3544,malmo-2024,2024,Points given,serbia,cyprus,4
3545,malmo-2024,2024,Points given,slovenia,cyprus,7
3546,malmo-2024,2024,Points given,sweden,cyprus,1
3547,malmo-2024,2024,Points given,united kingdom,cyprus,1
3548,malmo-2024,2024,Points given,australia,finland,5
3549,malmo-2024,2024,Points given,croatia,finland,5
3550,malmo-2024,2024,Points given,germany,finland,3
3551,malmo-2024,2024,Points given,iceland,finland,6
3552,malmo-2024,2024,Points given,ireland,finland,5
3553,malmo-2024,2024,Points given,lithuania,finland,6
3554,malmo-2024,2024,Points given,luxembourg,finland,2
3555,malmo-2024,2024,Points given,poland,finland,5
3556,malmo-2024,2024,Points given,slovenia,finland,3
3557,malmo-2024,2024,Points given,sweden,finland,8
3558,malmo-2024,2024,Points given,ukraine,finland,6
3559,malmo-2024,2024,Points given,united kingdom,finland,4
3560,malmo-2024,2024,Points given,australia,portugal,2
3561,malmo-2024,2024,Points given,azerbaijan,portugal,4
3562,malmo-2024,2024,Points given,croatia,portugal,2
3563,malmo-2024,2024,Points given,cyprus,portugal,4
3564,malmo-2024,2024,Points given,finland,portugal,4
3565,malmo-2024,2024,Points given,germany,portugal,1
3566,malmo-2024,2024,Points given,iceland,portugal,1
3567,malmo-2024,2024,Points given,ireland,portugal,3
3568,malmo-2024,2024,Points given,lithuania,portugal,5
3569,malmo-2024,2024,Points given,luxembourg,portugal,12
3570,malmo-2024,2024,Points given,moldova,portugal,3
3571,malmo-2024,2024,Points given,poland,portugal,3
3572,malmo-2024,2024,Points given,serbia,portugal,5
3573,malmo-2024,2024,Points given,slovenia,portugal,2
3574,malmo-2024,2024,Points given,ukraine,portugal,2
3575,malmo-2024,2024,Points given,united kingdom,portugal,2
3576,malmo-2024,2024,Points given,australia,slovenia,3
3577,malmo-2024,2024,Points given,azerbaijan,slovenia,1
3578,malmo-2024,2024,Points given,croatia,slovenia,10
3579,malmo-2024,2024,Points given,cyprus,slovenia,2
3580,malmo-2024,2024,Points given,finland,slovenia,3
3581,malmo-2024,2024,Points given,lithuania,slovenia,3
3582,malmo-2024,2024,Points given,luxembourg,slovenia,1
3583,malmo-2024,2024,Points given,moldova,slovenia,4
3584,malmo-2024,2024,Points given,poland,slovenia,4
3585,malmo-2024,2024,Points given,portugal,slovenia,3
3586,malmo-2024,2024,Points given,serbia,slovenia,10
3587,malmo-2024,2024,Points given,azerbaijan,serbia,5
3588,malmo-2024,2024,Points given,croatia,serbia,12
3589,malmo-2024,2024,Points given,cyprus,serbia,5
3590,malmo-2024,2024,Points given,germany,serbia,5
3591,malmo-2024,2024,Points given,luxembourg,serbia,5
3592,malmo-2024,2024,Points given,portugal,serbia,1
3593,malmo-2024,2024,Points given,slovenia,serbia,10
3594,malmo-2024,2024,Points given,finland,australia,5
3595,malmo-2024,2024,Points given,germany,australia,4
3596,malmo-2024,2024,Points given,iceland,australia,2
3597,malmo-2024,2024,Points given,ireland,australia,4
3598,malmo-2024,2024,Points given,lithuania,australia,2
3599,malmo-2024,2024,Points given,luxembourg,australia,3
3600,malmo-2024,2024,Points given,moldova,australia,1
3601,malmo-2024,2024,Points given,poland,australia,2
3602,malmo-2024,2024,Points given,portugal,australia,2
3603,malmo-2024,2024,Points given,sweden,australia,4
3604,malmo-2024,2024,Points given,ukraine,australia,5
3605,malmo-2024,2024,Points given,united kingdom,australia,5
3606,malmo-2024,2024,Points given,australia,poland,1
3607,malmo-2024,2024,Points given,germany,poland,2
3608,malmo-2024,2024,Points given,iceland,poland,8
3609,malmo-2024,2024,Points given,ireland,poland,7
3610,malmo-2024,2024,Points given,lithuania,poland,4
3611,malmo-2024,2024,Points given,slovenia,poland,1
3612,malmo-2024,2024,Points given,sweden,poland,3
3613,malmo-2024,2024,Points given,ukraine,poland,3
3614,malmo-2024,2024,Points given,united kingdom,poland,6
3615,malmo-2024,2024,Points given,azerbaijan,moldova,2
3616,malmo-2024,2024,Points given,croatia,moldova,1
3617,malmo-2024,2024,Points given,cyprus,moldova,3
3618,malmo-2024,2024,Points given,ireland,moldova,2
3619,malmo-2024,2024,Points given,portugal,moldova,5
3620,malmo-2024,2024,Points given,serbia,moldova,3
3621,malmo-2024,2024,Points given,ukraine,moldova,4
3622,malmo-2024,2024,Points given,finland,azerbaijan,1
3623,malmo-2024,2024,Points given,lithuania,azerbaijan,1
3624,malmo-2024,2024,Points given,moldova,azerbaijan,6
3625,malmo-2024,2024,Points given,poland,azerbaijan,1
3626,malmo-2024,2024,Points given,serbia,azerbaijan,1
3627,malmo-2024,2024,Points given,ukraine,azerbaijan,1
3628,malmo-2024,2024,Points given,cyprus,iceland,1
3629,malmo-2024,2024,Points given,sweden,iceland,2
3630,malmo-2024,2024,Points given,albania,israel,12
3631,malmo-2024,2024,Points given,armenia,israel,6
3632,malmo-2024,2024,Points given,austria,israel,10
3633,malmo-2024,2024,Points given,belgium,israel,10
3634,malmo-2024,2024,Points given,czech republic,israel,12
3635,malmo-2024,2024,Points given,denmark,israel,12
3636,malmo-2024,2024,Points given,estonia,israel,8
3637,malmo-2024,2024,Points given,france,israel,12
3638,malmo-2024,2024,Points given,georgia,israel,10
3639,malmo-2024,2024,Points given,greece,israel,10
3640,malmo-2024,2024,Points given,italy,israel,12
3641,malmo-2024,2024,Points given,latvia,israel,10
3642,malmo-2024,2024,Points given,malta,israel,10
3643,malmo-2024,2024,Points given,the netherlands,israel,12
3644,malmo-2024,2024,Points given,norway,israel,12
3645,malmo-2024,2024,Points given,spain,israel,12
3646,malmo-2024,2024,Points given,switzerland,israel,12
3647,malmo-2024,2024,Points given,albania,the netherlands,10
3648,malmo-2024,2024,Points given,armenia,the netherlands,8
3649,malmo-2024,2024,Points given,austria,the netherlands,12
3650,malmo-2024,2024,Points given,belgium,the netherlands,12
3651,malmo-2024,2024,Points given,czech republic,the netherlands,10
3652,malmo-2024,2024,Points given,denmark,the netherlands,10
3653,malmo-2024,2024,Points given,estonia,the netherlands,10
3654,malmo-2024,2024,Points given,france,the netherlands,7
3655,malmo-2024,2024,Points given,georgia,the netherlands,8
3656,malmo-2024,2024,Points given,greece,the netherlands,12
3657,malmo-2024,2024,Points given,israel,the netherlands,7
3658,malmo-2024,2024,Points given,italy,the netherlands,10
3659,malmo-2024,2024,Points given,latvia,the netherlands,8
3660,malmo-2024,2024,Points given,malta,the netherlands,12
3661,malmo-2024,2024,Points given,norway,the netherlands,8
3662,malmo-2024,2024,Points given,san marino,the netherlands,10
3663,malmo-2024,2024,Points given,spain,the netherlands,8
3664,malmo-2024,2024,Points given,switzerland,the netherlands,10
3665,malmo-2024,2024,Points given,albania,armenia,6
3666,malmo-2024,2024,Points given,austria,armenia,6
3667,malmo-2024,2024,Points given,belgium,armenia,6
3668,malmo-2024,2024,Points given,czech republic,armenia,7
3669,malmo-2024,2024,Points given,denmark,armenia,5
3670,malmo-2024,2024,Points given,estonia,armenia,4
3671,malmo-2024,2024,Points given,france,armenia,10
3672,malmo-2024,2024,Points given,georgia,armenia,12
3673,malmo-2024,2024,Points given,greece,armenia,8
3674,malmo-2024,2024,Points given,israel,armenia,12
3675,malmo-2024,2024,Points given,italy,armenia,7
3676,malmo-2024,2024,Points given,latvia,armenia,5
3677,malmo-2024,2024,Points given,malta,armenia,5
3678,malmo-2024,2024,Points given,the netherlands,armenia,10
3679,malmo-2024,2024,Points given,norway,armenia,5
3680,malmo-2024,2024,Points given,san marino,armenia,8
3681,malmo-2024,2024,Points given,spain,armenia,7
3682,malmo-2024,2024,Points given,switzerland,armenia,6
3683,malmo-2024,2024,Points given,albania,switzerland,5
3684,malmo-2024,2024,Points given,armenia,switzerland,7
3685,malmo-2024,2024,Points given,austria,switzerland,8
3686,malmo-2024,2024,Points given,belgium,switzerland,7
3687,malmo-2024,2024,Points given,czech republic,switzerland,8
3688,malmo-2024,2024,Points given,denmark,switzerland,6
3689,malmo-2024,2024,Points given,estonia,switzerland,7
3690,malmo-2024,2024,Points given,france,switzerland,8
3691,malmo-2024,2024,Points given,georgia,switzerland,5
3692,malmo-2024,2024,Points given,greece,switzerland,7
3693,malmo-2024,2024,Points given,israel,switzerland,4
3694,malmo-2024,2024,Points given,italy,switzerland,8
3695,malmo-2024,2024,Points given,latvia,switzerland,7
3696,malmo-2024,2024,Points given,malta,switzerland,8
3697,malmo-2024,2024,Points given,the netherlands,switzerland,8
3698,malmo-2024,2024,Points given,norway,switzerland,7
3699,malmo-2024,2024,Points given,san marino,switzerland,12
3700,malmo-2024,2024,Points given,spain,switzerland,4
3701,malmo-2024,2024,Points given,albania,greece,8
3702,malmo-2024,2024,Points given,armenia,greece,12
3703,malmo-2024,2024,Points given,austria,greece,2
3704,malmo-2024,2024,Points given,belgium,greece,8
3705,malmo-2024,2024,Points given,czech republic,greece,4
3706,malmo-2024,2024,Points given,denmark,greece,2
3707,malmo-2024,2024,Points given,france,greece,4
3708,malmo-2024,2024,Points given,georgia,greece,6
3709,malmo-2024,2024,Points given,israel,greece,3
3710,malmo-2024,2024,Points given,italy,greece,6
3711,malmo-2024,2024,Points given,malta,greece,6
3712,malmo-2024,2024,Points given,the netherlands,greece,6
3713,malmo-2024,2024,Points given,norway,greece,1
3714,malmo-2024,2024,Points given,spain,greece,5
3715,malmo-2024,2024,Points given,switzerland,greece,8
3716,malmo-2024,2024,Points given,albania,estonia,3
3717,malmo-2024,2024,Points given,armenia,estonia,2
3718,malmo-2024,2024,Points given,austria,estonia,7
3719,malmo-2024,2024,Points given,belgium,estonia,4
3720,malmo-2024,2024,Points given,czech republic,estonia,6
3721,malmo-2024,2024,Points given,denmark,estonia,4
3722,malmo-2024,2024,Points given,france,estonia,2
3723,malmo-2024,2024,Points given,greece,estonia,2
3724,malmo-2024,2024,Points given,israel,estonia,10
3725,malmo-2024,2024,Points given,italy,estonia,3
3726,malmo-2024,2024,Points given,latvia,estonia,12
3727,malmo-2024,2024,Points given,the netherlands,estonia,7
3728,malmo-2024,2024,Points given,norway,estonia,4
3729,malmo-2024,2024,Points given,san marino,estonia,1
3730,malmo-2024,2024,Points given,switzerland,estonia,5
3731,malmo-2024,2024,Points given,austria,latvia,4
3732,malmo-2024,2024,Points given,belgium,latvia,5
3733,malmo-2024,2024,Points given,czech republic,latvia,5
3734,malmo-2024,2024,Points given,denmark,latvia,7
3735,malmo-2024,2024,Points given,estonia,latvia,12
3736,malmo-2024,2024,Points given,georgia,latvia,7
3737,malmo-2024,2024,Points given,malta,latvia,7
3738,malmo-2024,2024,Points given,the netherlands,latvia,3
3739,malmo-2024,2024,Points given,norway,latvia,6
3740,malmo-2024,2024,Points given,san marino,latvia,3
3741,malmo-2024,2024,Points given,spain,latvia,6
3742,malmo-2024,2024,Points given,switzerland,latvia,7
3743,malmo-2024,2024,Points given,albania,georgia,7
3744,malmo-2024,2024,Points given,armenia,georgia,10
3745,malmo-2024,2024,Points given,austria,georgia,1
3746,malmo-2024,2024,Points given,belgium,georgia,2
3747,malmo-2024,2024,Points given,czech republic,georgia,1
3748,malmo-2024,2024,Points given,estonia,georgia,1
3749,malmo-2024,2024,Points given,france,georgia,6
3750,malmo-2024,2024,Points given,greece,georgia,6
3751,malmo-2024,2024,Points given,israel,georgia,6
3752,malmo-2024,2024,Points given,italy,georgia,5
3753,malmo-2024,2024,Points given,malta,georgia,4
3754,malmo-2024,2024,Points given,spain,georgia,1
3755,malmo-2024,2024,Points given,albania,austria,4
3756,malmo-2024,2024,Points given,armenia,austria,4
3757,malmo-2024,2024,Points given,belgium,austria,1
3758,malmo-2024,2024,Points given,czech republic,austria,2
3759,malmo-2024,2024,Points given,denmark,austria,3
3760,malmo-2024,2024,Points given,estonia,austria,3
3761,malmo-2024,2024,Points given,georgia,austria,1
3762,malmo-2024,2024,Points given,greece,austria,4
3763,malmo-2024,2024,Points given,israel,austria,8
3764,malmo-2024,2024,Points given,latvia,austria,2
3765,malmo-2024,2024,Points given,malta,austria,3
3766,malmo-2024,2024,Points given,the netherlands,austria,2
3767,malmo-2024,2024,Points given,norway,austria,2
3768,malmo-2024,2024,Points given,spain,austria,3
3769,malmo-2024,2024,Points given,switzerland,austria,4
3770,malmo-2024,2024,Points given,albania,norway,1
3771,malmo-2024,2024,Points given,belgium,norway,3
3772,malmo-2024,2024,Points given,czech republic,norway,3
3773,malmo-2024,2024,Points given,denmark,norway,8
3774,malmo-2024,2024,Points given,estonia,norway,6
3775,malmo-2024,2024,Points given,france,norway,3
3776,malmo-2024,2024,Points given,latvia,norway,6
3777,malmo-2024,2024,Points given,the netherlands,norway,4
3778,malmo-2024,2024,Points given,san marino,norway,5
3779,malmo-2024,2024,Points given,switzerland,norway,1
3780,malmo-2024,2024,Points given,armenia,czech republic,1
3781,malmo-2024,2024,Points given,austria,czech republic,5
3782,malmo-2024,2024,Points given,denmark,czech republic,1
3783,malmo-2024,2024,Points given,estonia,czech republic,2
3784,malmo-2024,2024,Points given,georgia,czech republic,4
3785,malmo-2024,2024,Points given,israel,czech republic,5
3786,malmo-2024,2024,Points given,italy,czech republic,2
3787,malmo-2024,2024,Points given,latvia,czech republic,3
3788,malmo-2024,2024,Points given,malta,czech republic,2
3789,malmo-2024,2024,Points given,the netherlands,czech republic,1
3790,malmo-2024,2024,Points given,norway,czech republic,3
3791,malmo-2024,2024,Points given,san marino,czech republic,6
3792,malmo-2024,2024,Points given,spain,czech republic,2
3793,malmo-2024,2024,Points given,armenia,denmark,3
3794,malmo-2024,2024,Points given,austria,denmark,3
3795,malmo-2024,2024,Points given,estonia,denmark,5
3796,malmo-2024,2024,Points given,israel,denmark,1
3797,malmo-2024,2024,Points given,latvia,denmark,4
3798,malmo-2024,2024,Points given,malta,denmark,1
3799,malmo-2024,2024,Points given,norway,denmark,10
3800,malmo-2024,2024,Points given,san marino,denmark,7
3801,malmo-2024,2024,Points given,switzerland,denmark,2
3802,malmo-2024,2024,Points given,albania,belgium,2
3803,malmo-2024,2024,Points given,france,belgium,5
3804,malmo-2024,2024,Points given,georgia,belgium,2
3805,malmo-2024,2024,Points given,greece,belgium,1
3806,malmo-2024,2024,Points given,israel,belgium,2
3807,malmo-2024,2024,Points given,latvia,belgium,1
3808,malmo-2024,2024,Points given,the netherlands,belgium,5
3809,malmo-2024,2024,Points given,georgia,san marino,3
3810,malmo-2024,2024,Points given,italy,san marino,1
3811,malmo-2024,2024,Points given,spain,san marino,10
3812,malmo-2024,2024,Points given,greece,albania,5
3813,malmo-2024,2024,Points given,italy,albania,4
3814,malmo-2024,2024,Points given,san marino,albania,2
3815,malmo-2024,2024,Points given,switzerland,albania,3
3816,malmo-2024,2024,Points given,armenia,malta,5
3817,malmo-2024,2024,Points given,france,malta,1
3818,malmo-2024,2024,Points given,greece,malta,3
3819,malmo-2024,2024,Points given,san marino,malta,4
3820,basel-2025,2025,Points given by the jury,albania,austria,7
3821,basel-2025,2025,Points given by the jury,armenia,austria,8
3822,basel-2025,2025,Points given by the jury,australia,austria,7
3823,basel-2025,2025,Points given by the jury,belgium,austria,12
3824,basel-2025,2025,Points given by the jury,croatia,austria,10
3825,basel-2025,2025,Points given by the jury,cyprus,austria,7
3826,basel-2025,2025,Points given by the jury,denmark,austria,5
3827,basel-2025,2025,Points given by the jury,estonia,austria,7
3828,basel-2025,2025,Points given by the jury,finland,austria,12
3829,basel-2025,2025,Points given by the jury,france,austria,4
3830,basel-2025,2025,Points given by the jury,germany,austria,12
3831,basel-2025,2025,Points given by the jury,greece,austria,10
3832,basel-2025,2025,Points given by the jury,iceland,austria,8
3833,basel-2025,2025,Points given by the jury,ireland,austria,12
3834,basel-2025,2025,Points given by the jury,israel,austria,6
3835,basel-2025,2025,Points given by the jury,latvia,austria,12
3836,basel-2025,2025,Points given by the jury,lithuania,austria,4
3837,basel-2025,2025,Points given by the jury,luxembourg,austria,10
3838,basel-2025,2025,Points given by the jury,malta,austria,7
3839,basel-2025,2025,Points given by the jury,montenegro,austria,8
3840,basel-2025,2025,Points given by the jury,the netherlands,austria,12
3841,basel-2025,2025,Points given by the jury,norway,austria,12
3842,basel-2025,2025,Points given by the jury,poland,austria,7
3843,basel-2025,2025,Points given by the jury,portugal,austria,6
3844,basel-2025,2025,Points given by the jury,serbia,austria,8
3845,basel-2025,2025,Points given by the jury,slovenia,austria,10
3846,basel-2025,2025,Points given by the jury,spain,austria,7
3847,basel-2025,2025,Points given by the jury,sweden,austria,12
3848,basel-2025,2025,Points given by the jury,switzerland,austria,7
3849,basel-2025,2025,Points given by the jury,ukraine,austria,1
3850,basel-2025,2025,Points given by the jury,united kingdom,austria,8
3851,basel-2025,2025,Points given by televoters,albania,austria,6
3852,basel-2025,2025,Points given by televoters,armenia,austria,7
3853,basel-2025,2025,Points given by televoters,australia,austria,3
3854,basel-2025,2025,Points given by televoters,azerbaijan,austria,10
3855,basel-2025,2025,Points given by televoters,belgium,austria,3
3856,basel-2025,2025,Points given by televoters,croatia,austria,5
3857,basel-2025,2025,Points given by televoters,cyprus,austria,6
3858,basel-2025,2025,Points given by televoters,czech republic,austria,4
3859,basel-2025,2025,Points given by televoters,denmark,austria,3
3860,basel-2025,2025,Points given by televoters,finland,austria,7
3861,basel-2025,2025,Points given by televoters,france,austria,2
3862,basel-2025,2025,Points given by televoters,georgia,austria,5
3863,basel-2025,2025,Points given by televoters,germany,austria,6
3864,basel-2025,2025,Points given by televoters,greece,austria,10
3865,basel-2025,2025,Points given by televoters,iceland,austria,3
3866,basel-2025,2025,Points given by televoters,ireland,austria,4
3867,basel-2025,2025,Points given by televoters,israel,austria,8
3868,basel-2025,2025,Points given by televoters,italy,austria,4
3869,basel-2025,2025,Points given by televoters,latvia,austria,4
3870,basel-2025,2025,Points given by televoters,lithuania,austria,5
3871,basel-2025,2025,Points given by televoters,malta,austria,10
3872,basel-2025,2025,Points given by televoters,montenegro,austria,3
3873,basel-2025,2025,Points given by televoters,the netherlands,austria,3
3874,basel-2025,2025,Points given by televoters,norway,austria,1
3875,basel-2025,2025,Points given by televoters,poland,austria,7
3876,basel-2025,2025,Points given by televoters,portugal,austria,7
3877,basel-2025,2025,Points given by televoters,san marino,austria,5
3878,basel-2025,2025,Points given by televoters,serbia,austria,10
3879,basel-2025,2025,Points given by televoters,slovenia,austria,10
3880,basel-2025,2025,Points given by televoters,spain,austria,4
3881,basel-2025,2025,Points given by televoters,switzerland,austria,6
3882,basel-2025,2025,Points given by televoters,ukraine,austria,6
3883,basel-2025,2025,Points given by the jury,albania,israel,5
3884,basel-2025,2025,Points given by the jury,azerbaijan,israel,12
3885,basel-2025,2025,Points given by the jury,croatia,israel,6
3886,basel-2025,2025,Points given by the jury,cyprus,israel,5
3887,basel-2025,2025,Points given by the jury,denmark,israel,3
3888,basel-2025,2025,Points given by the jury,finland,israel,2
3889,basel-2025,2025,Points given by the jury,france,israel,7
3890,basel-2025,2025,Points given by the jury,georgia,israel,1
3891,basel-2025,2025,Points given by the jury,germany,israel,3
3892,basel-2025,2025,Points given by the jury,greece,israel,1
3893,basel-2025,2025,Points given by the jury,ireland,israel,7
3894,basel-2025,2025,Points given by the jury,luxembourg,israel,1
3895,basel-2025,2025,Points given by the jury,the netherlands,israel,5
3896,basel-2025,2025,Points given by the jury,ukraine,israel,2
3897,basel-2025,2025,Points given by televoters,albania,israel,7
3898,basel-2025,2025,Points given by televoters,australia,israel,12
3899,basel-2025,2025,Points given by televoters,austria,israel,7
3900,basel-2025,2025,Points given by televoters,azerbaijan,israel,12
3901,basel-2025,2025,Points given by televoters,belgium,israel,12
3902,basel-2025,2025,Points given by televoters,cyprus,israel,10
3903,basel-2025,2025,Points given by televoters,czech republic,israel,10
3904,basel-2025,2025,Points given by televoters,denmark,israel,8
3905,basel-2025,2025,Points given by televoters,estonia,israel,2
3906,basel-2025,2025,Points given by televoters,finland,israel,10
3907,basel-2025,2025,Points given by televoters,france,israel,12
3908,basel-2025,2025,Points given by televoters,georgia,israel,7
3909,basel-2025,2025,Points given by televoters,germany,israel,12
3910,basel-2025,2025,Points given by televoters,greece,israel,7
3911,basel-2025,2025,Points given by televoters,iceland,israel,4
3912,basel-2025,2025,Points given by televoters,ireland,israel,10
3913,basel-2025,2025,Points given by televoters,italy,israel,8
3914,basel-2025,2025,Points given by televoters,latvia,israel,7
3915,basel-2025,2025,Points given by televoters,lithuania,israel,3
3916,basel-2025,2025,Points given by televoters,luxembourg,israel,12
3917,basel-2025,2025,Points given by televoters,malta,israel,5
3918,basel-2025,2025,Points given by televoters,montenegro,israel,7
3919,basel-2025,2025,Points given by televoters,the netherlands,israel,12
3920,basel-2025,2025,Points given by televoters,norway,israel,10
3921,basel-2025,2025,Points given by televoters,portugal,israel,12
3922,basel-2025,2025,Points given by televoters,san marino,israel,10
3923,basel-2025,2025,Points given by televoters,serbia,israel,2
3924,basel-2025,2025,Points given by televoters,slovenia,israel,6
3925,basel-2025,2025,Points given by televoters,spain,israel,12
3926,basel-2025,2025,Points given by televoters,sweden,israel,12
3927,basel-2025,2025,Points given by televoters,switzerland,israel,12
3928,basel-2025,2025,Points given by televoters,ukraine,israel,1
3929,basel-2025,2025,Points given by televoters,united kingdom,israel,12
3930,basel-2025,2025,Points given by the jury,armenia,estonia,2
3931,basel-2025,2025,Points given by the jury,australia,estonia,3
3932,basel-2025,2025,Points given by the jury,austria,estonia,3
3933,basel-2025,2025,Points given by the jury,azerbaijan,estonia,7
3934,basel-2025,2025,Points given by the jury,belgium,estonia,10
3935,basel-2025,2025,Points given by the jury,croatia,estonia,5
3936,basel-2025,2025,Points given by the jury,finland,estonia,4
3937,basel-2025,2025,Points given by the jury,iceland,estonia,3
3938,basel-2025,2025,Points given by the jury,italy,estonia,10
3939,basel-2025,2025,Points given by the jury,latvia,estonia,1
3940,basel-2025,2025,Points given by the jury,lithuania,estonia,7
3941,basel-2025,2025,Points given by the jury,luxembourg,estonia,3
3942,basel-2025,2025,Points given by the jury,malta,estonia,3
3943,basel-2025,2025,Points given by the jury,norway,estonia,4
3944,basel-2025,2025,Points given by the jury,portugal,estonia,3
3945,basel-2025,2025,Points given by the jury,san marino,estonia,7
3946,basel-2025,2025,Points given by the jury,serbia,estonia,3
3947,basel-2025,2025,Points given by the jury,slovenia,estonia,7
3948,basel-2025,2025,Points given by the jury,switzerland,estonia,5
3949,basel-2025,2025,Points given by the jury,ukraine,estonia,5
3950,basel-2025,2025,Points given by the jury,united kingdom,estonia,3
3951,basel-2025,2025,Points given by televoters,albania,estonia,5
3952,basel-2025,2025,Points given by televoters,armenia,estonia,12
3953,basel-2025,2025,Points given by televoters,australia,estonia,6
3954,basel-2025,2025,Points given by televoters,austria,estonia,8
3955,basel-2025,2025,Points given by televoters,azerbaijan,estonia,8
3956,basel-2025,2025,Points given by televoters,belgium,estonia,2
3957,basel-2025,2025,Points given by televoters,croatia,estonia,12
3958,basel-2025,2025,Points given by televoters,cyprus,estonia,7
3959,basel-2025,2025,Points given by televoters,czech republic,estonia,6
3960,basel-2025,2025,Points given by televoters,denmark,estonia,6
3961,basel-2025,2025,Points given by televoters,finland,estonia,8
3962,basel-2025,2025,Points given by televoters,georgia,estonia,8
3963,basel-2025,2025,Points given by televoters,germany,estonia,4
3964,basel-2025,2025,Points given by televoters,greece,estonia,8
3965,basel-2025,2025,Points given by televoters,iceland,estonia,7
3966,basel-2025,2025,Points given by televoters,ireland,estonia,6
3967,basel-2025,2025,Points given by televoters,israel,estonia,10
3968,basel-2025,2025,Points given by televoters,italy,estonia,7
3969,basel-2025,2025,Points given by televoters,latvia,estonia,12
3970,basel-2025,2025,Points given by televoters,lithuania,estonia,10
3971,basel-2025,2025,Points given by televoters,luxembourg,estonia,5
3972,basel-2025,2025,Points given by televoters,malta,estonia,12
3973,basel-2025,2025,Points given by televoters,montenegro,estonia,10
3974,basel-2025,2025,Points given by televoters,the netherlands,estonia,8
3975,basel-2025,2025,Points given by televoters,norway,estonia,7
3976,basel-2025,2025,Points given by televoters,poland,estonia,10
3977,basel-2025,2025,Points given by televoters,portugal,estonia,1
3978,basel-2025,2025,Points given by televoters,san marino,estonia,7
3979,basel-2025,2025,Points given by televoters,serbia,estonia,12
3980,basel-2025,2025,Points given by televoters,slovenia,estonia,7
3981,basel-2025,2025,Points given by televoters,spain,estonia,7
3982,basel-2025,2025,Points given by televoters,sweden,estonia,8
3983,basel-2025,2025,Points given by televoters,switzerland,estonia,2
3984,basel-2025,2025,Points given by televoters,ukraine,estonia,2
3985,basel-2025,2025,Points given by televoters,united kingdom,estonia,6
3986,basel-2025,2025,Points given by the jury,albania,sweden,4
3987,basel-2025,2025,Points given by the jury,armenia,sweden,6
3988,basel-2025,2025,Points given by the jury,australia,sweden,6
3989,basel-2025,2025,Points given by the jury,austria,sweden,5
3990,basel-2025,2025,Points given by the jury,belgium,sweden,6
3991,basel-2025,2025,Points given by the jury,croatia,sweden,3
3992,basel-2025,2025,Points given by the jury,cyprus,sweden,2
3993,basel-2025,2025,Points given by the jury,denmark,sweden,7
3994,basel-2025,2025,Points given by the jury,estonia,sweden,8
3995,basel-2025,2025,Points given by the jury,finland,sweden,10
3996,basel-2025,2025,Points given by the jury,germany,sweden,4
3997,basel-2025,2025,Points given by the jury,greece,sweden,7
3998,basel-2025,2025,Points given by the jury,iceland,sweden,12
3999,basel-2025,2025,Points given by the jury,ireland,sweden,5
4000,basel-2025,2025,Points given by the jury,lithuania,sweden,1
4001,basel-2025,2025,Points given by the jury,luxembourg,sweden,5
4002,basel-2025,2025,Points given by the jury,malta,sweden,1
4003,basel-2025,2025,Points given by the jury,the netherlands,sweden,8
4004,basel-2025,2025,Points given by the jury,norway,sweden,10
4005,basel-2025,2025,Points given by the jury,slovenia,sweden,6
4006,basel-2025,2025,Points given by the jury,switzerland,sweden,10
4007,basel-2025,2025,Points given by televoters,albania,sweden,2
4008,basel-2025,2025,Points given by televoters,armenia,sweden,6
4009,basel-2025,2025,Points given by televoters,australia,sweden,8
4010,basel-2025,2025,Points given by televoters,austria,sweden,4
4011,basel-2025,2025,Points given by televoters,azerbaijan,sweden,3
4012,basel-2025,2025,Points given by televoters,belgium,sweden,4
4013,basel-2025,2025,Points given by televoters,croatia,sweden,8
4014,basel-2025,2025,Points given by televoters,czech republic,sweden,7
4015,basel-2025,2025,Points given by televoters,denmark,sweden,12
4016,basel-2025,2025,Points given by televoters,estonia,sweden,12
4017,basel-2025,2025,Points given by televoters,finland,sweden,12
4018,basel-2025,2025,Points given by televoters,georgia,sweden,1
4019,basel-2025,2025,Points given by televoters,germany,sweden,5
4020,basel-2025,2025,Points given by televoters,greece,sweden,1
4021,basel-2025,2025,Points given by televoters,iceland,sweden,10
4022,basel-2025,2025,Points given by televoters,ireland,sweden,2
4023,basel-2025,2025,Points given by televoters,israel,sweden,2
4024,basel-2025,2025,Points given by televoters,italy,sweden,5
4025,basel-2025,2025,Points given by televoters,latvia,sweden,8
4026,basel-2025,2025,Points given by televoters,lithuania,sweden,4
4027,basel-2025,2025,Points given by televoters,luxembourg,sweden,2
4028,basel-2025,2025,Points given by televoters,malta,sweden,1
4029,basel-2025,2025,Points given by televoters,montenegro,sweden,5
4030,basel-2025,2025,Points given by televoters,the netherlands,sweden,7
4031,basel-2025,2025,Points given by televoters,norway,sweden,12
4032,basel-2025,2025,Points given by televoters,poland,sweden,8
4033,basel-2025,2025,Points given by televoters,portugal,sweden,4
4034,basel-2025,2025,Points given by televoters,san marino,sweden,1
4035,basel-2025,2025,Points given by televoters,serbia,sweden,7
4036,basel-2025,2025,Points given by televoters,slovenia,sweden,5
4037,basel-2025,2025,Points given by televoters,spain,sweden,5
4038,basel-2025,2025,Points given by televoters,switzerland,sweden,5
4039,basel-2025,2025,Points given by televoters,ukraine,sweden,4
4040,basel-2025,2025,Points given by televoters,united kingdom,sweden,7
4041,basel-2025,2025,Points given by the jury,azerbaijan,italy,10
4042,basel-2025,2025,Points given by the jury,belgium,italy,5
4043,basel-2025,2025,Points given by the jury,croatia,italy,12
4044,basel-2025,2025,Points given by the jury,cyprus,italy,3
4045,basel-2025,2025,Points given by the jury,czech republic,italy,3
4046,basel-2025,2025,Points given by the jury,denmark,italy,8
4047,basel-2025,2025,Points given by the jury,estonia,italy,4
4048,basel-2025,2025,Points given by the jury,france,italy,6
4049,basel-2025,2025,Points given by the jury,georgia,italy,12
4050,basel-2025,2025,Points given by the jury,germany,italy,5
4051,basel-2025,2025,Points given by the jury,greece,italy,4
4052,basel-2025,2025,Points given by the jury,iceland,italy,2
4053,basel-2025,2025,Points given by the jury,israel,italy,3
4054,basel-2025,2025,Points given by the jury,lithuania,italy,10
4055,basel-2025,2025,Points given by the jury,malta,italy,4
4056,basel-2025,2025,Points given by the jury,poland,italy,8
4057,basel-2025,2025,Points given by the jury,portugal,italy,12
4058,basel-2025,2025,Points given by the jury,san marino,italy,12
4059,basel-2025,2025,Points given by the jury,slovenia,italy,12
4060,basel-2025,2025,Points given by the jury,spain,italy,4
4061,basel-2025,2025,Points given by the jury,switzerland,italy,12
4062,basel-2025,2025,Points given by the jury,ukraine,italy,8
4063,basel-2025,2025,Points given by televoters,albania,italy,10
4064,basel-2025,2025,Points given by televoters,austria,italy,10
4065,basel-2025,2025,Points given by televoters,belgium,italy,1
4066,basel-2025,2025,Points given by televoters,croatia,italy,6
4067,basel-2025,2025,Points given by televoters,estonia,italy,7
4068,basel-2025,2025,Points given by televoters,france,italy,3
4069,basel-2025,2025,Points given by televoters,germany,italy,2
4070,basel-2025,2025,Points given by televoters,latvia,italy,2
4071,basel-2025,2025,Points given by televoters,lithuania,italy,6
4072,basel-2025,2025,Points given by televoters,malta,italy,8
4073,basel-2025,2025,Points given by televoters,montenegro,italy,1
4074,basel-2025,2025,Points given by televoters,the netherlands,italy,2
4075,basel-2025,2025,Points given by televoters,portugal,italy,8
4076,basel-2025,2025,Points given by televoters,san marino,italy,3
4077,basel-2025,2025,Points given by televoters,slovenia,italy,12
4078,basel-2025,2025,Points given by televoters,sweden,italy,1
4079,basel-2025,2025,Points given by televoters,switzerland,italy,8
4080,basel-2025,2025,Points given by televoters,ukraine,italy,7
4081,basel-2025,2025,Points given by the jury,albania,greece,6
4082,basel-2025,2025,Points given by the jury,australia,greece,12
4083,basel-2025,2025,Points given by the jury,croatia,greece,4
4084,basel-2025,2025,Points given by the jury,cyprus,greece,12
4085,basel-2025,2025,Points given by the jury,finland,greece,3
4086,basel-2025,2025,Points given by the jury,france,greece,8
4087,basel-2025,2025,Points given by the jury,georgia,greece,5
4088,basel-2025,2025,Points given by the jury,germany,greece,6
4089,basel-2025,2025,Points given by the jury,ireland,greece,3
4090,basel-2025,2025,Points given by the jury,israel,greece,12
4091,basel-2025,2025,Points given by the jury,malta,greece,10
4092,basel-2025,2025,Points given by the jury,montenegro,greece,12
4093,basel-2025,2025,Points given by the jury,poland,greece,4
4094,basel-2025,2025,Points given by the jury,portugal,greece,1
4095,basel-2025,2025,Points given by the jury,serbia,greece,6
4096,basel-2025,2025,Points given by the jury,united kingdom,greece,1
4097,basel-2025,2025,Points given by televoters,albania,greece,12
4098,basel-2025,2025,Points given by televoters,armenia,greece,8
4099,basel-2025,2025,Points given by televoters,australia,greece,7
4100,basel-2025,2025,Points given by televoters,belgium,greece,6
4101,basel-2025,2025,Points given by televoters,cyprus,greece,12
4102,basel-2025,2025,Points given by televoters,france,greece,4
4103,basel-2025,2025,Points given by televoters,germany,greece,10
4104,basel-2025,2025,Points given by televoters,israel,greece,7
4105,basel-2025,2025,Points given by televoters,italy,greece,2
4106,basel-2025,2025,Points given by televoters,luxembourg,greece,10
4107,basel-2025,2025,Points given by televoters,montenegro,greece,4
4108,basel-2025,2025,Points given by televoters,the netherlands,greece,5
4109,basel-2025,2025,Points given by televoters,san marino,greece,12
4110,basel-2025,2025,Points given by televoters,serbia,greece,8
4111,basel-2025,2025,Points given by televoters,sweden,greece,3
4112,basel-2025,2025,Points given by televoters,switzerland,greece,7
4113,basel-2025,2025,Points given by televoters,united kingdom,greece,2
4114,basel-2025,2025,Points given by the jury,albania,france,12
4115,basel-2025,2025,Points given by the jury,armenia,france,12
4116,basel-2025,2025,Points given by the jury,austria,france,6
4117,basel-2025,2025,Points given by the jury,cyprus,france,10
4118,basel-2025,2025,Points given by the jury,czech republic,france,8
4119,basel-2025,2025,Points given by the jury,estonia,france,6
4120,basel-2025,2025,Points given by the jury,finland,france,8
4121,basel-2025,2025,Points given by the jury,germany,france,10
4122,basel-2025,2025,Points given by the jury,greece,france,12
4123,basel-2025,2025,Points given by the jury,iceland,france,4
4124,basel-2025,2025,Points given by the jury,ireland,france,8
4125,basel-2025,2025,Points given by the jury,latvia,france,6
4126,basel-2025,2025,Points given by the jury,luxembourg,france,12
4127,basel-2025,2025,Points given by the jury,malta,france,8
4128,basel-2025,2025,Points given by the jury,montenegro,france,6
4129,basel-2025,2025,Points given by the jury,the netherlands,france,2
4130,basel-2025,2025,Points given by the jury,norway,france,2
4131,basel-2025,2025,Points given by the jury,poland,france,3
4132,basel-2025,2025,Points given by the jury,san marino,france,5
4133,basel-2025,2025,Points given by the jury,serbia,france,12
4134,basel-2025,2025,Points given by the jury,slovenia,france,3
4135,basel-2025,2025,Points given by the jury,spain,france,8
4136,basel-2025,2025,Points given by the jury,sweden,france,7
4137,basel-2025,2025,Points given by the jury,switzerland,france,8
4138,basel-2025,2025,Points given by the jury,united kingdom,france,2
4139,basel-2025,2025,Points given by televoters,armenia,france,10
4140,basel-2025,2025,Points given by televoters,azerbaijan,france,2
4141,basel-2025,2025,Points given by televoters,belgium,france,8
4142,basel-2025,2025,Points given by televoters,cyprus,france,3
4143,basel-2025,2025,Points given by televoters,greece,france,5
4144,basel-2025,2025,Points given by televoters,israel,france,4
4145,basel-2025,2025,Points given by televoters,luxembourg,france,6
4146,basel-2025,2025,Points given by televoters,montenegro,france,2
4147,basel-2025,2025,Points given by televoters,portugal,france,5
4148,basel-2025,2025,Points given by televoters,spain,france,1
4149,basel-2025,2025,Points given by televoters,switzerland,france,4
4150,basel-2025,2025,Points given by the jury,cyprus,albania,4
4151,basel-2025,2025,Points given by the jury,france,albania,12
4152,basel-2025,2025,Points given by the jury,greece,albania,2
4153,basel-2025,2025,Points given by the jury,italy,albania,3
4154,basel-2025,2025,Points given by the jury,montenegro,albania,10
4155,basel-2025,2025,Points given by the jury,the netherlands,albania,1
4156,basel-2025,2025,Points given by the jury,poland,albania,5
4157,basel-2025,2025,Points given by the jury,portugal,albania,4
4158,basel-2025,2025,Points given by the jury,spain,albania,1
4159,basel-2025,2025,Points given by the jury,sweden,albania,3
4160,basel-2025,2025,Points given by televoters,armenia,albania,3
4161,basel-2025,2025,Points given by televoters,australia,albania,4
4162,basel-2025,2025,Points given by televoters,austria,albania,6
4163,basel-2025,2025,Points given by televoters,azerbaijan,albania,7
4164,basel-2025,2025,Points given by televoters,belgium,albania,7
4165,basel-2025,2025,Points given by televoters,croatia,albania,10
4166,basel-2025,2025,Points given by televoters,czech republic,albania,5
4167,basel-2025,2025,Points given by televoters,finland,albania,4
4168,basel-2025,2025,Points given by televoters,france,albania,10
4169,basel-2025,2025,Points given by televoters,georgia,albania,3
4170,basel-2025,2025,Points given by televoters,germany,albania,8
4171,basel-2025,2025,Points given by televoters,greece,albania,12
4172,basel-2025,2025,Points given by televoters,italy,albania,10
4173,basel-2025,2025,Points given by televoters,luxembourg,albania,7
4174,basel-2025,2025,Points given by televoters,malta,albania,4
4175,basel-2025,2025,Points given by televoters,montenegro,albania,12
4176,basel-2025,2025,Points given by televoters,poland,albania,4
4177,basel-2025,2025,Points given by televoters,portugal,albania,2
4178,basel-2025,2025,Points given by televoters,san marino,albania,8
4179,basel-2025,2025,Points given by televoters,serbia,albania,4
4180,basel-2025,2025,Points given by televoters,slovenia,albania,8
4181,basel-2025,2025,Points given by televoters,spain,albania,3
4182,basel-2025,2025,Points given by televoters,sweden,albania,7
4183,basel-2025,2025,Points given by televoters,switzerland,albania,10
4184,basel-2025,2025,Points given by televoters,united kingdom,albania,5
4185,basel-2025,2025,Points given by the jury,armenia,ukraine,4
4186,basel-2025,2025,Points given by the jury,azerbaijan,ukraine,8
4187,basel-2025,2025,Points given by the jury,croatia,ukraine,2
4188,basel-2025,2025,Points given by the jury,denmark,ukraine,2
4189,basel-2025,2025,Points given by the jury,georgia,ukraine,6
4190,basel-2025,2025,Points given by the jury,israel,ukraine,4
4191,basel-2025,2025,Points given by the jury,italy,ukraine,2
4192,basel-2025,2025,Points given by the jury,lithuania,ukraine,2
4193,basel-2025,2025,Points given by the jury,norway,ukraine,1
4194,basel-2025,2025,Points given by the jury,portugal,ukraine,8
4195,basel-2025,2025,Points given by the jury,san marino,ukraine,4
4196,basel-2025,2025,Points given by the jury,serbia,ukraine,4
4197,basel-2025,2025,Points given by the jury,slovenia,ukraine,5
4198,basel-2025,2025,Points given by the jury,spain,ukraine,2
4199,basel-2025,2025,Points given by the jury,sweden,ukraine,5
4200,basel-2025,2025,Points given by the jury,switzerland,ukraine,1
4201,basel-2025,2025,Points given by televoters,azerbaijan,ukraine,4
4202,basel-2025,2025,Points given by televoters,croatia,ukraine,2
4203,basel-2025,2025,Points given by televoters,cyprus,ukraine,8
4204,basel-2025,2025,Points given by televoters,czech republic,ukraine,12
4205,basel-2025,2025,Points given by televoters,denmark,ukraine,4
4206,basel-2025,2025,Points given by televoters,estonia,ukraine,6
4207,basel-2025,2025,Points given by televoters,finland,ukraine,2
4208,basel-2025,2025,Points given by televoters,france,ukraine,6
4209,basel-2025,2025,Points given by televoters,georgia,ukraine,10
4210,basel-2025,2025,Points given by televoters,germany,ukraine,3
4211,basel-2025,2025,Points given by televoters,ireland,ukraine,7
4212,basel-2025,2025,Points given by televoters,israel,ukraine,12
4213,basel-2025,2025,Points given by televoters,italy,ukraine,6
4214,basel-2025,2025,Points given by televoters,latvia,ukraine,6
4215,basel-2025,2025,Points given by televoters,lithuania,ukraine,7
4216,basel-2025,2025,Points given by televoters,montenegro,ukraine,6
4217,basel-2025,2025,Points given by televoters,the netherlands,ukraine,4
4218,basel-2025,2025,Points given by televoters,norway,ukraine,2
4219,basel-2025,2025,Points given by televoters,poland,ukraine,12
4220,basel-2025,2025,Points given by televoters,portugal,ukraine,10
4221,basel-2025,2025,Points given by televoters,san marino,ukraine,4
4222,basel-2025,2025,Points given by televoters,slovenia,ukraine,3
4223,basel-2025,2025,Points given by televoters,spain,ukraine,10
4224,basel-2025,2025,Points given by televoters,sweden,ukraine,4
4225,basel-2025,2025,Points given by the jury,albania,switzerland,8
4226,basel-2025,2025,Points given by the jury,armenia,switzerland,7
4227,basel-2025,2025,Points given by the jury,australia,switzerland,1
4228,basel-2025,2025,Points given by the jury,azerbaijan,switzerland,1
4229,basel-2025,2025,Points given by the jury,belgium,switzerland,8
4230,basel-2025,2025,Points given by the jury,croatia,switzerland,8
4231,basel-2025,2025,Points given by the jury,cyprus,switzerland,6
4232,basel-2025,2025,Points given by the jury,denmark,switzerland,10
4233,basel-2025,2025,Points given by the jury,estonia,switzerland,12
4234,basel-2025,2025,Points given by the jury,finland,switzerland,6
4235,basel-2025,2025,Points given by the jury,france,switzerland,2
4236,basel-2025,2025,Points given by the jury,georgia,switzerland,4
4237,basel-2025,2025,Points given by the jury,germany,switzerland,7
4238,basel-2025,2025,Points given by the jury,greece,switzerland,6
4239,basel-2025,2025,Points given by the jury,iceland,switzerland,7
4240,basel-2025,2025,Points given by the jury,italy,switzerland,4
4241,basel-2025,2025,Points given by the jury,latvia,switzerland,8
4242,basel-2025,2025,Points given by the jury,lithuania,switzerland,3
4243,basel-2025,2025,Points given by the jury,luxembourg,switzerland,8
4244,basel-2025,2025,Points given by the jury,malta,switzerland,2
4245,basel-2025,2025,Points given by the jury,montenegro,switzerland,7
4246,basel-2025,2025,Points given by the jury,the netherlands,switzerland,10
4247,basel-2025,2025,Points given by the jury,norway,switzerland,3
4248,basel-2025,2025,Points given by the jury,poland,switzerland,12
4249,basel-2025,2025,Points given by the jury,portugal,switzerland,10
4250,basel-2025,2025,Points given by the jury,san marino,switzerland,10
4251,basel-2025,2025,Points given by the jury,serbia,switzerland,7
4252,basel-2025,2025,Points given by the jury,slovenia,switzerland,8
4253,basel-2025,2025,Points given by the jury,spain,switzerland,12
4254,basel-2025,2025,Points given by the jury,sweden,switzerland,10
4255,basel-2025,2025,Points given by the jury,ukraine,switzerland,7
4256,basel-2025,2025,Points given by the jury,armenia,finland,10
4257,basel-2025,2025,Points given by the jury,australia,finland,2
4258,basel-2025,2025,Points given by the jury,austria,finland,12
4259,basel-2025,2025,Points given by the jury,belgium,finland,4
4260,basel-2025,2025,Points given by the jury,denmark,finland,6
4261,basel-2025,2025,Points given by the jury,estonia,finland,10
4262,basel-2025,2025,Points given by the jury,iceland,finland,1
4263,basel-2025,2025,Points given by the jury,ireland,finland,4
4264,basel-2025,2025,Points given by the jury,italy,finland,1
4265,basel-2025,2025,Points given by the jury,latvia,finland,10
4266,basel-2025,2025,Points given by the jury,malta,finland,6
4267,basel-2025,2025,Points given by the jury,norway,finland,8
4268,basel-2025,2025,Points given by the jury,sweden,finland,6
4269,basel-2025,2025,Points given by the jury,switzerland,finland,3
4270,basel-2025,2025,Points given by the jury,united kingdom,finland,5
4271,basel-2025,2025,Points given by televoters,armenia,finland,1
4272,basel-2025,2025,Points given by televoters,australia,finland,10
4273,basel-2025,2025,Points given by televoters,austria,finland,2
4274,basel-2025,2025,Points given by televoters,azerbaijan,finland,5
4275,basel-2025,2025,Points given by televoters,croatia,finland,7
4276,basel-2025,2025,Points given by televoters,czech republic,finland,3
4277,basel-2025,2025,Points given by televoters,denmark,finland,5
4278,basel-2025,2025,Points given by televoters,estonia,finland,10
4279,basel-2025,2025,Points given by televoters,iceland,finland,5
4280,basel-2025,2025,Points given by televoters,ireland,finland,5
4281,basel-2025,2025,Points given by televoters,israel,finland,1
4282,basel-2025,2025,Points given by televoters,latvia,finland,3
4283,basel-2025,2025,Points given by televoters,malta,finland,7
4284,basel-2025,2025,Points given by televoters,the netherlands,finland,6
4285,basel-2025,2025,Points given by televoters,norway,finland,6
4286,basel-2025,2025,Points given by televoters,poland,finland,1
4287,basel-2025,2025,Points given by televoters,serbia,finland,6
4288,basel-2025,2025,Points given by televoters,spain,finland,6
4289,basel-2025,2025,Points given by televoters,sweden,finland,10
4290,basel-2025,2025,Points given by televoters,united kingdom,finland,4
4291,basel-2025,2025,Points given by the jury,albania,the netherlands,3
4292,basel-2025,2025,Points given by the jury,armenia,the netherlands,3
4293,basel-2025,2025,Points given by the jury,austria,the netherlands,2
4294,basel-2025,2025,Points given by the jury,azerbaijan,the netherlands,3
4295,basel-2025,2025,Points given by the jury,belgium,the netherlands,3
4296,basel-2025,2025,Points given by the jury,cyprus,the netherlands,8
4297,basel-2025,2025,Points given by the jury,czech republic,the netherlands,7
4298,basel-2025,2025,Points given by the jury,estonia,the netherlands,1
4299,basel-2025,2025,Points given by the jury,france,the netherlands,3
4300,basel-2025,2025,Points given by the jury,georgia,the netherlands,7
4301,basel-2025,2025,Points given by the jury,greece,the netherlands,8
4302,basel-2025,2025,Points given by the jury,iceland,the netherlands,10
4303,basel-2025,2025,Points given by the jury,ireland,the netherlands,10
4304,basel-2025,2025,Points given by the jury,lithuania,the netherlands,8
4305,basel-2025,2025,Points given by the jury,luxembourg,the netherlands,7
4306,basel-2025,2025,Points given by the jury,montenegro,the netherlands,2
4307,basel-2025,2025,Points given by the jury,norway,the netherlands,5
4308,basel-2025,2025,Points given by the jury,poland,the netherlands,10
4309,basel-2025,2025,Points given by the jury,portugal,the netherlands,5
4310,basel-2025,2025,Points given by the jury,slovenia,the netherlands,4
4311,basel-2025,2025,Points given by the jury,spain,the netherlands,10
4312,basel-2025,2025,Points given by the jury,sweden,the netherlands,8
4313,basel-2025,2025,Points given by the jury,switzerland,the netherlands,6
4314,basel-2025,2025,Points given by televoters,albania,the netherlands,1
4315,basel-2025,2025,Points given by televoters,armenia,the netherlands,2
4316,basel-2025,2025,Points given by televoters,austria,the netherlands,3
4317,basel-2025,2025,Points given by televoters,belgium,the netherlands,5
4318,basel-2025,2025,Points given by televoters,cyprus,the netherlands,1
4319,basel-2025,2025,Points given by televoters,estonia,the netherlands,4
4320,basel-2025,2025,Points given by televoters,greece,the netherlands,6
4321,basel-2025,2025,Points given by televoters,iceland,the netherlands,6
4322,basel-2025,2025,Points given by televoters,lithuania,the netherlands,1
4323,basel-2025,2025,Points given by televoters,norway,the netherlands,5
4324,basel-2025,2025,Points given by televoters,portugal,the netherlands,3
4325,basel-2025,2025,Points given by televoters,san marino,the netherlands,2
4326,basel-2025,2025,Points given by televoters,sweden,the netherlands,2
4327,basel-2025,2025,Points given by televoters,switzerland,the netherlands,1
4328,basel-2025,2025,Points given by the jury,armenia,latvia,1
4329,basel-2025,2025,Points given by the jury,australia,latvia,10
4330,basel-2025,2025,Points given by the jury,austria,latvia,4
4331,basel-2025,2025,Points given by the jury,belgium,latvia,7
4332,basel-2025,2025,Points given by the jury,croatia,latvia,7
4333,basel-2025,2025,Points given by the jury,denmark,latvia,12
4334,basel-2025,2025,Points given by the jury,estonia,latvia,3
4335,basel-2025,2025,Points given by the jury,georgia,latvia,8
4336,basel-2025,2025,Points given by the jury,israel,latvia,7
4337,basel-2025,2025,Points given by the jury,lithuania,latvia,12
4338,basel-2025,2025,Points given by the jury,luxembourg,latvia,2
4339,basel-2025,2025,Points given by the jury,the netherlands,latvia,3
4340,basel-2025,2025,Points given by the jury,norway,latvia,6
4341,basel-2025,2025,Points given by the jury,portugal,latvia,7
4342,basel-2025,2025,Points given by the jury,san marino,latvia,8
4343,basel-2025,2025,Points given by the jury,serbia,latvia,1
4344,basel-2025,2025,Points given by the jury,ukraine,latvia,6
4345,basel-2025,2025,Points given by the jury,united kingdom,latvia,12
4346,basel-2025,2025,Points given by televoters,australia,latvia,2
4347,basel-2025,2025,Points given by televoters,estonia,latvia,8
4348,basel-2025,2025,Points given by televoters,finland,latvia,3
4349,basel-2025,2025,Points given by televoters,ireland,latvia,3
4350,basel-2025,2025,Points given by televoters,lithuania,latvia,12
4351,basel-2025,2025,Points given by televoters,luxembourg,latvia,1
4352,basel-2025,2025,Points given by televoters,poland,latvia,2
4353,basel-2025,2025,Points given by televoters,ukraine,latvia,8
4354,basel-2025,2025,Points given by televoters,united kingdom,latvia,3
4355,basel-2025,2025,Points given by the jury,australia,poland,5
4356,basel-2025,2025,Points given by the jury,azerbaijan,poland,4
4357,basel-2025,2025,Points given by the jury,belgium,poland,2
4358,basel-2025,2025,Points given by the jury,estonia,poland,2
4359,basel-2025,2025,Points given by the jury,france,poland,1
4360,basel-2025,2025,Points given by the jury,germany,poland,2
4361,basel-2025,2025,Points given by the jury,israel,poland,1
4362,basel-2025,2025,Points given by televoters,australia,poland,1
4363,basel-2025,2025,Points given by televoters,austria,poland,5
4364,basel-2025,2025,Points given by televoters,belgium,poland,10
4365,basel-2025,2025,Points given by televoters,cyprus,poland,4
4366,basel-2025,2025,Points given by televoters,czech republic,poland,8
4367,basel-2025,2025,Points given by televoters,denmark,poland,7
4368,basel-2025,2025,Points given by televoters,france,poland,7
4369,basel-2025,2025,Points given by televoters,germany,poland,7
4370,basel-2025,2025,Points given by televoters,iceland,poland,12
4371,basel-2025,2025,Points given by televoters,ireland,poland,12
4372,basel-2025,2025,Points given by televoters,italy,poland,3
4373,basel-2025,2025,Points given by televoters,luxembourg,poland,3
4374,basel-2025,2025,Points given by televoters,malta,poland,2
4375,basel-2025,2025,Points given by televoters,the netherlands,poland,10
4376,basel-2025,2025,Points given by televoters,norway,poland,8
4377,basel-2025,2025,Points given by televoters,san marino,poland,6
4378,basel-2025,2025,Points given by televoters,spain,poland,8
4379,basel-2025,2025,Points given by televoters,sweden,poland,6
4380,basel-2025,2025,Points given by televoters,switzerland,poland,3
4381,basel-2025,2025,Points given by televoters,ukraine,poland,3
4382,basel-2025,2025,Points given by televoters,united kingdom,poland,10
4383,basel-2025,2025,Points given by the jury,azerbaijan,germany,2
4384,basel-2025,2025,Points given by the jury,belgium,germany,1
4385,basel-2025,2025,Points given by the jury,czech republic,germany,12
4386,basel-2025,2025,Points given by the jury,finland,germany,1
4387,basel-2025,2025,Points given by the jury,georgia,germany,2
4388,basel-2025,2025,Points given by the jury,greece,germany,5
4389,basel-2025,2025,Points given by the jury,israel,germany,10
4390,basel-2025,2025,Points given by the jury,italy,germany,8
4391,basel-2025,2025,Points given by the jury,latvia,germany,2
4392,basel-2025,2025,Points given by the jury,lithuania,germany,5
4393,basel-2025,2025,Points given by the jury,luxembourg,germany,4
4394,basel-2025,2025,Points given by the jury,serbia,germany,10
4395,basel-2025,2025,Points given by the jury,spain,germany,3
4396,basel-2025,2025,Points given by the jury,ukraine,germany,12
4397,basel-2025,2025,Points given by televoters,albania,germany,4
4398,basel-2025,2025,Points given by televoters,armenia,germany,5
4399,basel-2025,2025,Points given by televoters,austria,germany,12
4400,basel-2025,2025,Points given by televoters,croatia,germany,3
4401,basel-2025,2025,Points given by televoters,czech republic,germany,1
4402,basel-2025,2025,Points given by televoters,denmark,germany,1
4403,basel-2025,2025,Points given by televoters,estonia,germany,3
4404,basel-2025,2025,Points given by televoters,finland,germany,5
4405,basel-2025,2025,Points given by televoters,georgia,germany,2
4406,basel-2025,2025,Points given by televoters,greece,germany,3
4407,basel-2025,2025,Points given by televoters,iceland,germany,1
4408,basel-2025,2025,Points given by televoters,israel,germany,5
4409,basel-2025,2025,Points given by televoters,latvia,germany,5
4410,basel-2025,2025,Points given by televoters,lithuania,germany,8
4411,basel-2025,2025,Points given by televoters,the netherlands,germany,1
4412,basel-2025,2025,Points given by televoters,poland,germany,5
4413,basel-2025,2025,Points given by televoters,serbia,germany,5
4414,basel-2025,2025,Points given by televoters,ukraine,germany,5
4415,basel-2025,2025,Points given by the jury,czech republic,lithuania,5
4416,basel-2025,2025,Points given by the jury,latvia,lithuania,7
4417,basel-2025,2025,Points given by the jury,montenegro,lithuania,3
4418,basel-2025,2025,Points given by the jury,the netherlands,lithuania,4
4419,basel-2025,2025,Points given by the jury,poland,lithuania,6
4420,basel-2025,2025,Points given by the jury,san marino,lithuania,3
4421,basel-2025,2025,Points given by the jury,united kingdom,lithuania,6
4422,basel-2025,2025,Points given by televoters,denmark,lithuania,2
4423,basel-2025,2025,Points given by televoters,estonia,lithuania,1
4424,basel-2025,2025,Points given by televoters,finland,lithuania,1
4425,basel-2025,2025,Points given by televoters,georgia,lithuania,6
4426,basel-2025,2025,Points given by televoters,ireland,lithuania,8
4427,basel-2025,2025,Points given by televoters,latvia,lithuania,10
4428,basel-2025,2025,Points given by televoters,luxembourg,lithuania,4
4429,basel-2025,2025,Points given by televoters,norway,lithuania,4
4430,basel-2025,2025,Points given by televoters,poland,lithuania,6
4431,basel-2025,2025,Points given by televoters,ukraine,lithuania,12
4432,basel-2025,2025,Points given by televoters,united kingdom,lithuania,8
4433,basel-2025,2025,Points given by the jury,armenia,malta,5
4434,basel-2025,2025,Points given by the jury,australia,malta,8
4435,basel-2025,2025,Points given by the jury,austria,malta,10
4436,basel-2025,2025,Points given by the jury,czech republic,malta,2
4437,basel-2025,2025,Points given by the jury,finland,malta,7
4438,basel-2025,2025,Points given by the jury,germany,malta,8
4439,basel-2025,2025,Points given by the jury,ireland,malta,6
4440,basel-2025,2025,Points given by the jury,israel,malta,8
4441,basel-2025,2025,Points given by the jury,italy,malta,5
4442,basel-2025,2025,Points given by the jury,latvia,malta,5
4443,basel-2025,2025,Points given by the jury,montenegro,malta,5
4444,basel-2025,2025,Points given by the jury,san marino,malta,1
4445,basel-2025,2025,Points given by the jury,spain,malta,5
4446,basel-2025,2025,Points given by the jury,sweden,malta,1
4447,basel-2025,2025,Points given by the jury,united kingdom,malta,7
4448,basel-2025,2025,Points given by televoters,australia,malta,5
4449,basel-2025,2025,Points given by televoters,azerbaijan,malta,1
4450,basel-2025,2025,Points given by televoters,serbia,malta,1
4451,basel-2025,2025,Points given by televoters,united kingdom,malta,1
4452,basel-2025,2025,Points given by the jury,croatia,norway,1
4453,basel-2025,2025,Points given by the jury,czech republic,norway,6
4454,basel-2025,2025,Points given by the jury,germany,norway,1
4455,basel-2025,2025,Points given by the jury,iceland,norway,6
4456,basel-2025,2025,Points given by the jury,poland,norway,2
4457,basel-2025,2025,Points given by the jury,slovenia,norway,2
4458,basel-2025,2025,Points given by the jury,sweden,norway,4
4459,basel-2025,2025,Points given by televoters,armenia,norway,4
4460,basel-2025,2025,Points given by televoters,azerbaijan,norway,6
4461,basel-2025,2025,Points given by televoters,croatia,norway,4
4462,basel-2025,2025,Points given by televoters,cyprus,norway,5
4463,basel-2025,2025,Points given by televoters,czech republic,norway,2
4464,basel-2025,2025,Points given by televoters,georgia,norway,4
4465,basel-2025,2025,Points given by televoters,greece,norway,4
4466,basel-2025,2025,Points given by televoters,iceland,norway,8
4467,basel-2025,2025,Points given by televoters,italy,norway,1
4468,basel-2025,2025,Points given by televoters,latvia,norway,1
4469,basel-2025,2025,Points given by televoters,lithuania,norway,2
4470,basel-2025,2025,Points given by televoters,malta,norway,6
4471,basel-2025,2025,Points given by televoters,poland,norway,3
4472,basel-2025,2025,Points given by televoters,serbia,norway,3
4473,basel-2025,2025,Points given by televoters,slovenia,norway,2
4474,basel-2025,2025,Points given by televoters,spain,norway,2
4475,basel-2025,2025,Points given by televoters,ukraine,norway,10
4476,basel-2025,2025,Points given by the jury,austria,united kingdom,7
4477,basel-2025,2025,Points given by the jury,czech republic,united kingdom,10
4478,basel-2025,2025,Points given by the jury,denmark,united kingdom,4
4479,basel-2025,2025,Points given by the jury,estonia,united kingdom,5
4480,basel-2025,2025,Points given by the jury,finland,united kingdom,5
4481,basel-2025,2025,Points given by the jury,iceland,united kingdom,5
4482,basel-2025,2025,Points given by the jury,ireland,united kingdom,2
4483,basel-2025,2025,Points given by the jury,italy,united kingdom,12
4484,basel-2025,2025,Points given by the jury,luxembourg,united kingdom,6
4485,basel-2025,2025,Points given by the jury,norway,united kingdom,7
4486,basel-2025,2025,Points given by the jury,poland,united kingdom,1
4487,basel-2025,2025,Points given by the jury,portugal,united kingdom,2
4488,basel-2025,2025,Points given by the jury,san marino,united kingdom,2
4489,basel-2025,2025,Points given by the jury,spain,united kingdom,6
4490,basel-2025,2025,Points given by the jury,switzerland,united kingdom,4
4491,basel-2025,2025,Points given by the jury,ukraine,united kingdom,10
4492,basel-2025,2025,Points given by the jury,denmark,armenia,1
4493,basel-2025,2025,Points given by the jury,france,armenia,10
4494,basel-2025,2025,Points given by the jury,georgia,armenia,3
4495,basel-2025,2025,Points given by the jury,greece,armenia,3
4496,basel-2025,2025,Points given by the jury,ireland,armenia,1
4497,basel-2025,2025,Points given by the jury,israel,armenia,5
4498,basel-2025,2025,Points given by the jury,latvia,armenia,4
4499,basel-2025,2025,Points given by the jury,malta,armenia,12
4500,basel-2025,2025,Points given by the jury,montenegro,armenia,1
4501,basel-2025,2025,Points given by the jury,serbia,armenia,2
4502,basel-2025,2025,Points given by televoters,cyprus,armenia,2
4503,basel-2025,2025,Points given by televoters,france,armenia,8
4504,basel-2025,2025,Points given by televoters,georgia,armenia,12
4505,basel-2025,2025,Points given by televoters,greece,armenia,2
4506,basel-2025,2025,Points given by televoters,israel,armenia,6
4507,basel-2025,2025,Points given by the jury,albania,portugal,1
4508,basel-2025,2025,Points given by the jury,azerbaijan,portugal,6
4509,basel-2025,2025,Points given by the jury,czech republic,portugal,4
4510,basel-2025,2025,Points given by the jury,lithuania,portugal,6
4511,basel-2025,2025,Points given by the jury,the netherlands,portugal,7
4512,basel-2025,2025,Points given by the jury,san marino,portugal,6
4513,basel-2025,2025,Points given by the jury,slovenia,portugal,1
4514,basel-2025,2025,Points given by the jury,switzerland,portugal,2
4515,basel-2025,2025,Points given by the jury,ukraine,portugal,4
4516,basel-2025,2025,Points given by televoters,france,portugal,5
4517,basel-2025,2025,Points given by televoters,luxembourg,portugal,8
4518,basel-2025,2025,Points given by the jury,austria,luxembourg,1
4519,basel-2025,2025,Points given by the jury,israel,luxembourg,2
4520,basel-2025,2025,Points given by the jury,latvia,luxembourg,3
4521,basel-2025,2025,Points given by the jury,montenegro,luxembourg,4
4522,basel-2025,2025,Points given by the jury,the netherlands,luxembourg,6
4523,basel-2025,2025,Points given by the jury,ukraine,luxembourg,3
4524,basel-2025,2025,Points given by the jury,united kingdom,luxembourg,4
4525,basel-2025,2025,Points given by televoters,albania,luxembourg,8
4526,basel-2025,2025,Points given by televoters,france,luxembourg,1
4527,basel-2025,2025,Points given by televoters,israel,luxembourg,3
4528,basel-2025,2025,Points given by televoters,montenegro,luxembourg,8
4529,basel-2025,2025,Points given by televoters,slovenia,luxembourg,4
4530,basel-2025,2025,Points given by the jury,australia,denmark,4
4531,basel-2025,2025,Points given by the jury,austria,denmark,8
4532,basel-2025,2025,Points given by the jury,czech republic,denmark,1
4533,basel-2025,2025,Points given by the jury,georgia,denmark,10
4534,basel-2025,2025,Points given by the jury,italy,denmark,7
4535,basel-2025,2025,Points given by the jury,serbia,denmark,5
4536,basel-2025,2025,Points given by the jury,united kingdom,denmark,10
4537,basel-2025,2025,Points given by televoters,iceland,denmark,2
4538,basel-2025,2025,Points given by the jury,albania,spain,10
4539,basel-2025,2025,Points given by the jury,azerbaijan,spain,5
4540,basel-2025,2025,Points given by the jury,france,spain,5
4541,basel-2025,2025,Points given by the jury,malta,spain,5
4542,basel-2025,2025,Points given by the jury,sweden,spain,2
4543,basel-2025,2025,Points given by televoters,ireland,spain,1
4544,basel-2025,2025,Points given by televoters,portugal,spain,6
4545,basel-2025,2025,Points given by televoters,austria,iceland,1
4546,basel-2025,2025,Points given by televoters,croatia,iceland,1
4547,basel-2025,2025,Points given by televoters,denmark,iceland,10
4548,basel-2025,2025,Points given by televoters,estonia,iceland,5
4549,basel-2025,2025,Points given by televoters,finland,iceland,6
4550,basel-2025,2025,Points given by televoters,germany,iceland,1
4551,basel-2025,2025,Points given by televoters,norway,iceland,3
4552,basel-2025,2025,Points given by televoters,slovenia,iceland,1
4553,basel-2025,2025,Points given by televoters,sweden,iceland,5
4554,basel-2025,2025,Points given by the jury,albania,san marino,2
4555,basel-2025,2025,Points given by the jury,cyprus,san marino,1
4556,basel-2025,2025,Points given by the jury,italy,san marino,6
4557,basel-2025,2025,Points given by televoters,albania,san marino,3
4558,basel-2025,2025,Points given by televoters,italy,san marino,12
4559,basel-2025,2025,Points given by televoters,malta,san marino,3
4560,basel-2025,2025,Points given,albania,ukraine,10
4561,basel-2025,2025,Points given,azerbaijan,ukraine,7
4562,basel-2025,2025,Points given,belgium,ukraine,6
4563,basel-2025,2025,Points given,croatia,ukraine,4
4564,basel-2025,2025,Points given,cyprus,ukraine,12
4565,basel-2025,2025,Points given,estonia,ukraine,8
4566,basel-2025,2025,Points given,iceland,ukraine,4
4567,basel-2025,2025,Points given,italy,ukraine,7
4568,basel-2025,2025,Points given,the netherlands,ukraine,8
4569,basel-2025,2025,Points given,norway,ukraine,5
4570,basel-2025,2025,Points given,poland,ukraine,12
4571,basel-2025,2025,Points given,portugal,ukraine,12
4572,basel-2025,2025,Points given,san marino,ukraine,6
4573,basel-2025,2025,Points given,slovenia,ukraine,8
4574,basel-2025,2025,Points given,spain,ukraine,12
4575,basel-2025,2025,Points given,sweden,ukraine,4
4576,basel-2025,2025,Points given,switzerland,ukraine,2
4577,basel-2025,2025,Points given,azerbaijan,albania,6
4578,basel-2025,2025,Points given,belgium,albania,7
4579,basel-2025,2025,Points given,croatia,albania,10
4580,basel-2025,2025,Points given,cyprus,albania,3
4581,basel-2025,2025,Points given,estonia,albania,2
4582,basel-2025,2025,Points given,iceland,albania,2
4583,basel-2025,2025,Points given,italy,albania,10
4584,basel-2025,2025,Points given,the netherlands,albania,4
4585,basel-2025,2025,Points given,norway,albania,4
4586,basel-2025,2025,Points given,poland,albania,10
4587,basel-2025,2025,Points given,portugal,albania,8
4588,basel-2025,2025,Points given,san marino,albania,1
4589,basel-2025,2025,Points given,slovenia,albania,7
4590,basel-2025,2025,Points given,spain,albania,6
4591,basel-2025,2025,Points given,sweden,albania,10
4592,basel-2025,2025,Points given,switzerland,albania,10
4593,basel-2025,2025,Points given,ukraine,albania,10
4594,basel-2025,2025,Points given,albania,the netherlands,7
4595,basel-2025,2025,Points given,azerbaijan,the netherlands,3
4596,basel-2025,2025,Points given,belgium,the netherlands,12
4597,basel-2025,2025,Points given,croatia,the netherlands,3
4598,basel-2025,2025,Points given,cyprus,the netherlands,10
4599,basel-2025,2025,Points given,estonia,the netherlands,10
4600,basel-2025,2025,Points given,iceland,the netherlands,8
4601,basel-2025,2025,Points given,italy,the netherlands,5
4602,basel-2025,2025,Points given,norway,the netherlands,10
4603,basel-2025,2025,Points given,poland,the netherlands,4
4604,basel-2025,2025,Points given,portugal,the netherlands,10
4605,basel-2025,2025,Points given,san marino,the netherlands,3
4606,basel-2025,2025,Points given,slovenia,the netherlands,6
4607,basel-2025,2025,Points given,spain,the netherlands,3
4608,basel-2025,2025,Points given,sweden,the netherlands,8
4609,basel-2025,2025,Points given,switzerland,the netherlands,12
4610,basel-2025,2025,Points given,ukraine,the netherlands,6
4611,basel-2025,2025,Points given,albania,sweden,6
4612,basel-2025,2025,Points given,azerbaijan,sweden,4
4613,basel-2025,2025,Points given,belgium,sweden,8
4614,basel-2025,2025,Points given,croatia,sweden,8
4615,basel-2025,2025,Points given,cyprus,sweden,5
4616,basel-2025,2025,Points given,estonia,sweden,12
4617,basel-2025,2025,Points given,iceland,sweden,12
4618,basel-2025,2025,Points given,italy,sweden,6
4619,basel-2025,2025,Points given,the netherlands,sweden,7
4620,basel-2025,2025,Points given,norway,sweden,12
4621,basel-2025,2025,Points given,poland,sweden,7
4622,basel-2025,2025,Points given,portugal,sweden,7
4623,basel-2025,2025,Points given,slovenia,sweden,4
4624,basel-2025,2025,Points given,spain,sweden,2
4625,basel-2025,2025,Points given,switzerland,sweden,7
4626,basel-2025,2025,Points given,ukraine,sweden,4
4627,basel-2025,2025,Points given,albania,estonia,8
4628,basel-2025,2025,Points given,azerbaijan,estonia,10
4629,basel-2025,2025,Points given,belgium,estonia,4
4630,basel-2025,2025,Points given,croatia,estonia,12
4631,basel-2025,2025,Points given,cyprus,estonia,8
4632,basel-2025,2025,Points given,iceland,estonia,6
4633,basel-2025,2025,Points given,italy,estonia,8
4634,basel-2025,2025,Points given,the netherlands,estonia,6
4635,basel-2025,2025,Points given,norway,estonia,6
4636,basel-2025,2025,Points given,poland,estonia,8
4637,basel-2025,2025,Points given,portugal,estonia,6
4638,basel-2025,2025,Points given,san marino,estonia,10
4639,basel-2025,2025,Points given,slovenia,estonia,1
4640,basel-2025,2025,Points given,spain,estonia,4
4641,basel-2025,2025,Points given,sweden,estonia,6
4642,basel-2025,2025,Points given,switzerland,estonia,3
4643,basel-2025,2025,Points given,ukraine,estonia,3
4644,basel-2025,2025,Points given,albania,iceland,5
4645,basel-2025,2025,Points given,belgium,iceland,5
4646,basel-2025,2025,Points given,croatia,iceland,7
4647,basel-2025,2025,Points given,cyprus,iceland,7
4648,basel-2025,2025,Points given,estonia,iceland,7
4649,basel-2025,2025,Points given,italy,iceland,4
4650,basel-2025,2025,Points given,the netherlands,iceland,10
4651,basel-2025,2025,Points given,norway,iceland,8
4652,basel-2025,2025,Points given,poland,iceland,6
4653,basel-2025,2025,Points given,portugal,iceland,2
4654,basel-2025,2025,Points given,slovenia,iceland,5
4655,basel-2025,2025,Points given,spain,iceland,5
4656,basel-2025,2025,Points given,sweden,iceland,12
4657,basel-2025,2025,Points given,switzerland,iceland,4
4658,basel-2025,2025,Points given,ukraine,iceland,2
4659,basel-2025,2025,Points given,albania,poland,2
4660,basel-2025,2025,Points given,azerbaijan,poland,1
4661,basel-2025,2025,Points given,belgium,poland,10
4662,basel-2025,2025,Points given,croatia,poland,1
4663,basel-2025,2025,Points given,cyprus,poland,4
4664,basel-2025,2025,Points given,iceland,poland,7
4665,basel-2025,2025,Points given,italy,poland,3
4666,basel-2025,2025,Points given,the netherlands,poland,12
4667,basel-2025,2025,Points given,norway,poland,7
4668,basel-2025,2025,Points given,portugal,poland,4
4669,basel-2025,2025,Points given,spain,poland,10
4670,basel-2025,2025,Points given,sweden,poland,7
4671,basel-2025,2025,Points given,switzerland,poland,6
4672,basel-2025,2025,Points given,ukraine,poland,5
4673,basel-2025,2025,Points given,albania,norway,3
4674,basel-2025,2025,Points given,azerbaijan,norway,8
4675,basel-2025,2025,Points given,belgium,norway,2
4676,basel-2025,2025,Points given,croatia,norway,5
4677,basel-2025,2025,Points given,cyprus,norway,6
4678,basel-2025,2025,Points given,estonia,norway,5
4679,basel-2025,2025,Points given,iceland,norway,10
4680,basel-2025,2025,Points given,italy,norway,2
4681,basel-2025,2025,Points given,the netherlands,norway,2
4682,basel-2025,2025,Points given,poland,norway,5
4683,basel-2025,2025,Points given,portugal,norway,3
4684,basel-2025,2025,Points given,slovenia,norway,2
4685,basel-2025,2025,Points given,spain,norway,8
4686,basel-2025,2025,Points given,sweden,norway,5
4687,basel-2025,2025,Points given,switzerland,norway,1
4688,basel-2025,2025,Points given,ukraine,norway,12
4689,basel-2025,2025,Points given,belgium,portugal,3
4690,basel-2025,2025,Points given,estonia,portugal,6
4691,basel-2025,2025,Points given,iceland,portugal,1
4692,basel-2025,2025,Points given,italy,portugal,1
4693,basel-2025,2025,Points given,the netherlands,portugal,3
4694,basel-2025,2025,Points given,norway,portugal,3
4695,basel-2025,2025,Points given,poland,portugal,3
4696,basel-2025,2025,Points given,san marino,portugal,4
4697,basel-2025,2025,Points given,slovenia,portugal,3
4698,basel-2025,2025,Points given,spain,portugal,7
4699,basel-2025,2025,Points given,sweden,portugal,2
4700,basel-2025,2025,Points given,switzerland,portugal,8
4701,basel-2025,2025,Points given,ukraine,portugal,7
4702,basel-2025,2025,Points given,albania,san marino,4
4703,basel-2025,2025,Points given,azerbaijan,san marino,5
4704,basel-2025,2025,Points given,belgium,san marino,1
4705,basel-2025,2025,Points given,croatia,san marino,2
4706,basel-2025,2025,Points given,cyprus,san marino,2
4707,basel-2025,2025,Points given,estonia,san marino,4
4708,basel-2025,2025,Points given,iceland,san marino,3
4709,basel-2025,2025,Points given,italy,san marino,12
4710,basel-2025,2025,Points given,norway,san marino,2
4711,basel-2025,2025,Points given,poland,san marino,1
4712,basel-2025,2025,Points given,portugal,san marino,1
4713,basel-2025,2025,Points given,spain,san marino,1
4714,basel-2025,2025,Points given,sweden,san marino,3
4715,basel-2025,2025,Points given,switzerland,san marino,5
4716,basel-2025,2025,Points given,albania,cyprus,12
4717,basel-2025,2025,Points given,azerbaijan,cyprus,12
4718,basel-2025,2025,Points given,portugal,cyprus,5
4719,basel-2025,2025,Points given,san marino,cyprus,5
4720,basel-2025,2025,Points given,slovenia,cyprus,10
4721,basel-2025,2025,Points given,the netherlands,croatia,1
4722,basel-2025,2025,Points given,poland,croatia,2
4723,basel-2025,2025,Points given,san marino,croatia,2
4724,basel-2025,2025,Points given,slovenia,croatia,12
4725,basel-2025,2025,Points given,sweden,croatia,1
4726,basel-2025,2025,Points given,ukraine,croatia,8
4727,basel-2025,2025,Points given,albania,slovenia,1
4728,basel-2025,2025,Points given,azerbaijan,slovenia,2
4729,basel-2025,2025,Points given,croatia,slovenia,6
4730,basel-2025,2025,Points given,cyprus,slovenia,1
4731,basel-2025,2025,Points given,estonia,slovenia,3
4732,basel-2025,2025,Points given,norway,slovenia,1
4733,basel-2025,2025,Points given,san marino,slovenia,8
4734,basel-2025,2025,Points given,ukraine,slovenia,1
4735,basel-2025,2025,Points given,estonia,belgium,1
4736,basel-2025,2025,Points given,iceland,belgium,5
4737,basel-2025,2025,Points given,the netherlands,belgium,5
4738,basel-2025,2025,Points given,san marino,belgium,12
4739,basel-2025,2025,Points given,san marino,azerbaijan,7
4740,basel-2025,2025,Points given,armenia,israel,2
4741,basel-2025,2025,Points given,australia,israel,12
4742,basel-2025,2025,Points given,austria,israel,12
4743,basel-2025,2025,Points given,czech republic,israel,12
4744,basel-2025,2025,Points given,denmark,israel,12
4745,basel-2025,2025,Points given,finland,israel,12
4746,basel-2025,2025,Points given,france,israel,12
4747,basel-2025,2025,Points given,georgia,israel,10
4748,basel-2025,2025,Points given,germany,israel,12
4749,basel-2025,2025,Points given,greece,israel,12
4750,basel-2025,2025,Points given,ireland,israel,12
4751,basel-2025,2025,Points given,latvia,israel,10
4752,basel-2025,2025,Points given,lithuania,israel,10
4753,basel-2025,2025,Points given,luxembourg,israel,12
4754,basel-2025,2025,Points given,malta,israel,12
4755,basel-2025,2025,Points given,montenegro,israel,8
4756,basel-2025,2025,Points given,serbia,israel,7
4757,basel-2025,2025,Points given,united kingdom,israel,12
4758,basel-2025,2025,Points given,armenia,latvia,4
4759,basel-2025,2025,Points given,australia,latvia,7
4760,basel-2025,2025,Points given,austria,latvia,8
4761,basel-2025,2025,Points given,czech republic,latvia,10
4762,basel-2025,2025,Points given,denmark,latvia,8
4763,basel-2025,2025,Points given,finland,latvia,10
4764,basel-2025,2025,Points given,france,latvia,6
4765,basel-2025,2025,Points given,georgia,latvia,7
4766,basel-2025,2025,Points given,germany,latvia,8
4767,basel-2025,2025,Points given,greece,latvia,3
4768,basel-2025,2025,Points given,ireland,latvia,8
4769,basel-2025,2025,Points given,israel,latvia,4
4770,basel-2025,2025,Points given,lithuania,latvia,12
4771,basel-2025,2025,Points given,luxembourg,latvia,7
4772,basel-2025,2025,Points given,malta,latvia,3
4773,basel-2025,2025,Points given,montenegro,latvia,3
4774,basel-2025,2025,Points given,serbia,latvia,4
4775,basel-2025,2025,Points given,united kingdom,latvia,8
4776,basel-2025,2025,Points given,armenia,finland,6
4777,basel-2025,2025,Points given,australia,finland,10
4778,basel-2025,2025,Points given,austria,finland,4
4779,basel-2025,2025,Points given,czech republic,finland,7
4780,basel-2025,2025,Points given,denmark,finland,10
4781,basel-2025,2025,Points given,france,finland,2
4782,basel-2025,2025,Points given,georgia,finland,4
4783,basel-2025,2025,Points given,germany,finland,6
4784,basel-2025,2025,Points given,greece,finland,2
4785,basel-2025,2025,Points given,ireland,finland,7
4786,basel-2025,2025,Points given,israel,finland,2
4787,basel-2025,2025,Points given,latvia,finland,8
4788,basel-2025,2025,Points given,lithuania,finland,7
4789,basel-2025,2025,Points given,luxembourg,finland,6
4790,basel-2025,2025,Points given,malta,finland,10
4791,basel-2025,2025,Points given,montenegro,finland,6
4792,basel-2025,2025,Points given,serbia,finland,8
4793,basel-2025,2025,Points given,united kingdom,finland,4
4794,basel-2025,2025,Points given,armenia,greece,12
4795,basel-2025,2025,Points given,australia,greece,5
4796,basel-2025,2025,Points given,austria,greece,7
4797,basel-2025,2025,Points given,czech republic,greece,4
4798,basel-2025,2025,Points given,denmark,greece,4
4799,basel-2025,2025,Points given,finland,greece,1
4800,basel-2025,2025,Points given,france,greece,7
4801,basel-2025,2025,Points given,georgia,greece,5
4802,basel-2025,2025,Points given,germany,greece,10
4803,basel-2025,2025,Points given,ireland,greece,1
4804,basel-2025,2025,Points given,israel,greece,8
4805,basel-2025,2025,Points given,luxembourg,greece,10
4806,basel-2025,2025,Points given,malta,greece,8
4807,basel-2025,2025,Points given,montenegro,greece,10
4808,basel-2025,2025,Points given,serbia,greece,10
4809,basel-2025,2025,Points given,united kingdom,greece,3
4810,basel-2025,2025,Points given,armenia,austria,8
4811,basel-2025,2025,Points given,australia,austria,3
4812,basel-2025,2025,Points given,czech republic,austria,6
4813,basel-2025,2025,Points given,denmark,austria,7
4814,basel-2025,2025,Points given,finland,austria,7
4815,basel-2025,2025,Points given,france,austria,1
4816,basel-2025,2025,Points given,georgia,austria,6
4817,basel-2025,2025,Points given,germany,austria,5
4818,basel-2025,2025,Points given,greece,austria,10
4819,basel-2025,2025,Points given,ireland,austria,6
4820,basel-2025,2025,Points given,israel,austria,6
4821,basel-2025,2025,Points given,latvia,austria,7
4822,basel-2025,2025,Points given,lithuania,austria,8
4823,basel-2025,2025,Points given,luxembourg,austria,4
4824,basel-2025,2025,Points given,malta,austria,7
4825,basel-2025,2025,Points given,montenegro,austria,7
4826,basel-2025,2025,Points given,serbia,austria,6
4827,basel-2025,2025,Points given,armenia,lithuania,1
4828,basel-2025,2025,Points given,australia,lithuania,1
4829,basel-2025,2025,Points given,czech republic,lithuania,8
4830,basel-2025,2025,Points given,denmark,lithuania,6
4831,basel-2025,2025,Points given,finland,lithuania,6
4832,basel-2025,2025,Points given,france,lithuania,5
4833,basel-2025,2025,Points given,georgia,lithuania,8
4834,basel-2025,2025,Points given,germany,lithuania,7
4835,basel-2025,2025,Points given,greece,lithuania,4
4836,basel-2025,2025,Points given,ireland,lithuania,10
4837,basel-2025,2025,Points given,latvia,lithuania,12
4838,basel-2025,2025,Points given,luxembourg,lithuania,8
4839,basel-2025,2025,Points given,malta,lithuania,2
4840,basel-2025,2025,Points given,montenegro,lithuania,5
4841,basel-2025,2025,Points given,serbia,lithuania,5
4842,basel-2025,2025,Points given,united kingdom,lithuania,10
4843,basel-2025,2025,Points given,australia,luxembourg,4
4844,basel-2025,2025,Points given,austria,luxembourg,6
4845,basel-2025,2025,Points given,denmark,luxembourg,5
4846,basel-2025,2025,Points given,finland,luxembourg,4
4847,basel-2025,2025,Points given,france,luxembourg,10
4848,basel-2025,2025,Points given,germany,luxembourg,3
4849,basel-2025,2025,Points given,greece,luxembourg,7
4850,basel-2025,2025,Points given,ireland,luxembourg,2
4851,basel-2025,2025,Points given,israel,luxembourg,10
4852,basel-2025,2025,Points given,latvia,luxembourg,5
4853,basel-2025,2025,Points given,lithuania,luxembourg,1
4854,basel-2025,2025,Points given,montenegro,luxembourg,1
4855,basel-2025,2025,Points given,serbia,luxembourg,3
4856,basel-2025,2025,Points given,united kingdom,luxembourg,1
4857,basel-2025,2025,Points given,armenia,denmark,3
4858,basel-2025,2025,Points given,australia,denmark,6
4859,basel-2025,2025,Points given,austria,denmark,3
4860,basel-2025,2025,Points given,czech republic,denmark,5
4861,basel-2025,2025,Points given,finland,denmark,8
4862,basel-2025,2025,Points given,france,denmark,3
4863,basel-2025,2025,Points given,germany,denmark,4
4864,basel-2025,2025,Points given,ireland,denmark,5
4865,basel-2025,2025,Points given,israel,denmark,1
4866,basel-2025,2025,Points given,latvia,denmark,2
4867,basel-2025,2025,Points given,lithuania,denmark,4
4868,basel-2025,2025,Points given,luxembourg,denmark,1
4869,basel-2025,2025,Points given,malta,denmark,4
4870,basel-2025,2025,Points given,montenegro,denmark,2
4871,basel-2025,2025,Points given,united kingdom,denmark,6
4872,basel-2025,2025,Points given,armenia,malta,7
4873,basel-2025,2025,Points given,australia,malta,8
4874,basel-2025,2025,Points given,austria,malta,1
4875,basel-2025,2025,Points given,czech republic,malta,2
4876,basel-2025,2025,Points given,denmark,malta,1
4877,basel-2025,2025,Points given,finland,malta,3
4878,basel-2025,2025,Points given,georgia,malta,2
4879,basel-2025,2025,Points given,greece,malta,6
4880,basel-2025,2025,Points given,ireland,malta,4
4881,basel-2025,2025,Points given,israel,malta,5
4882,basel-2025,2025,Points given,luxembourg,malta,3
4883,basel-2025,2025,Points given,montenegro,malta,4
4884,basel-2025,2025,Points given,serbia,malta,2
4885,basel-2025,2025,Points given,united kingdom,malta,2
4886,basel-2025,2025,Points given,czech republic,armenia,3
4887,basel-2025,2025,Points given,france,armenia,8
4888,basel-2025,2025,Points given,georgia,armenia,12
4889,basel-2025,2025,Points given,greece,armenia,8
4890,basel-2025,2025,Points given,israel,armenia,12
4891,basel-2025,2025,Points given,latvia,armenia,1
4892,basel-2025,2025,Points given,lithuania,armenia,5
4893,basel-2025,2025,Points given,malta,armenia,1
4894,basel-2025,2025,Points given,serbia,armenia,1
4895,basel-2025,2025,Points given,austria,australia,2
4896,basel-2025,2025,Points given,czech republic,australia,1
4897,basel-2025,2025,Points given,denmark,australia,3
4898,basel-2025,2025,Points given,finland,australia,5
4899,basel-2025,2025,Points given,georgia,australia,1
4900,basel-2025,2025,Points given,germany,australia,2
4901,basel-2025,2025,Points given,ireland,australia,3
4902,basel-2025,2025,Points given,latvia,australia,6
4903,basel-2025,2025,Points given,lithuania,australia,6
4904,basel-2025,2025,Points given,malta,australia,5
4905,basel-2025,2025,Points given,united kingdom,australia,5
4906,basel-2025,2025,Points given,armenia,czech republic,5
4907,basel-2025,2025,Points given,austria,czech republic,5
4908,basel-2025,2025,Points given,georgia,czech republic,3
4909,basel-2025,2025,Points given,israel,czech republic,3
4910,basel-2025,2025,Points given,luxembourg,czech republic,5
4911,basel-2025,2025,Points given,australia,ireland,2
4912,basel-2025,2025,Points given,denmark,ireland,2
4913,basel-2025,2025,Points given,finland,ireland,2
4914,basel-2025,2025,Points given,latvia,ireland,4
4915,basel-2025,2025,Points given,lithuania,ireland,2
4916,basel-2025,2025,Points given,luxembourg,ireland,2
4917,basel-2025,2025,Points given,malta,ireland,6
4918,basel-2025,2025,Points given,united kingdom,ireland,7
4919,basel-2025,2025,Points given,austria,serbia,10
4920,basel-2025,2025,Points given,france,serbia,4
4921,basel-2025,2025,Points given,germany,serbia,1
4922,basel-2025,2025,Points given,greece,serbia,1
4923,basel-2025,2025,Points given,montenegro,serbia,12
4924,basel-2025,2025,Points given,armenia,georgia,10
4925,basel-2025,2025,Points given,greece,georgia,5
4926,basel-2025,2025,Points given,israel,georgia,7
4927,basel-2025,2025,Points given,latvia,georgia,3
4928,basel-2025,2025,Points given,lithuania,georgia,3
4929,basel-2025,2025,Points given,serbia,montenegro,12
4930,vienna-2026,2026,Points given by the jury,albania,bulgaria,3
4931,vienna-2026,2026,Points given by the jury,armenia,bulgaria,10
4932,vienna-2026,2026,Points given by the jury,australia,bulgaria,12
4933,vienna-2026,2026,Points given by the jury,azerbaijan,bulgaria,5
4934,vienna-2026,2026,Points given by the jury,belgium,bulgaria,4
4935,vienna-2026,2026,Points given by the jury,croatia,bulgaria,4
4936,vienna-2026,2026,Points given by the jury,cyprus,bulgaria,10
4937,vienna-2026,2026,Points given by the jury,czech republic,bulgaria,4
4938,vienna-2026,2026,Points given by the jury,denmark,bulgaria,12
4939,vienna-2026,2026,Points given by the jury,estonia,bulgaria,7
4940,vienna-2026,2026,Points given by the jury,france,bulgaria,7
4941,vienna-2026,2026,Points given by the jury,georgia,bulgaria,3
4942,vienna-2026,2026,Points given by the jury,germany,bulgaria,7
4943,vienna-2026,2026,Points given by the jury,greece,bulgaria,6
4944,vienna-2026,2026,Points given by the jury,israel,bulgaria,8
4945,vienna-2026,2026,Points given by the jury,italy,bulgaria,3
4946,vienna-2026,2026,Points given by the jury,latvia,bulgaria,4
4947,vienna-2026,2026,Points given by the jury,lithuania,bulgaria,12
4948,vienna-2026,2026,Points given by the jury,luxembourg,bulgaria,8
4949,vienna-2026,2026,Points given by the jury,malta,bulgaria,12
4950,vienna-2026,2026,Points given by the jury,moldova,bulgaria,7
4951,vienna-2026,2026,Points given by the jury,montenegro,bulgaria,5
4952,vienna-2026,2026,Points given by the jury,norway,bulgaria,3
4953,vienna-2026,2026,Points given by the jury,poland,bulgaria,10
4954,vienna-2026,2026,Points given by the jury,romania,bulgaria,4
4955,vienna-2026,2026,Points given by the jury,san marino,bulgaria,8
4956,vienna-2026,2026,Points given by the jury,serbia,bulgaria,7
4957,vienna-2026,2026,Points given by the jury,sweden,bulgaria,5
4958,vienna-2026,2026,Points given by the jury,switzerland,bulgaria,4
4959,vienna-2026,2026,Points given by the jury,united kingdom,bulgaria,10
4960,vienna-2026,2026,Points given by televoters,albania,bulgaria,6
4961,vienna-2026,2026,Points given by televoters,armenia,bulgaria,12
4962,vienna-2026,2026,Points given by televoters,australia,bulgaria,12
4963,vienna-2026,2026,Points given by televoters,austria,bulgaria,12
4964,vienna-2026,2026,Points given by televoters,azerbaijan,bulgaria,10
4965,vienna-2026,2026,Points given by televoters,belgium,bulgaria,12
4966,vienna-2026,2026,Points given by televoters,croatia,bulgaria,7
4967,vienna-2026,2026,Points given by televoters,cyprus,bulgaria,10
4968,vienna-2026,2026,Points given by televoters,czech republic,bulgaria,10
4969,vienna-2026,2026,Points given by televoters,denmark,bulgaria,12
4970,vienna-2026,2026,Points given by televoters,estonia,bulgaria,7
4971,vienna-2026,2026,Points given by televoters,finland,bulgaria,7
4972,vienna-2026,2026,Points given by televoters,france,bulgaria,7
4973,vienna-2026,2026,Points given by televoters,georgia,bulgaria,6
4974,vienna-2026,2026,Points given by televoters,germany,bulgaria,10
4975,vienna-2026,2026,Points given by televoters,greece,bulgaria,10
4976,vienna-2026,2026,Points given by televoters,israel,bulgaria,12
4977,vienna-2026,2026,Points given by televoters,italy,bulgaria,5
4978,vienna-2026,2026,Points given by televoters,latvia,bulgaria,7
4979,vienna-2026,2026,Points given by televoters,lithuania,bulgaria,12
4980,vienna-2026,2026,Points given by televoters,luxembourg,bulgaria,12
4981,vienna-2026,2026,Points given by televoters,malta,bulgaria,8
4982,vienna-2026,2026,Points given by televoters,moldova,bulgaria,6
4983,vienna-2026,2026,Points given by televoters,montenegro,bulgaria,7
4984,vienna-2026,2026,Points given by televoters,norway,bulgaria,8
4985,vienna-2026,2026,Points given by televoters,poland,bulgaria,7
4986,vienna-2026,2026,Points given by televoters,portugal,bulgaria,6
4987,vienna-2026,2026,Points given by televoters,romania,bulgaria,8
4988,vienna-2026,2026,Points given by televoters,san marino,bulgaria,10
4989,vienna-2026,2026,Points given by televoters,serbia,bulgaria,10
4990,vienna-2026,2026,Points given by televoters,sweden,bulgaria,8
4991,vienna-2026,2026,Points given by televoters,switzerland,bulgaria,8
4992,vienna-2026,2026,Points given by televoters,ukraine,bulgaria,4
4993,vienna-2026,2026,Points given by televoters,united kingdom,bulgaria,12
4994,vienna-2026,2026,Points given by the jury,albania,israel,8
4995,vienna-2026,2026,Points given by the jury,armenia,israel,7
4996,vienna-2026,2026,Points given by the jury,austria,israel,8
4997,vienna-2026,2026,Points given by the jury,azerbaijan,israel,4
4998,vienna-2026,2026,Points given by the jury,belgium,israel,1
4999,vienna-2026,2026,Points given by the jury,bulgaria,israel,7
5000,vienna-2026,2026,Points given by the jury,croatia,israel,5
5001,vienna-2026,2026,Points given by the jury,czech republic,israel,2
5002,vienna-2026,2026,Points given by the jury,denmark,israel,7
5003,vienna-2026,2026,Points given by the jury,france,israel,4
5004,vienna-2026,2026,Points given by the jury,georgia,israel,6
5005,vienna-2026,2026,Points given by the jury,germany,israel,3
5006,vienna-2026,2026,Points given by the jury,lithuania,israel,8
5007,vienna-2026,2026,Points given by the jury,malta,israel,4
5008,vienna-2026,2026,Points given by the jury,moldova,israel,10
5009,vienna-2026,2026,Points given by the jury,norway,israel,1
5010,vienna-2026,2026,Points given by the jury,poland,israel,12
5011,vienna-2026,2026,Points given by the jury,romania,israel,6
5012,vienna-2026,2026,Points given by the jury,san marino,israel,4
5013,vienna-2026,2026,Points given by the jury,serbia,israel,4
5014,vienna-2026,2026,Points given by the jury,switzerland,israel,2
5015,vienna-2026,2026,Points given by the jury,ukraine,israel,10
5016,vienna-2026,2026,Points given by televoters,albania,israel,10
5017,vienna-2026,2026,Points given by televoters,armenia,israel,7
5018,vienna-2026,2026,Points given by televoters,austria,israel,7
5019,vienna-2026,2026,Points given by televoters,azerbaijan,israel,12
5020,vienna-2026,2026,Points given by televoters,belgium,israel,8
5021,vienna-2026,2026,Points given by televoters,bulgaria,israel,5
5022,vienna-2026,2026,Points given by televoters,cyprus,israel,8
5023,vienna-2026,2026,Points given by televoters,czech republic,israel,5
5024,vienna-2026,2026,Points given by televoters,denmark,israel,2
5025,vienna-2026,2026,Points given by televoters,estonia,israel,1
5026,vienna-2026,2026,Points given by televoters,finland,israel,12
5027,vienna-2026,2026,Points given by televoters,france,israel,12
5028,vienna-2026,2026,Points given by televoters,georgia,israel,10
5029,vienna-2026,2026,Points given by televoters,germany,israel,12
5030,vienna-2026,2026,Points given by televoters,greece,israel,5
5031,vienna-2026,2026,Points given by televoters,italy,israel,8
5032,vienna-2026,2026,Points given by televoters,latvia,israel,4
5033,vienna-2026,2026,Points given by televoters,luxembourg,israel,1
5034,vienna-2026,2026,Points given by televoters,malta,israel,7
5035,vienna-2026,2026,Points given by televoters,moldova,israel,8
5036,vienna-2026,2026,Points given by televoters,montenegro,israel,4
5037,vienna-2026,2026,Points given by televoters,norway,israel,5
5038,vienna-2026,2026,Points given by televoters,poland,israel,2
5039,vienna-2026,2026,Points given by televoters,portugal,israel,12
5040,vienna-2026,2026,Points given by televoters,romania,israel,6
5041,vienna-2026,2026,Points given by televoters,san marino,israel,3
5042,vienna-2026,2026,Points given by televoters,serbia,israel,4
5043,vienna-2026,2026,Points given by televoters,sweden,israel,7
5044,vienna-2026,2026,Points given by televoters,switzerland,israel,12
5045,vienna-2026,2026,Points given by televoters,ukraine,israel,5
5046,vienna-2026,2026,Points given by televoters,united kingdom,israel,10
5047,vienna-2026,2026,Points given by the jury,azerbaijan,romania,3
5048,vienna-2026,2026,Points given by the jury,czech republic,romania,8
5049,vienna-2026,2026,Points given by the jury,denmark,romania,1
5050,vienna-2026,2026,Points given by the jury,greece,romania,2
5051,vienna-2026,2026,Points given by the jury,israel,romania,4
5052,vienna-2026,2026,Points given by the jury,italy,romania,5
5053,vienna-2026,2026,Points given by the jury,latvia,romania,2
5054,vienna-2026,2026,Points given by the jury,luxembourg,romania,12
5055,vienna-2026,2026,Points given by the jury,moldova,romania,3
5056,vienna-2026,2026,Points given by the jury,norway,romania,6
5057,vienna-2026,2026,Points given by the jury,poland,romania,5
5058,vienna-2026,2026,Points given by the jury,portugal,romania,1
5059,vienna-2026,2026,Points given by the jury,san marino,romania,7
5060,vienna-2026,2026,Points given by the jury,sweden,romania,1
5061,vienna-2026,2026,Points given by the jury,switzerland,romania,1
5062,vienna-2026,2026,Points given by the jury,ukraine,romania,3
5063,vienna-2026,2026,Points given by televoters,albania,romania,5
5064,vienna-2026,2026,Points given by televoters,armenia,romania,5
5065,vienna-2026,2026,Points given by televoters,australia,romania,6
5066,vienna-2026,2026,Points given by televoters,austria,romania,3
5067,vienna-2026,2026,Points given by televoters,azerbaijan,romania,6
5068,vienna-2026,2026,Points given by televoters,belgium,romania,10
5069,vienna-2026,2026,Points given by televoters,bulgaria,romania,10
5070,vienna-2026,2026,Points given by televoters,croatia,romania,5
5071,vienna-2026,2026,Points given by televoters,cyprus,romania,7
5072,vienna-2026,2026,Points given by televoters,czech republic,romania,7
5073,vienna-2026,2026,Points given by televoters,denmark,romania,4
5074,vienna-2026,2026,Points given by televoters,estonia,romania,4
5075,vienna-2026,2026,Points given by televoters,finland,romania,10
5076,vienna-2026,2026,Points given by televoters,france,romania,8
5077,vienna-2026,2026,Points given by televoters,georgia,romania,7
5078,vienna-2026,2026,Points given by televoters,germany,romania,1
5079,vienna-2026,2026,Points given by televoters,greece,romania,6
5080,vienna-2026,2026,Points given by televoters,israel,romania,3
5081,vienna-2026,2026,Points given by televoters,italy,romania,10
5082,vienna-2026,2026,Points given by televoters,latvia,romania,6
5083,vienna-2026,2026,Points given by televoters,lithuania,romania,10
5084,vienna-2026,2026,Points given by televoters,luxembourg,romania,10
5085,vienna-2026,2026,Points given by televoters,malta,romania,5
5086,vienna-2026,2026,Points given by televoters,moldova,romania,12
5087,vienna-2026,2026,Points given by televoters,montenegro,romania,3
5088,vienna-2026,2026,Points given by televoters,norway,romania,7
5089,vienna-2026,2026,Points given by televoters,poland,romania,10
5090,vienna-2026,2026,Points given by televoters,portugal,romania,7
5091,vienna-2026,2026,Points given by televoters,san marino,romania,6
5092,vienna-2026,2026,Points given by televoters,serbia,romania,7
5093,vienna-2026,2026,Points given by televoters,sweden,romania,3
5094,vienna-2026,2026,Points given by televoters,switzerland,romania,4
5095,vienna-2026,2026,Points given by televoters,ukraine,romania,10
5096,vienna-2026,2026,Points given by televoters,united kingdom,romania,8
5097,vienna-2026,2026,Points given by the jury,albania,australia,1
5098,vienna-2026,2026,Points given by the jury,armenia,australia,12
5099,vienna-2026,2026,Points given by the jury,austria,australia,7
5100,vienna-2026,2026,Points given by the jury,belgium,australia,10
5101,vienna-2026,2026,Points given by the jury,bulgaria,australia,8
5102,vienna-2026,2026,Points given by the jury,croatia,australia,7
5103,vienna-2026,2026,Points given by the jury,cyprus,australia,5
5104,vienna-2026,2026,Points given by the jury,czech republic,australia,6
5105,vienna-2026,2026,Points given by the jury,denmark,australia,4
5106,vienna-2026,2026,Points given by the jury,finland,australia,7
5107,vienna-2026,2026,Points given by the jury,france,australia,5
5108,vienna-2026,2026,Points given by the jury,germany,australia,5
5109,vienna-2026,2026,Points given by the jury,greece,australia,7
5110,vienna-2026,2026,Points given by the jury,israel,australia,12
5111,vienna-2026,2026,Points given by the jury,luxembourg,australia,10
5112,vienna-2026,2026,Points given by the jury,malta,australia,8
5113,vienna-2026,2026,Points given by the jury,moldova,australia,4
5114,vienna-2026,2026,Points given by the jury,norway,australia,7
5115,vienna-2026,2026,Points given by the jury,poland,australia,7
5116,vienna-2026,2026,Points given by the jury,romania,australia,12
5117,vienna-2026,2026,Points given by the jury,serbia,australia,2
5118,vienna-2026,2026,Points given by the jury,sweden,australia,8
5119,vienna-2026,2026,Points given by the jury,switzerland,australia,6
5120,vienna-2026,2026,Points given by the jury,ukraine,australia,2
5121,vienna-2026,2026,Points given by the jury,united kingdom,australia,3
5122,vienna-2026,2026,Points given by televoters,albania,australia,4
5123,vienna-2026,2026,Points given by televoters,armenia,australia,10
5124,vienna-2026,2026,Points given by televoters,austria,australia,10
5125,vienna-2026,2026,Points given by televoters,azerbaijan,australia,5
5126,vienna-2026,2026,Points given by televoters,belgium,australia,1
5127,vienna-2026,2026,Points given by televoters,croatia,australia,4
5128,vienna-2026,2026,Points given by televoters,cyprus,australia,5
5129,vienna-2026,2026,Points given by televoters,denmark,australia,5
5130,vienna-2026,2026,Points given by televoters,estonia,australia,5
5131,vienna-2026,2026,Points given by televoters,georgia,australia,2
5132,vienna-2026,2026,Points given by televoters,greece,australia,3
5133,vienna-2026,2026,Points given by televoters,israel,australia,10
5134,vienna-2026,2026,Points given by televoters,italy,australia,1
5135,vienna-2026,2026,Points given by televoters,lithuania,australia,2
5136,vienna-2026,2026,Points given by televoters,malta,australia,10
5137,vienna-2026,2026,Points given by televoters,montenegro,australia,1
5138,vienna-2026,2026,Points given by televoters,norway,australia,6
5139,vienna-2026,2026,Points given by televoters,poland,australia,5
5140,vienna-2026,2026,Points given by televoters,portugal,australia,4
5141,vienna-2026,2026,Points given by televoters,romania,australia,1
5142,vienna-2026,2026,Points given by televoters,san marino,australia,5
5143,vienna-2026,2026,Points given by televoters,serbia,australia,3
5144,vienna-2026,2026,Points given by televoters,sweden,australia,6
5145,vienna-2026,2026,Points given by televoters,switzerland,australia,5
5146,vienna-2026,2026,Points given by televoters,united kingdom,australia,7
5147,vienna-2026,2026,Points given by the jury,albania,italy,12
5148,vienna-2026,2026,Points given by the jury,australia,italy,1
5149,vienna-2026,2026,Points given by the jury,austria,italy,2
5150,vienna-2026,2026,Points given by the jury,azerbaijan,italy,12
5151,vienna-2026,2026,Points given by the jury,belgium,italy,6
5152,vienna-2026,2026,Points given by the jury,bulgaria,italy,6
5153,vienna-2026,2026,Points given by the jury,cyprus,italy,1
5154,vienna-2026,2026,Points given by the jury,denmark,italy,6
5155,vienna-2026,2026,Points given by the jury,estonia,italy,6
5156,vienna-2026,2026,Points given by the jury,finland,italy,3
5157,vienna-2026,2026,Points given by the jury,france,italy,8
5158,vienna-2026,2026,Points given by the jury,georgia,italy,10
5159,vienna-2026,2026,Points given by the jury,germany,italy,10
5160,vienna-2026,2026,Points given by the jury,israel,italy,3
5161,vienna-2026,2026,Points given by the jury,malta,italy,10
5162,vienna-2026,2026,Points given by the jury,moldova,italy,1
5163,vienna-2026,2026,Points given by the jury,montenegro,italy,3
5164,vienna-2026,2026,Points given by the jury,norway,italy,5
5165,vienna-2026,2026,Points given by the jury,poland,italy,2
5166,vienna-2026,2026,Points given by the jury,san marino,italy,10
5167,vienna-2026,2026,Points given by the jury,serbia,italy,10
5168,vienna-2026,2026,Points given by the jury,sweden,italy,3
5169,vienna-2026,2026,Points given by the jury,ukraine,italy,4
5170,vienna-2026,2026,Points given by televoters,albania,italy,12
5171,vienna-2026,2026,Points given by televoters,austria,italy,6
5172,vienna-2026,2026,Points given by televoters,belgium,italy,4
5173,vienna-2026,2026,Points given by televoters,bulgaria,italy,1
5174,vienna-2026,2026,Points given by televoters,croatia,italy,10
5175,vienna-2026,2026,Points given by televoters,cyprus,italy,3
5176,vienna-2026,2026,Points given by televoters,estonia,italy,6
5177,vienna-2026,2026,Points given by televoters,finland,italy,5
5178,vienna-2026,2026,Points given by televoters,france,italy,5
5179,vienna-2026,2026,Points given by televoters,germany,italy,6
5180,vienna-2026,2026,Points given by televoters,greece,italy,7
5181,vienna-2026,2026,Points given by televoters,israel,italy,7
5182,vienna-2026,2026,Points given by televoters,latvia,italy,1
5183,vienna-2026,2026,Points given by televoters,lithuania,italy,8
5184,vienna-2026,2026,Points given by televoters,luxembourg,italy,7
5185,vienna-2026,2026,Points given by televoters,malta,italy,12
5186,vienna-2026,2026,Points given by televoters,moldova,italy,7
5187,vienna-2026,2026,Points given by televoters,montenegro,italy,6
5188,vienna-2026,2026,Points given by televoters,portugal,italy,3
5189,vienna-2026,2026,Points given by televoters,romania,italy,7
5190,vienna-2026,2026,Points given by televoters,san marino,italy,8
5191,vienna-2026,2026,Points given by televoters,serbia,italy,6
5192,vienna-2026,2026,Points given by televoters,switzerland,italy,10
5193,vienna-2026,2026,Points given by the jury,armenia,finland,2
5194,vienna-2026,2026,Points given by the jury,australia,finland,4
5195,vienna-2026,2026,Points given by the jury,austria,finland,6
5196,vienna-2026,2026,Points given by the jury,belgium,finland,8
5197,vienna-2026,2026,Points given by the jury,croatia,finland,6
5198,vienna-2026,2026,Points given by the jury,cyprus,finland,4
5199,vienna-2026,2026,Points given by the jury,czech republic,finland,7
5200,vienna-2026,2026,Points given by the jury,denmark,finland,8
5201,vienna-2026,2026,Points given by the jury,estonia,finland,12
5202,vienna-2026,2026,Points given by the jury,france,finland,2
5203,vienna-2026,2026,Points given by the jury,georgia,finland,7
5204,vienna-2026,2026,Points given by the jury,germany,finland,8
5205,vienna-2026,2026,Points given by the jury,israel,finland,7
5206,vienna-2026,2026,Points given by the jury,latvia,finland,3
5207,vienna-2026,2026,Points given by the jury,lithuania,finland,5
5208,vienna-2026,2026,Points given by the jury,luxembourg,finland,3
5209,vienna-2026,2026,Points given by the jury,malta,finland,5
5210,vienna-2026,2026,Points given by the jury,montenegro,finland,7
5211,vienna-2026,2026,Points given by the jury,norway,finland,8
5212,vienna-2026,2026,Points given by the jury,portugal,finland,7
5213,vienna-2026,2026,Points given by the jury,san marino,finland,2
5214,vienna-2026,2026,Points given by the jury,sweden,finland,12
5215,vienna-2026,2026,Points given by the jury,ukraine,finland,6
5216,vienna-2026,2026,Points given by the jury,united kingdom,finland,2
5217,vienna-2026,2026,Points given by televoters,albania,finland,1
5218,vienna-2026,2026,Points given by televoters,armenia,finland,8
5219,vienna-2026,2026,Points given by televoters,australia,finland,10
5220,vienna-2026,2026,Points given by televoters,austria,finland,1
5221,vienna-2026,2026,Points given by televoters,azerbaijan,finland,8
5222,vienna-2026,2026,Points given by televoters,belgium,finland,3
5223,vienna-2026,2026,Points given by televoters,croatia,finland,2
5224,vienna-2026,2026,Points given by televoters,cyprus,finland,1
5225,vienna-2026,2026,Points given by televoters,czech republic,finland,3
5226,vienna-2026,2026,Points given by televoters,denmark,finland,8
5227,vienna-2026,2026,Points given by televoters,estonia,finland,12
5228,vienna-2026,2026,Points given by televoters,france,finland,2
5229,vienna-2026,2026,Points given by televoters,georgia,finland,1
5230,vienna-2026,2026,Points given by televoters,italy,finland,3
5231,vienna-2026,2026,Points given by televoters,latvia,finland,10
5232,vienna-2026,2026,Points given by televoters,lithuania,finland,4
5233,vienna-2026,2026,Points given by televoters,luxembourg,finland,5
5234,vienna-2026,2026,Points given by televoters,malta,finland,4
5235,vienna-2026,2026,Points given by televoters,moldova,finland,4
5236,vienna-2026,2026,Points given by televoters,norway,finland,10
5237,vienna-2026,2026,Points given by televoters,poland,finland,6
5238,vienna-2026,2026,Points given by televoters,portugal,finland,5
5239,vienna-2026,2026,Points given by televoters,san marino,finland,4
5240,vienna-2026,2026,Points given by televoters,serbia,finland,2
5241,vienna-2026,2026,Points given by televoters,sweden,finland,12
5242,vienna-2026,2026,Points given by televoters,switzerland,finland,3
5243,vienna-2026,2026,Points given by televoters,ukraine,finland,2
5244,vienna-2026,2026,Points given by televoters,united kingdom,finland,1
5245,vienna-2026,2026,Points given by the jury,albania,denmark,5
5246,vienna-2026,2026,Points given by the jury,armenia,denmark,5
5247,vienna-2026,2026,Points given by the jury,australia,denmark,5
5248,vienna-2026,2026,Points given by the jury,austria,denmark,10
5249,vienna-2026,2026,Points given by the jury,bulgaria,denmark,1
5250,vienna-2026,2026,Points given by the jury,croatia,denmark,10
5251,vienna-2026,2026,Points given by the jury,cyprus,denmark,6
5252,vienna-2026,2026,Points given by the jury,czech republic,denmark,12
5253,vienna-2026,2026,Points given by the jury,estonia,denmark,8
5254,vienna-2026,2026,Points given by the jury,finland,denmark,10
5255,vienna-2026,2026,Points given by the jury,france,denmark,10
5256,vienna-2026,2026,Points given by the jury,germany,denmark,4
5257,vienna-2026,2026,Points given by the jury,israel,denmark,10
5258,vienna-2026,2026,Points given by the jury,latvia,denmark,5
5259,vienna-2026,2026,Points given by the jury,lithuania,denmark,4
5260,vienna-2026,2026,Points given by the jury,luxembourg,denmark,5
5261,vienna-2026,2026,Points given by the jury,norway,denmark,12
5262,vienna-2026,2026,Points given by the jury,portugal,denmark,10
5263,vienna-2026,2026,Points given by the jury,romania,denmark,7
5264,vienna-2026,2026,Points given by the jury,san marino,denmark,1
5265,vienna-2026,2026,Points given by the jury,serbia,denmark,6
5266,vienna-2026,2026,Points given by the jury,sweden,denmark,10
5267,vienna-2026,2026,Points given by the jury,switzerland,denmark,3
5268,vienna-2026,2026,Points given by the jury,united kingdom,denmark,6
5269,vienna-2026,2026,Points given by televoters,armenia,denmark,6
5270,vienna-2026,2026,Points given by televoters,australia,denmark,3
5271,vienna-2026,2026,Points given by televoters,azerbaijan,denmark,7
5272,vienna-2026,2026,Points given by televoters,czech republic,denmark,1
5273,vienna-2026,2026,Points given by televoters,estonia,denmark,2
5274,vienna-2026,2026,Points given by televoters,finland,denmark,8
5275,vienna-2026,2026,Points given by televoters,georgia,denmark,4
5276,vienna-2026,2026,Points given by televoters,israel,denmark,6
5277,vienna-2026,2026,Points given by televoters,latvia,denmark,3
5278,vienna-2026,2026,Points given by televoters,lithuania,denmark,6
5279,vienna-2026,2026,Points given by televoters,norway,denmark,12
5280,vienna-2026,2026,Points given by televoters,poland,denmark,3
5281,vienna-2026,2026,Points given by televoters,sweden,denmark,10
5282,vienna-2026,2026,Points given by televoters,ukraine,denmark,7
5283,vienna-2026,2026,Points given by the jury,bulgaria,moldova,5
5284,vienna-2026,2026,Points given by the jury,croatia,moldova,1
5285,vienna-2026,2026,Points given by the jury,finland,moldova,1
5286,vienna-2026,2026,Points given by the jury,greece,moldova,3
5287,vienna-2026,2026,Points given by the jury,israel,moldova,6
5288,vienna-2026,2026,Points given by the jury,italy,moldova,1
5289,vienna-2026,2026,Points given by the jury,lithuania,moldova,3
5290,vienna-2026,2026,Points given by the jury,montenegro,moldova,2
5291,vienna-2026,2026,Points given by the jury,romania,moldova,10
5292,vienna-2026,2026,Points given by the jury,serbia,moldova,3
5293,vienna-2026,2026,Points given by the jury,ukraine,moldova,8
5294,vienna-2026,2026,Points given by televoters,australia,moldova,5
5295,vienna-2026,2026,Points given by televoters,austria,moldova,5
5296,vienna-2026,2026,Points given by televoters,azerbaijan,moldova,1
5297,vienna-2026,2026,Points given by televoters,belgium,moldova,7
5298,vienna-2026,2026,Points given by televoters,bulgaria,moldova,3
5299,vienna-2026,2026,Points given by televoters,croatia,moldova,6
5300,vienna-2026,2026,Points given by televoters,cyprus,moldova,6
5301,vienna-2026,2026,Points given by televoters,czech republic,moldova,8
5302,vienna-2026,2026,Points given by televoters,denmark,moldova,3
5303,vienna-2026,2026,Points given by televoters,estonia,moldova,10
5304,vienna-2026,2026,Points given by televoters,finland,moldova,1
5305,vienna-2026,2026,Points given by televoters,france,moldova,10
5306,vienna-2026,2026,Points given by televoters,georgia,moldova,8
5307,vienna-2026,2026,Points given by televoters,germany,moldova,3
5308,vienna-2026,2026,Points given by televoters,greece,moldova,4
5309,vienna-2026,2026,Points given by televoters,israel,moldova,8
5310,vienna-2026,2026,Points given by televoters,italy,moldova,12
5311,vienna-2026,2026,Points given by televoters,latvia,moldova,8
5312,vienna-2026,2026,Points given by televoters,lithuania,moldova,5
5313,vienna-2026,2026,Points given by televoters,luxembourg,moldova,6
5314,vienna-2026,2026,Points given by televoters,poland,moldova,8
5315,vienna-2026,2026,Points given by televoters,portugal,moldova,8
5316,vienna-2026,2026,Points given by televoters,romania,moldova,12
5317,vienna-2026,2026,Points given by televoters,san marino,moldova,2
5318,vienna-2026,2026,Points given by televoters,serbia,moldova,5
5319,vienna-2026,2026,Points given by televoters,switzerland,moldova,1
5320,vienna-2026,2026,Points given by televoters,ukraine,moldova,12
5321,vienna-2026,2026,Points given by televoters,united kingdom,moldova,6
5322,vienna-2026,2026,Points given by the jury,azerbaijan,ukraine,10
5323,vienna-2026,2026,Points given by the jury,france,ukraine,6
5324,vienna-2026,2026,Points given by the jury,italy,ukraine,7
5325,vienna-2026,2026,Points given by the jury,latvia,ukraine,7
5326,vienna-2026,2026,Points given by the jury,poland,ukraine,1
5327,vienna-2026,2026,Points given by the jury,portugal,ukraine,3
5328,vienna-2026,2026,Points given by the jury,romania,ukraine,1
5329,vienna-2026,2026,Points given by the jury,switzerland,ukraine,12
5330,vienna-2026,2026,Points given by the jury,united kingdom,ukraine,7
5331,vienna-2026,2026,Points given by televoters,albania,ukraine,7
5332,vienna-2026,2026,Points given by televoters,austria,ukraine,4
5333,vienna-2026,2026,Points given by televoters,azerbaijan,ukraine,4
5334,vienna-2026,2026,Points given by televoters,belgium,ukraine,5
5335,vienna-2026,2026,Points given by televoters,bulgaria,ukraine,7
5336,vienna-2026,2026,Points given by televoters,croatia,ukraine,1
5337,vienna-2026,2026,Points given by televoters,cyprus,ukraine,4
5338,vienna-2026,2026,Points given by televoters,czech republic,ukraine,12
5339,vienna-2026,2026,Points given by televoters,denmark,ukraine,7
5340,vienna-2026,2026,Points given by televoters,estonia,ukraine,8
5341,vienna-2026,2026,Points given by televoters,finland,ukraine,4
5342,vienna-2026,2026,Points given by televoters,france,ukraine,6
5343,vienna-2026,2026,Points given by televoters,georgia,ukraine,12
5344,vienna-2026,2026,Points given by televoters,germany,ukraine,2
5345,vienna-2026,2026,Points given by televoters,israel,ukraine,4
5346,vienna-2026,2026,Points given by televoters,italy,ukraine,6
5347,vienna-2026,2026,Points given by televoters,latvia,ukraine,5
5348,vienna-2026,2026,Points given by televoters,lithuania,ukraine,7
5349,vienna-2026,2026,Points given by televoters,luxembourg,ukraine,4
5350,vienna-2026,2026,Points given by televoters,moldova,ukraine,10
5351,vienna-2026,2026,Points given by televoters,montenegro,ukraine,5
5352,vienna-2026,2026,Points given by televoters,norway,ukraine,2
5353,vienna-2026,2026,Points given by televoters,poland,ukraine,12
5354,vienna-2026,2026,Points given by televoters,portugal,ukraine,10
5355,vienna-2026,2026,Points given by televoters,romania,ukraine,4
5356,vienna-2026,2026,Points given by televoters,sweden,ukraine,5
5357,vienna-2026,2026,Points given by televoters,united kingdom,ukraine,2
5358,vienna-2026,2026,Points given by the jury,albania,greece,2
5359,vienna-2026,2026,Points given by the jury,armenia,greece,3
5360,vienna-2026,2026,Points given by the jury,australia,greece,2
5361,vienna-2026,2026,Points given by the jury,austria,greece,1
5362,vienna-2026,2026,Points given by the jury,cyprus,greece,12
5363,vienna-2026,2026,Points given by the jury,estonia,greece,3
5364,vienna-2026,2026,Points given by the jury,israel,greece,5
5365,vienna-2026,2026,Points given by the jury,latvia,greece,1
5366,vienna-2026,2026,Points given by the jury,moldova,greece,8
5367,vienna-2026,2026,Points given by the jury,montenegro,greece,6
5368,vienna-2026,2026,Points given by the jury,poland,greece,8
5369,vienna-2026,2026,Points given by the jury,san marino,greece,6
5370,vienna-2026,2026,Points given by the jury,serbia,greece,12
5371,vienna-2026,2026,Points given by the jury,sweden,greece,4
5372,vienna-2026,2026,Points given by televoters,albania,greece,8
5373,vienna-2026,2026,Points given by televoters,armenia,greece,4
5374,vienna-2026,2026,Points given by televoters,australia,greece,8
5375,vienna-2026,2026,Points given by televoters,austria,greece,2
5376,vienna-2026,2026,Points given by televoters,belgium,greece,6
5377,vienna-2026,2026,Points given by televoters,bulgaria,greece,12
5378,vienna-2026,2026,Points given by televoters,croatia,greece,3
5379,vienna-2026,2026,Points given by televoters,cyprus,greece,12
5380,vienna-2026,2026,Points given by televoters,czech republic,greece,6
5381,vienna-2026,2026,Points given by televoters,estonia,greece,3
5382,vienna-2026,2026,Points given by televoters,france,greece,3
5383,vienna-2026,2026,Points given by televoters,georgia,greece,5
5384,vienna-2026,2026,Points given by televoters,germany,greece,8
5385,vienna-2026,2026,Points given by televoters,israel,greece,5
5386,vienna-2026,2026,Points given by televoters,italy,greece,4
5387,vienna-2026,2026,Points given by televoters,latvia,greece,2
5388,vienna-2026,2026,Points given by televoters,luxembourg,greece,8
5389,vienna-2026,2026,Points given by televoters,malta,greece,2
5390,vienna-2026,2026,Points given by televoters,moldova,greece,3
5391,vienna-2026,2026,Points given by televoters,montenegro,greece,2
5392,vienna-2026,2026,Points given by televoters,romania,greece,3
5393,vienna-2026,2026,Points given by televoters,san marino,greece,12
5394,vienna-2026,2026,Points given by televoters,serbia,greece,8
5395,vienna-2026,2026,Points given by televoters,sweden,greece,4
5396,vienna-2026,2026,Points given by televoters,switzerland,greece,6
5397,vienna-2026,2026,Points given by televoters,united kingdom,greece,4
5398,vienna-2026,2026,Points given by the jury,albania,france,4
5399,vienna-2026,2026,Points given by the jury,armenia,france,8
5400,vienna-2026,2026,Points given by the jury,australia,france,10
5401,vienna-2026,2026,Points given by the jury,austria,france,4
5402,vienna-2026,2026,Points given by the jury,belgium,france,5
5403,vienna-2026,2026,Points given by the jury,croatia,france,3
5404,vienna-2026,2026,Points given by the jury,cyprus,france,3
5405,vienna-2026,2026,Points given by the jury,czech republic,france,3
5406,vienna-2026,2026,Points given by the jury,denmark,france,3
5407,vienna-2026,2026,Points given by the jury,finland,france,12
5408,vienna-2026,2026,Points given by the jury,georgia,france,12
5409,vienna-2026,2026,Points given by the jury,germany,france,6
5410,vienna-2026,2026,Points given by the jury,greece,france,8
5411,vienna-2026,2026,Points given by the jury,latvia,france,6
5412,vienna-2026,2026,Points given by the jury,lithuania,france,1
5413,vienna-2026,2026,Points given by the jury,luxembourg,france,6
5414,vienna-2026,2026,Points given by the jury,malta,france,7
5415,vienna-2026,2026,Points given by the jury,moldova,france,2
5416,vienna-2026,2026,Points given by the jury,norway,france,10
5417,vienna-2026,2026,Points given by the jury,portugal,france,5
5418,vienna-2026,2026,Points given by the jury,sweden,france,2
5419,vienna-2026,2026,Points given by the jury,switzerland,france,7
5420,vienna-2026,2026,Points given by the jury,ukraine,france,5
5421,vienna-2026,2026,Points given by the jury,united kingdom,france,12
5422,vienna-2026,2026,Points given by televoters,armenia,france,2
5423,vienna-2026,2026,Points given by televoters,australia,france,1
5424,vienna-2026,2026,Points given by televoters,cyprus,france,2
5425,vienna-2026,2026,Points given by televoters,greece,france,2
5426,vienna-2026,2026,Points given by televoters,israel,france,2
5427,vienna-2026,2026,Points given by televoters,luxembourg,france,2
5428,vienna-2026,2026,Points given by televoters,norway,france,1
5429,vienna-2026,2026,Points given by televoters,portugal,france,2
5430,vienna-2026,2026,Points given by the jury,armenia,poland,1
5431,vienna-2026,2026,Points given by the jury,australia,poland,8
5432,vienna-2026,2026,Points given by the jury,austria,poland,12
5433,vienna-2026,2026,Points given by the jury,belgium,poland,12
5434,vienna-2026,2026,Points given by the jury,croatia,poland,2
5435,vienna-2026,2026,Points given by the jury,czech republic,poland,5
5436,vienna-2026,2026,Points given by the jury,estonia,poland,5
5437,vienna-2026,2026,Points given by the jury,finland,poland,6
5438,vienna-2026,2026,Points given by the jury,georgia,poland,2
5439,vienna-2026,2026,Points given by the jury,germany,poland,12
5440,vienna-2026,2026,Points given by the jury,greece,poland,10
5441,vienna-2026,2026,Points given by the jury,italy,poland,6
5442,vienna-2026,2026,Points given by the jury,latvia,poland,8
5443,vienna-2026,2026,Points given by the jury,lithuania,poland,10
5444,vienna-2026,2026,Points given by the jury,malta,poland,1
5445,vienna-2026,2026,Points given by the jury,moldova,poland,12
5446,vienna-2026,2026,Points given by the jury,montenegro,poland,1
5447,vienna-2026,2026,Points given by the jury,portugal,poland,6
5448,vienna-2026,2026,Points given by the jury,serbia,poland,1
5449,vienna-2026,2026,Points given by the jury,switzerland,poland,8
5450,vienna-2026,2026,Points given by the jury,united kingdom,poland,5
5451,vienna-2026,2026,Points given by televoters,germany,poland,4
5452,vienna-2026,2026,Points given by televoters,italy,poland,2
5453,vienna-2026,2026,Points given by televoters,lithuania,poland,3
5454,vienna-2026,2026,Points given by televoters,sweden,poland,2
5455,vienna-2026,2026,Points given by televoters,united kingdom,poland,5
5456,vienna-2026,2026,Points given by the jury,azerbaijan,albania,6
5457,vienna-2026,2026,Points given by the jury,belgium,albania,3
5458,vienna-2026,2026,Points given by the jury,croatia,albania,8
5459,vienna-2026,2026,Points given by the jury,cyprus,albania,8
5460,vienna-2026,2026,Points given by the jury,greece,albania,1
5461,vienna-2026,2026,Points given by the jury,israel,albania,1
5462,vienna-2026,2026,Points given by the jury,malta,albania,6
5463,vienna-2026,2026,Points given by the jury,montenegro,albania,10
5464,vienna-2026,2026,Points given by the jury,portugal,albania,12
5465,vienna-2026,2026,Points given by the jury,san marino,albania,5
5466,vienna-2026,2026,Points given by televoters,belgium,albania,2
5467,vienna-2026,2026,Points given by televoters,bulgaria,albania,8
5468,vienna-2026,2026,Points given by televoters,croatia,albania,8
5469,vienna-2026,2026,Points given by televoters,denmark,albania,1
5470,vienna-2026,2026,Points given by televoters,france,albania,4
5471,vienna-2026,2026,Points given by televoters,greece,albania,8
5472,vienna-2026,2026,Points given by televoters,israel,albania,1
5473,vienna-2026,2026,Points given by televoters,italy,albania,7
5474,vienna-2026,2026,Points given by televoters,luxembourg,albania,3
5475,vienna-2026,2026,Points given by televoters,malta,albania,6
5476,vienna-2026,2026,Points given by televoters,moldova,albania,5
5477,vienna-2026,2026,Points given by televoters,montenegro,albania,10
5478,vienna-2026,2026,Points given by televoters,norway,albania,3
5479,vienna-2026,2026,Points given by televoters,romania,albania,5
5480,vienna-2026,2026,Points given by televoters,san marino,albania,1
5481,vienna-2026,2026,Points given by televoters,serbia,albania,1
5482,vienna-2026,2026,Points given by televoters,switzerland,albania,7
5483,vienna-2026,2026,Points given by the jury,albania,norway,10
5484,vienna-2026,2026,Points given by the jury,armenia,norway,6
5485,vienna-2026,2026,Points given by the jury,australia,norway,6
5486,vienna-2026,2026,Points given by the jury,austria,norway,3
5487,vienna-2026,2026,Points given by the jury,belgium,norway,7
5488,vienna-2026,2026,Points given by the jury,bulgaria,norway,3
5489,vienna-2026,2026,Points given by the jury,czech republic,norway,10
5490,vienna-2026,2026,Points given by the jury,estonia,norway,10
5491,vienna-2026,2026,Points given by the jury,france,norway,12
5492,vienna-2026,2026,Points given by the jury,georgia,norway,5
5493,vienna-2026,2026,Points given by the jury,lithuania,norway,7
5494,vienna-2026,2026,Points given by the jury,luxembourg,norway,4
5495,vienna-2026,2026,Points given by the jury,malta,norway,2
5496,vienna-2026,2026,Points given by the jury,moldova,norway,6
5497,vienna-2026,2026,Points given by the jury,poland,norway,3
5498,vienna-2026,2026,Points given by the jury,portugal,norway,2
5499,vienna-2026,2026,Points given by the jury,romania,norway,5
5500,vienna-2026,2026,Points given by the jury,serbia,norway,5
5501,vienna-2026,2026,Points given by the jury,switzerland,norway,5
5502,vienna-2026,2026,Points given by the jury,united kingdom,norway,4
5503,vienna-2026,2026,Points given by televoters,australia,norway,2
5504,vienna-2026,2026,Points given by televoters,denmark,norway,10
5505,vienna-2026,2026,Points given by televoters,sweden,norway,1
5506,vienna-2026,2026,Points given by televoters,ukraine,norway,6
5507,vienna-2026,2026,Points given by the jury,azerbaijan,croatia,7
5508,vienna-2026,2026,Points given by the jury,estonia,croatia,4
5509,vienna-2026,2026,Points given by the jury,finland,croatia,5
5510,vienna-2026,2026,Points given by the jury,germany,croatia,2
5511,vienna-2026,2026,Points given by the jury,greece,croatia,4
5512,vienna-2026,2026,Points given by the jury,luxembourg,croatia,7
5513,vienna-2026,2026,Points given by the jury,montenegro,croatia,8
5514,vienna-2026,2026,Points given by the jury,portugal,croatia,8
5515,vienna-2026,2026,Points given by the jury,romania,croatia,2
5516,vienna-2026,2026,Points given by the jury,sweden,croatia,6
5517,vienna-2026,2026,Points given by televoters,albania,croatia,2
5518,vienna-2026,2026,Points given by televoters,australia,croatia,7
5519,vienna-2026,2026,Points given by televoters,austria,croatia,8
5520,vienna-2026,2026,Points given by televoters,bulgaria,croatia,4
5521,vienna-2026,2026,Points given by televoters,czech republic,croatia,4
5522,vienna-2026,2026,Points given by televoters,finland,croatia,2
5523,vienna-2026,2026,Points given by televoters,france,croatia,1
5524,vienna-2026,2026,Points given by televoters,germany,croatia,7
5525,vienna-2026,2026,Points given by televoters,greece,croatia,1
5526,vienna-2026,2026,Points given by televoters,moldova,croatia,2
5527,vienna-2026,2026,Points given by televoters,montenegro,croatia,8
5528,vienna-2026,2026,Points given by televoters,portugal,croatia,1
5529,vienna-2026,2026,Points given by televoters,romania,croatia,2
5530,vienna-2026,2026,Points given by televoters,serbia,croatia,12
5531,vienna-2026,2026,Points given by televoters,switzerland,croatia,2
5532,vienna-2026,2026,Points given by televoters,ukraine,croatia,8
5533,vienna-2026,2026,Points given by the jury,albania,czech republic,7
5534,vienna-2026,2026,Points given by the jury,armenia,czech republic,4
5535,vienna-2026,2026,Points given by the jury,australia,czech republic,7
5536,vienna-2026,2026,Points given by the jury,austria,czech republic,5
5537,vienna-2026,2026,Points given by the jury,azerbaijan,czech republic,1
5538,vienna-2026,2026,Points given by the jury,bulgaria,czech republic,4
5539,vienna-2026,2026,Points given by the jury,cyprus,czech republic,2
5540,vienna-2026,2026,Points given by the jury,denmark,czech republic,5
5541,vienna-2026,2026,Points given by the jury,estonia,czech republic,1
5542,vienna-2026,2026,Points given by the jury,finland,czech republic,2
5543,vienna-2026,2026,Points given by the jury,georgia,czech republic,1
5544,vienna-2026,2026,Points given by the jury,latvia,czech republic,12
5545,vienna-2026,2026,Points given by the jury,lithuania,czech republic,2
5546,vienna-2026,2026,Points given by the jury,moldova,czech republic,5
5547,vienna-2026,2026,Points given by the jury,norway,czech republic,2
5548,vienna-2026,2026,Points given by the jury,poland,czech republic,4
5549,vienna-2026,2026,Points given by the jury,romania,czech republic,8
5550,vienna-2026,2026,Points given by the jury,sweden,czech republic,7
5551,vienna-2026,2026,Points given by the jury,switzerland,czech republic,10
5552,vienna-2026,2026,Points given by the jury,ukraine,czech republic,7
5553,vienna-2026,2026,Points given by the jury,united kingdom,czech republic,8
5554,vienna-2026,2026,Points given by televoters,armenia,czech republic,1
5555,vienna-2026,2026,Points given by televoters,azerbaijan,czech republic,3
5556,vienna-2026,2026,Points given by televoters,poland,czech republic,4
5557,vienna-2026,2026,Points given by televoters,ukraine,czech republic,1
5558,vienna-2026,2026,Points given by the jury,azerbaijan,serbia,8
5559,vienna-2026,2026,Points given by the jury,croatia,serbia,12
5560,vienna-2026,2026,Points given by the jury,france,serbia,1
5561,vienna-2026,2026,Points given by the jury,greece,serbia,5
5562,vienna-2026,2026,Points given by the jury,montenegro,serbia,12
5563,vienna-2026,2026,Points given by televoters,albania,serbia,3
5564,vienna-2026,2026,Points given by televoters,croatia,serbia,12
5565,vienna-2026,2026,Points given by televoters,czech republic,serbia,2
5566,vienna-2026,2026,Points given by televoters,finland,serbia,3
5567,vienna-2026,2026,Points given by televoters,georgia,serbia,3
5568,vienna-2026,2026,Points given by televoters,lithuania,serbia,1
5569,vienna-2026,2026,Points given by televoters,malta,serbia,1
5570,vienna-2026,2026,Points given by televoters,moldova,serbia,1
5571,vienna-2026,2026,Points given by televoters,montenegro,serbia,12
5572,vienna-2026,2026,Points given by televoters,poland,serbia,1
5573,vienna-2026,2026,Points given by televoters,romania,serbia,10
5574,vienna-2026,2026,Points given by televoters,ukraine,serbia,3
5575,vienna-2026,2026,Points given by the jury,albania,malta,6
5576,vienna-2026,2026,Points given by the jury,azerbaijan,malta,2
5577,vienna-2026,2026,Points given by the jury,bulgaria,malta,12
5578,vienna-2026,2026,Points given by the jury,cyprus,malta,7
5579,vienna-2026,2026,Points given by the jury,czech republic,malta,1
5580,vienna-2026,2026,Points given by the jury,france,malta,3
5581,vienna-2026,2026,Points given by the jury,georgia,malta,4
5582,vienna-2026,2026,Points given by the jury,italy,malta,8
5583,vienna-2026,2026,Points given by the jury,luxembourg,malta,2
5584,vienna-2026,2026,Points given by the jury,romania,malta,3
5585,vienna-2026,2026,Points given by the jury,san marino,malta,12
5586,vienna-2026,2026,Points given by the jury,serbia,malta,8
5587,vienna-2026,2026,Points given by the jury,ukraine,malta,12
5588,vienna-2026,2026,Points given by the jury,united kingdom,malta,1
5589,vienna-2026,2026,Points given by televoters,australia,malta,4
5590,vienna-2026,2026,Points given by televoters,azerbaijan,malta,2
5591,vienna-2026,2026,Points given by televoters,bulgaria,malta,2
5592,vienna-2026,2026,Points given by the jury,australia,cyprus,3
5593,vienna-2026,2026,Points given by the jury,bulgaria,cyprus,10
5594,vienna-2026,2026,Points given by the jury,denmark,cyprus,2
5595,vienna-2026,2026,Points given by the jury,georgia,cyprus,8
5596,vienna-2026,2026,Points given by the jury,greece,cyprus,12
5597,vienna-2026,2026,Points given by the jury,malta,cyprus,3
5598,vienna-2026,2026,Points given by the jury,san marino,cyprus,3
5599,vienna-2026,2026,Points given by televoters,armenia,cyprus,3
5600,vienna-2026,2026,Points given by televoters,bulgaria,cyprus,6
5601,vienna-2026,2026,Points given by televoters,greece,cyprus,12
5602,vienna-2026,2026,Points given by televoters,malta,cyprus,3
5603,vienna-2026,2026,Points given by televoters,san marino,cyprus,7
5604,vienna-2026,2026,Points given by televoters,united kingdom,cyprus,3
5605,vienna-2026,2026,Points given by the jury,denmark,sweden,10
5606,vienna-2026,2026,Points given by the jury,germany,sweden,1
5607,vienna-2026,2026,Points given by the jury,italy,sweden,10
5608,vienna-2026,2026,Points given by the jury,lithuania,sweden,6
5609,vienna-2026,2026,Points given by the jury,montenegro,sweden,4
5610,vienna-2026,2026,Points given by the jury,norway,sweden,4
5611,vienna-2026,2026,Points given by televoters,denmark,sweden,6
5612,vienna-2026,2026,Points given by televoters,finland,sweden,6
5613,vienna-2026,2026,Points given by televoters,norway,sweden,4
5614,vienna-2026,2026,Points given by the jury,estonia,belgium,2
5615,vienna-2026,2026,Points given by the jury,finland,belgium,4
5616,vienna-2026,2026,Points given by the jury,israel,belgium,2
5617,vienna-2026,2026,Points given by the jury,italy,belgium,12
5618,vienna-2026,2026,Points given by the jury,latvia,belgium,10
5619,vienna-2026,2026,Points given by the jury,poland,belgium,6
5620,vienna-2026,2026,Points given by the jury,finland,lithuania,8
5621,vienna-2026,2026,Points given by the jury,italy,lithuania,2
5622,vienna-2026,2026,Points given by televoters,latvia,lithuania,12
5623,vienna-2026,2026,Points given by the jury,belgium,germany,2
5624,vienna-2026,2026,Points given by the jury,bulgaria,germany,2
5625,vienna-2026,2026,Points given by the jury,italy,germany,4
5626,vienna-2026,2026,Points given by the jury,portugal,germany,4
5627,vienna-2026,2026,Points given by the jury,luxembourg,austria,1
5628,vienna-2026,2026,Points given by televoters,germany,austria,5
5629,vienna-2026,2026,Points given by the jury,ukraine,united kingdom,1
5630,vienna-2026,2026,Points given by the jury,belgium,israel,8
5631,vienna-2026,2026,Points given by the jury,croatia,israel,12
5632,vienna-2026,2026,Points given by the jury,estonia,israel,4
5633,vienna-2026,2026,Points given by the jury,finland,israel,6
5634,vienna-2026,2026,Points given by the jury,georgia,israel,5
5635,vienna-2026,2026,Points given by the jury,germany,israel,7
5636,vienna-2026,2026,Points given by the jury,greece,israel,4
5637,vienna-2026,2026,Points given by the jury,lithuania,israel,10
5638,vienna-2026,2026,Points given by the jury,moldova,israel,12
5639,vienna-2026,2026,Points given by the jury,poland,israel,10
5640,vienna-2026,2026,Points given by the jury,portugal,israel,2
5641,vienna-2026,2026,Points given by the jury,san marino,israel,10
5642,vienna-2026,2026,Points given by the jury,serbia,israel,12
5643,vienna-2026,2026,Points given by the jury,sweden,israel,4
5644,vienna-2026,2026,Points given by televoters,belgium,israel,10
5645,vienna-2026,2026,Points given by televoters,croatia,israel,6
5646,vienna-2026,2026,Points given by televoters,estonia,israel,10
5647,vienna-2026,2026,Points given by televoters,finland,israel,10
5648,vienna-2026,2026,Points given by televoters,georgia,israel,12
5649,vienna-2026,2026,Points given by televoters,germany,israel,12
5650,vienna-2026,2026,Points given by televoters,greece,israel,10
5651,vienna-2026,2026,Points given by televoters,italy,israel,10
5652,vienna-2026,2026,Points given by televoters,lithuania,israel,5
5653,vienna-2026,2026,Points given by televoters,moldova,israel,12
5654,vienna-2026,2026,Points given by televoters,montenegro,israel,8
5655,vienna-2026,2026,Points given by televoters,poland,israel,8
5656,vienna-2026,2026,Points given by televoters,portugal,israel,12
5657,vienna-2026,2026,Points given by televoters,san marino,israel,12
5658,vienna-2026,2026,Points given by televoters,serbia,israel,6
5659,vienna-2026,2026,Points given by televoters,sweden,israel,10
5660,vienna-2026,2026,Points given by the jury,belgium,poland,12
5661,vienna-2026,2026,Points given by the jury,croatia,poland,8
5662,vienna-2026,2026,Points given by the jury,estonia,poland,10
5663,vienna-2026,2026,Points given by the jury,finland,poland,7
5664,vienna-2026,2026,Points given by the jury,georgia,poland,2
5665,vienna-2026,2026,Points given by the jury,germany,poland,12
5666,vienna-2026,2026,Points given by the jury,greece,poland,12
5667,vienna-2026,2026,Points given by the jury,israel,poland,12
5668,vienna-2026,2026,Points given by the jury,italy,poland,8
5669,vienna-2026,2026,Points given by the jury,lithuania,poland,12
5670,vienna-2026,2026,Points given by the jury,moldova,poland,10
5671,vienna-2026,2026,Points given by the jury,montenegro,poland,3
5672,vienna-2026,2026,Points given by the jury,portugal,poland,10
5673,vienna-2026,2026,Points given by the jury,san marino,poland,1
5674,vienna-2026,2026,Points given by the jury,serbia,poland,8
5675,vienna-2026,2026,Points given by the jury,sweden,poland,10
5676,vienna-2026,2026,Points given by televoters,belgium,poland,8
5677,vienna-2026,2026,Points given by televoters,croatia,poland,7
5678,vienna-2026,2026,Points given by televoters,estonia,poland,4
5679,vienna-2026,2026,Points given by televoters,finland,poland,2
5680,vienna-2026,2026,Points given by televoters,georgia,poland,3
5681,vienna-2026,2026,Points given by televoters,germany,poland,10
5682,vienna-2026,2026,Points given by televoters,greece,poland,6
5683,vienna-2026,2026,Points given by televoters,israel,poland,6
5684,vienna-2026,2026,Points given by televoters,italy,poland,6
5685,vienna-2026,2026,Points given by televoters,lithuania,poland,10
5686,vienna-2026,2026,Points given by televoters,moldova,poland,10
5687,vienna-2026,2026,Points given by televoters,montenegro,poland,6
5688,vienna-2026,2026,Points given by televoters,portugal,poland,6
5689,vienna-2026,2026,Points given by televoters,san marino,poland,6
5690,vienna-2026,2026,Points given by televoters,serbia,poland,4
5691,vienna-2026,2026,Points given by televoters,sweden,poland,8
5692,vienna-2026,2026,Points given by the jury,belgium,finland,6
5693,vienna-2026,2026,Points given by the jury,croatia,finland,10
5694,vienna-2026,2026,Points given by the jury,estonia,finland,12
5695,vienna-2026,2026,Points given by the jury,georgia,finland,12
5696,vienna-2026,2026,Points given by the jury,germany,finland,10
5697,vienna-2026,2026,Points given by the jury,greece,finland,7
5698,vienna-2026,2026,Points given by the jury,israel,finland,10
5699,vienna-2026,2026,Points given by the jury,italy,finland,3
5700,vienna-2026,2026,Points given by the jury,lithuania,finland,5
5701,vienna-2026,2026,Points given by the jury,moldova,finland,4
5702,vienna-2026,2026,Points given by the jury,montenegro,finland,8
5703,vienna-2026,2026,Points given by the jury,poland,finland,5
5704,vienna-2026,2026,Points given by the jury,portugal,finland,12
5705,vienna-2026,2026,Points given by the jury,san marino,finland,8
5706,vienna-2026,2026,Points given by the jury,serbia,finland,3
5707,vienna-2026,2026,Points given by the jury,sweden,finland,12
5708,vienna-2026,2026,Points given by televoters,belgium,finland,6
5709,vienna-2026,2026,Points given by televoters,croatia,finland,3
5710,vienna-2026,2026,Points given by televoters,estonia,finland,12
5711,vienna-2026,2026,Points given by televoters,georgia,finland,4
5712,vienna-2026,2026,Points given by televoters,germany,finland,4
5713,vienna-2026,2026,Points given by televoters,greece,finland,3
5714,vienna-2026,2026,Points given by televoters,israel,finland,5
5715,vienna-2026,2026,Points given by televoters,italy,finland,4
5716,vienna-2026,2026,Points given by televoters,lithuania,finland,6
5717,vienna-2026,2026,Points given by televoters,moldova,finland,5
5718,vienna-2026,2026,Points given by televoters,montenegro,finland,4
5719,vienna-2026,2026,Points given by televoters,poland,finland,7
5720,vienna-2026,2026,Points given by televoters,portugal,finland,7
5721,vienna-2026,2026,Points given by televoters,san marino,finland,8
5722,vienna-2026,2026,Points given by televoters,serbia,finland,5
5723,vienna-2026,2026,Points given by televoters,sweden,finland,12
5724,vienna-2026,2026,Points given by the jury,belgium,moldova,1
5725,vienna-2026,2026,Points given by the jury,croatia,moldova,6
5726,vienna-2026,2026,Points given by the jury,finland,moldova,3
5727,vienna-2026,2026,Points given by the jury,georgia,moldova,7
5728,vienna-2026,2026,Points given by the jury,germany,moldova,1
5729,vienna-2026,2026,Points given by the jury,greece,moldova,5
5730,vienna-2026,2026,Points given by the jury,israel,moldova,5
5731,vienna-2026,2026,Points given by the jury,italy,moldova,5
5732,vienna-2026,2026,Points given by the jury,lithuania,moldova,6
5733,vienna-2026,2026,Points given by the jury,montenegro,moldova,4
5734,vienna-2026,2026,Points given by the jury,poland,moldova,1
5735,vienna-2026,2026,Points given by the jury,san marino,moldova,5
5736,vienna-2026,2026,Points given by the jury,serbia,moldova,7
5737,vienna-2026,2026,Points given by the jury,sweden,moldova,6
5738,vienna-2026,2026,Points given by televoters,belgium,moldova,12
5739,vienna-2026,2026,Points given by televoters,croatia,moldova,8
5740,vienna-2026,2026,Points given by televoters,estonia,moldova,7
5741,vienna-2026,2026,Points given by televoters,finland,moldova,4
5742,vienna-2026,2026,Points given by televoters,georgia,moldova,10
5743,vienna-2026,2026,Points given by televoters,germany,moldova,7
5744,vienna-2026,2026,Points given by televoters,greece,moldova,8
5745,vienna-2026,2026,Points given by televoters,israel,moldova,12
5746,vienna-2026,2026,Points given by televoters,italy,moldova,12
5747,vienna-2026,2026,Points given by televoters,lithuania,moldova,7
5748,vienna-2026,2026,Points given by televoters,montenegro,moldova,7
5749,vienna-2026,2026,Points given by televoters,poland,moldova,12
5750,vienna-2026,2026,Points given by televoters,portugal,moldova,10
5751,vienna-2026,2026,Points given by televoters,san marino,moldova,10
5752,vienna-2026,2026,Points given by televoters,serbia,moldova,7
5753,vienna-2026,2026,Points given by televoters,sweden,moldova,1
5754,vienna-2026,2026,Points given by the jury,croatia,serbia,7
5755,vienna-2026,2026,Points given by the jury,georgia,serbia,6
5756,vienna-2026,2026,Points given by the jury,greece,serbia,10
5757,vienna-2026,2026,Points given by the jury,moldova,serbia,5
5758,vienna-2026,2026,Points given by the jury,montenegro,serbia,12
5759,vienna-2026,2026,Points given by the jury,poland,serbia,7
5760,vienna-2026,2026,Points given by the jury,portugal,serbia,6
5761,vienna-2026,2026,Points given by the jury,san marino,serbia,3
5762,vienna-2026,2026,Points given by televoters,belgium,serbia,3
5763,vienna-2026,2026,Points given by televoters,croatia,serbia,12
5764,vienna-2026,2026,Points given by televoters,estonia,serbia,5
5765,vienna-2026,2026,Points given by televoters,finland,serbia,8
5766,vienna-2026,2026,Points given by televoters,georgia,serbia,8
5767,vienna-2026,2026,Points given by televoters,germany,serbia,5
5768,vienna-2026,2026,Points given by televoters,greece,serbia,12
5769,vienna-2026,2026,Points given by televoters,israel,serbia,1
5770,vienna-2026,2026,Points given by televoters,italy,serbia,7
5771,vienna-2026,2026,Points given by televoters,lithuania,serbia,12
5772,vienna-2026,2026,Points given by televoters,moldova,serbia,8
5773,vienna-2026,2026,Points given by televoters,montenegro,serbia,12
5774,vienna-2026,2026,Points given by televoters,poland,serbia,10
5775,vienna-2026,2026,Points given by televoters,portugal,serbia,8
5776,vienna-2026,2026,Points given by televoters,san marino,serbia,7
5777,vienna-2026,2026,Points given by televoters,sweden,serbia,6
5778,vienna-2026,2026,Points given by the jury,belgium,croatia,7
5779,vienna-2026,2026,Points given by the jury,estonia,croatia,6
5780,vienna-2026,2026,Points given by the jury,finland,croatia,10
5781,vienna-2026,2026,Points given by the jury,georgia,croatia,3
5782,vienna-2026,2026,Points given by the jury,germany,croatia,8
5783,vienna-2026,2026,Points given by the jury,greece,croatia,6
5784,vienna-2026,2026,Points given by the jury,italy,croatia,1
5785,vienna-2026,2026,Points given by the jury,lithuania,croatia,1
5786,vienna-2026,2026,Points given by the jury,moldova,croatia,7
5787,vienna-2026,2026,Points given by the jury,montenegro,croatia,10
5788,vienna-2026,2026,Points given by the jury,poland,croatia,2
5789,vienna-2026,2026,Points given by the jury,portugal,croatia,8
5790,vienna-2026,2026,Points given by the jury,san marino,croatia,6
5791,vienna-2026,2026,Points given by the jury,serbia,croatia,2
5792,vienna-2026,2026,Points given by the jury,sweden,croatia,8
5793,vienna-2026,2026,Points given by televoters,belgium,croatia,5
5794,vienna-2026,2026,Points given by televoters,estonia,croatia,3
5795,vienna-2026,2026,Points given by televoters,finland,croatia,6
5796,vienna-2026,2026,Points given by televoters,georgia,croatia,1
5797,vienna-2026,2026,Points given by televoters,germany,croatia,6
5798,vienna-2026,2026,Points given by televoters,greece,croatia,5
5799,vienna-2026,2026,Points given by televoters,israel,croatia,7
5800,vienna-2026,2026,Points given by televoters,italy,croatia,5
5801,vienna-2026,2026,Points given by televoters,lithuania,croatia,3
5802,vienna-2026,2026,Points given by televoters,moldova,croatia,7
5803,vienna-2026,2026,Points given by televoters,montenegro,croatia,10
5804,vienna-2026,2026,Points given by televoters,poland,croatia,4
5805,vienna-2026,2026,Points given by televoters,portugal,croatia,5
5806,vienna-2026,2026,Points given by televoters,san marino,croatia,3
5807,vienna-2026,2026,Points given by televoters,serbia,croatia,12
5808,vienna-2026,2026,Points given by televoters,sweden,croatia,4
5809,vienna-2026,2026,Points given by the jury,belgium,greece,2
5810,vienna-2026,2026,Points given by the jury,croatia,greece,4
5811,vienna-2026,2026,Points given by the jury,estonia,greece,7
5812,vienna-2026,2026,Points given by the jury,finland,greece,4
5813,vienna-2026,2026,Points given by the jury,georgia,greece,10
5814,vienna-2026,2026,Points given by the jury,germany,greece,5
5815,vienna-2026,2026,Points given by the jury,israel,greece,7
5816,vienna-2026,2026,Points given by the jury,lithuania,greece,2
5817,vienna-2026,2026,Points given by the jury,moldova,greece,8
5818,vienna-2026,2026,Points given by the jury,montenegro,greece,7
5819,vienna-2026,2026,Points given by the jury,poland,greece,4
5820,vienna-2026,2026,Points given by the jury,portugal,greece,1
5821,vienna-2026,2026,Points given by the jury,san marino,greece,12
5822,vienna-2026,2026,Points given by the jury,serbia,greece,10
5823,vienna-2026,2026,Points given by the jury,sweden,greece,5
5824,vienna-2026,2026,Points given by televoters,belgium,greece,7
5825,vienna-2026,2026,Points given by televoters,croatia,greece,4
5826,vienna-2026,2026,Points given by televoters,estonia,greece,1
5827,vienna-2026,2026,Points given by televoters,georgia,greece,7
5828,vienna-2026,2026,Points given by televoters,germany,greece,8
5829,vienna-2026,2026,Points given by televoters,israel,greece,10
5830,vienna-2026,2026,Points given by televoters,italy,greece,3
5831,vienna-2026,2026,Points given by televoters,lithuania,greece,2
5832,vienna-2026,2026,Points given by televoters,moldova,greece,6
5833,vienna-2026,2026,Points given by televoters,montenegro,greece,3
5834,vienna-2026,2026,Points given by televoters,poland,greece,2
5835,vienna-2026,2026,Points given by televoters,portugal,greece,3
5836,vienna-2026,2026,Points given by televoters,san marino,greece,1
5837,vienna-2026,2026,Points given by televoters,serbia,greece,8
5838,vienna-2026,2026,Points given by televoters,sweden,greece,3
5839,vienna-2026,2026,Points given by the jury,belgium,lithuania,4
5840,vienna-2026,2026,Points given by the jury,croatia,lithuania,3
5841,vienna-2026,2026,Points given by the jury,estonia,lithuania,3
5842,vienna-2026,2026,Points given by the jury,finland,lithuania,8
5843,vienna-2026,2026,Points given by the jury,georgia,lithuania,1
5844,vienna-2026,2026,Points given by the jury,germany,lithuania,3
5845,vienna-2026,2026,Points given by the jury,greece,lithuania,2
5846,vienna-2026,2026,Points given by the jury,italy,lithuania,7
5847,vienna-2026,2026,Points given by the jury,moldova,lithuania,2
5848,vienna-2026,2026,Points given by the jury,poland,lithuania,6
5849,vienna-2026,2026,Points given by the jury,portugal,lithuania,7
5850,vienna-2026,2026,Points given by televoters,belgium,lithuania,2
5851,vienna-2026,2026,Points given by televoters,estonia,lithuania,6
5852,vienna-2026,2026,Points given by televoters,finland,lithuania,5
5853,vienna-2026,2026,Points given by televoters,georgia,lithuania,6
5854,vienna-2026,2026,Points given by televoters,germany,lithuania,3
5855,vienna-2026,2026,Points given by televoters,greece,lithuania,1
5856,vienna-2026,2026,Points given by televoters,italy,lithuania,1
5857,vienna-2026,2026,Points given by televoters,moldova,lithuania,3
5858,vienna-2026,2026,Points given by televoters,montenegro,lithuania,5
5859,vienna-2026,2026,Points given by televoters,poland,lithuania,5
5860,vienna-2026,2026,Points given by televoters,portugal,lithuania,2
5861,vienna-2026,2026,Points given by televoters,san marino,lithuania,2
5862,vienna-2026,2026,Points given by televoters,serbia,lithuania,3
5863,vienna-2026,2026,Points given by televoters,sweden,lithuania,5
5864,vienna-2026,2026,Points given by the jury,belgium,sweden,10
5865,vienna-2026,2026,Points given by the jury,croatia,sweden,5
5866,vienna-2026,2026,Points given by the jury,estonia,sweden,5
5867,vienna-2026,2026,Points given by the jury,finland,sweden,5
5868,vienna-2026,2026,Points given by the jury,georgia,sweden,8
5869,vienna-2026,2026,Points given by the jury,germany,sweden,6
5870,vienna-2026,2026,Points given by the jury,greece,sweden,1
5871,vienna-2026,2026,Points given by the jury,israel,sweden,3
5872,vienna-2026,2026,Points given by the jury,italy,sweden,10
5873,vienna-2026,2026,Points given by the jury,lithuania,sweden,8
5874,vienna-2026,2026,Points given by the jury,moldova,sweden,1
5875,vienna-2026,2026,Points given by the jury,montenegro,sweden,5
5876,vienna-2026,2026,Points given by the jury,poland,sweden,3
5877,vienna-2026,2026,Points given by the jury,portugal,sweden,5
5878,vienna-2026,2026,Points given by the jury,san marino,sweden,4
5879,vienna-2026,2026,Points given by televoters,croatia,sweden,1
5880,vienna-2026,2026,Points given by televoters,estonia,sweden,2
5881,vienna-2026,2026,Points given by televoters,finland,sweden,7
5882,vienna-2026,2026,Points given by televoters,lithuania,sweden,1
5883,vienna-2026,2026,Points given by televoters,moldova,sweden,4
5884,vienna-2026,2026,Points given by televoters,poland,sweden,1
5885,vienna-2026,2026,Points given by televoters,serbia,sweden,1
5886,vienna-2026,2026,Points given by the jury,croatia,belgium,2
5887,vienna-2026,2026,Points given by the jury,estonia,belgium,8
5888,vienna-2026,2026,Points given by the jury,finland,belgium,12
5889,vienna-2026,2026,Points given by the jury,germany,belgium,2
5890,vienna-2026,2026,Points given by the jury,israel,belgium,8
5891,vienna-2026,2026,Points given by the jury,italy,belgium,12
5892,vienna-2026,2026,Points given by the jury,lithuania,belgium,3
5893,vienna-2026,2026,Points given by the jury,moldova,belgium,6
5894,vienna-2026,2026,Points given by the jury,montenegro,belgium,1
5895,vienna-2026,2026,Points given by the jury,poland,belgium,12
5896,vienna-2026,2026,Points given by the jury,portugal,belgium,4
5897,vienna-2026,2026,Points given by the jury,serbia,belgium,4
5898,vienna-2026,2026,Points given by the jury,sweden,belgium,7
5899,vienna-2026,2026,Points given by televoters,finland,belgium,1
5900,vienna-2026,2026,Points given by televoters,georgia,belgium,2
5901,vienna-2026,2026,Points given by televoters,israel,belgium,4
5902,vienna-2026,2026,Points given by televoters,moldova,belgium,1
5903,vienna-2026,2026,Points given by televoters,montenegro,belgium,1
5904,vienna-2026,2026,Points given by the jury,belgium,estonia,3
5905,vienna-2026,2026,Points given by the jury,greece,estonia,3
5906,vienna-2026,2026,Points given by the jury,israel,estonia,6
5907,vienna-2026,2026,Points given by the jury,italy,estonia,6
5908,vienna-2026,2026,Points given by the jury,lithuania,estonia,4
5909,vienna-2026,2026,Points given by the jury,moldova,estonia,3
5910,vienna-2026,2026,Points given by the jury,serbia,estonia,6
5911,vienna-2026,2026,Points given by the jury,sweden,estonia,2
5912,vienna-2026,2026,Points given by televoters,belgium,estonia,1
5913,vienna-2026,2026,Points given by televoters,croatia,estonia,2
5914,vienna-2026,2026,Points given by televoters,finland,estonia,12
5915,vienna-2026,2026,Points given by televoters,germany,estonia,1
5916,vienna-2026,2026,Points given by televoters,israel,estonia,3
5917,vienna-2026,2026,Points given by televoters,lithuania,estonia,8
5918,vienna-2026,2026,Points given by televoters,moldova,estonia,2
5919,vienna-2026,2026,Points given by televoters,poland,estonia,3
5920,vienna-2026,2026,Points given by televoters,portugal,estonia,1
5921,vienna-2026,2026,Points given by televoters,san marino,estonia,4
5922,vienna-2026,2026,Points given by televoters,serbia,estonia,2
5923,vienna-2026,2026,Points given by televoters,sweden,estonia,7
5924,vienna-2026,2026,Points given by the jury,belgium,portugal,5
5925,vienna-2026,2026,Points given by the jury,estonia,portugal,2
5926,vienna-2026,2026,Points given by the jury,finland,portugal,1
5927,vienna-2026,2026,Points given by the jury,israel,portugal,4
5928,vienna-2026,2026,Points given by the jury,italy,portugal,2
5929,vienna-2026,2026,Points given by the jury,lithuania,portugal,7
5930,vienna-2026,2026,Points given by the jury,montenegro,portugal,2
5931,vienna-2026,2026,Points given by the jury,poland,portugal,8
5932,vienna-2026,2026,Points given by the jury,serbia,portugal,5
5933,vienna-2026,2026,Points given by the jury,sweden,portugal,3
5934,vienna-2026,2026,Points given by televoters,belgium,portugal,4
5935,vienna-2026,2026,Points given by televoters,croatia,portugal,5
5936,vienna-2026,2026,Points given by televoters,estonia,portugal,8
5937,vienna-2026,2026,Points given by televoters,finland,portugal,3
5938,vienna-2026,2026,Points given by televoters,germany,portugal,2
5939,vienna-2026,2026,Points given by televoters,lithuania,portugal,4
5940,vienna-2026,2026,Points given by televoters,montenegro,portugal,2
5941,vienna-2026,2026,Points given by televoters,san marino,portugal,5
5942,vienna-2026,2026,Points given by televoters,sweden,portugal,2
5943,vienna-2026,2026,Points given by the jury,croatia,montenegro,1
5944,vienna-2026,2026,Points given by the jury,finland,montenegro,2
5945,vienna-2026,2026,Points given by the jury,germany,montenegro,4
5946,vienna-2026,2026,Points given by the jury,greece,montenegro,8
5947,vienna-2026,2026,Points given by the jury,portugal,montenegro,3
5948,vienna-2026,2026,Points given by the jury,san marino,montenegro,7
5949,vienna-2026,2026,Points given by the jury,serbia,montenegro,1
5950,vienna-2026,2026,Points given by televoters,croatia,montenegro,10
5951,vienna-2026,2026,Points given by televoters,georgia,montenegro,5
5952,vienna-2026,2026,Points given by televoters,greece,montenegro,4
5953,vienna-2026,2026,Points given by televoters,israel,montenegro,2
5954,vienna-2026,2026,Points given by televoters,italy,montenegro,2
5955,vienna-2026,2026,Points given by televoters,poland,montenegro,6
5956,vienna-2026,2026,Points given by televoters,portugal,montenegro,4
5957,vienna-2026,2026,Points given by televoters,serbia,montenegro,10
5958,vienna-2026,2026,Points given by the jury,estonia,san marino,1
5959,vienna-2026,2026,Points given by the jury,georgia,san marino,4
5960,vienna-2026,2026,Points given by the jury,israel,san marino,2
5961,vienna-2026,2026,Points given by the jury,italy,san marino,4
5962,vienna-2026,2026,Points given by the jury,montenegro,san marino,6
5963,vienna-2026,2026,Points given by the jury,sweden,san marino,1
5964,vienna-2026,2026,Points given by televoters,greece,san marino,7
5965,vienna-2026,2026,Points given by televoters,israel,san marino,8
5966,vienna-2026,2026,Points given by televoters,italy,san marino,8
5967,vienna-2026,2026,Points given by the jury,israel,georgia,1
5968,vienna-2026,2026,Points given by the jury,san marino,georgia,2
5969,vienna-2026,2026,Points given by televoters,greece,georgia,2
5970,vienna-2026,2026,Points given by the jury,albania,bulgaria,6
5971,vienna-2026,2026,Points given by the jury,armenia,bulgaria,8
5972,vienna-2026,2026,Points given by the jury,australia,bulgaria,10
5973,vienna-2026,2026,Points given by the jury,austria,bulgaria,2
5974,vienna-2026,2026,Points given by the jury,azerbaijan,bulgaria,4
5975,vienna-2026,2026,Points given by the jury,cyprus,bulgaria,8
5976,vienna-2026,2026,Points given by the jury,czech republic,bulgaria,1
5977,vienna-2026,2026,Points given by the jury,denmark,bulgaria,12
5978,vienna-2026,2026,Points given by the jury,france,bulgaria,6
5979,vienna-2026,2026,Points given by the jury,latvia,bulgaria,5
5980,vienna-2026,2026,Points given by the jury,luxembourg,bulgaria,5
5981,vienna-2026,2026,Points given by the jury,malta,bulgaria,10
5982,vienna-2026,2026,Points given by the jury,norway,bulgaria,6
5983,vienna-2026,2026,Points given by the jury,romania,bulgaria,3
5984,vienna-2026,2026,Points given by the jury,switzerland,bulgaria,3
5985,vienna-2026,2026,Points given by the jury,united kingdom,bulgaria,5
5986,vienna-2026,2026,Points given by televoters,albania,bulgaria,12
5987,vienna-2026,2026,Points given by televoters,armenia,bulgaria,10
5988,vienna-2026,2026,Points given by televoters,australia,bulgaria,8
5989,vienna-2026,2026,Points given by televoters,austria,bulgaria,12
5990,vienna-2026,2026,Points given by televoters,azerbaijan,bulgaria,10
5991,vienna-2026,2026,Points given by televoters,cyprus,bulgaria,12
5992,vienna-2026,2026,Points given by televoters,czech republic,bulgaria,8
5993,vienna-2026,2026,Points given by televoters,denmark,bulgaria,10
5994,vienna-2026,2026,Points given by televoters,france,bulgaria,12
5995,vienna-2026,2026,Points given by televoters,latvia,bulgaria,6
5996,vienna-2026,2026,Points given by televoters,luxembourg,bulgaria,12
5997,vienna-2026,2026,Points given by televoters,malta,bulgaria,12
5998,vienna-2026,2026,Points given by televoters,norway,bulgaria,10
5999,vienna-2026,2026,Points given by televoters,romania,bulgaria,10
6000,vienna-2026,2026,Points given by televoters,switzerland,bulgaria,12
6001,vienna-2026,2026,Points given by televoters,ukraine,bulgaria,4
6002,vienna-2026,2026,Points given by televoters,united kingdom,bulgaria,12
6003,vienna-2026,2026,Points given by the jury,albania,romania,2
6004,vienna-2026,2026,Points given by the jury,armenia,romania,4
6005,vienna-2026,2026,Points given by the jury,australia,romania,6
6006,vienna-2026,2026,Points given by the jury,austria,romania,6
6007,vienna-2026,2026,Points given by the jury,azerbaijan,romania,5
6008,vienna-2026,2026,Points given by the jury,cyprus,romania,1
6009,vienna-2026,2026,Points given by the jury,czech republic,romania,10
6010,vienna-2026,2026,Points given by the jury,denmark,romania,5
6011,vienna-2026,2026,Points given by the jury,france,romania,3
6012,vienna-2026,2026,Points given by the jury,latvia,romania,4
6013,vienna-2026,2026,Points given by the jury,luxembourg,romania,12
6014,vienna-2026,2026,Points given by the jury,malta,romania,7
6015,vienna-2026,2026,Points given by the jury,norway,romania,8
6016,vienna-2026,2026,Points given by the jury,switzerland,romania,4
6017,vienna-2026,2026,Points given by the jury,ukraine,romania,6
6018,vienna-2026,2026,Points given by the jury,united kingdom,romania,4
6019,vienna-2026,2026,Points given by televoters,albania,romania,3
6020,vienna-2026,2026,Points given by televoters,armenia,romania,6
6021,vienna-2026,2026,Points given by televoters,australia,romania,7
6022,vienna-2026,2026,Points given by televoters,austria,romania,10
6023,vienna-2026,2026,Points given by televoters,azerbaijan,romania,7
6024,vienna-2026,2026,Points given by televoters,bulgaria,romania,8
6025,vienna-2026,2026,Points given by televoters,cyprus,romania,10
6026,vienna-2026,2026,Points given by televoters,czech republic,romania,12
6027,vienna-2026,2026,Points given by televoters,denmark,romania,5
6028,vienna-2026,2026,Points given by televoters,france,romania,10
6029,vienna-2026,2026,Points given by televoters,latvia,romania,8
6030,vienna-2026,2026,Points given by televoters,luxembourg,romania,10
6031,vienna-2026,2026,Points given by televoters,malta,romania,5
6032,vienna-2026,2026,Points given by televoters,norway,romania,7
6033,vienna-2026,2026,Points given by televoters,switzerland,romania,7
6034,vienna-2026,2026,Points given by televoters,ukraine,romania,12
6035,vienna-2026,2026,Points given by televoters,united kingdom,romania,10
6036,vienna-2026,2026,Points given by the jury,albania,australia,3
6037,vienna-2026,2026,Points given by the jury,armenia,australia,12
6038,vienna-2026,2026,Points given by the jury,austria,australia,10
6039,vienna-2026,2026,Points given by the jury,azerbaijan,australia,10
6040,vienna-2026,2026,Points given by the jury,bulgaria,australia,8
6041,vienna-2026,2026,Points given by the jury,cyprus,australia,7
6042,vienna-2026,2026,Points given by the jury,czech republic,australia,6
6043,vienna-2026,2026,Points given by the jury,denmark,australia,10
6044,vienna-2026,2026,Points given by the jury,france,australia,7
6045,vienna-2026,2026,Points given by the jury,latvia,australia,3
6046,vienna-2026,2026,Points given by the jury,luxembourg,australia,10
6047,vienna-2026,2026,Points given by the jury,malta,australia,12
6048,vienna-2026,2026,Points given by the jury,norway,australia,10
6049,vienna-2026,2026,Points given by the jury,romania,australia,10
6050,vienna-2026,2026,Points given by the jury,switzerland,australia,7
6051,vienna-2026,2026,Points given by the jury,ukraine,australia,5
6052,vienna-2026,2026,Points given by the jury,united kingdom,australia,7
6053,vienna-2026,2026,Points given by televoters,albania,australia,7
6054,vienna-2026,2026,Points given by televoters,armenia,australia,4
6055,vienna-2026,2026,Points given by televoters,austria,australia,8
6056,vienna-2026,2026,Points given by televoters,bulgaria,australia,3
6057,vienna-2026,2026,Points given by televoters,cyprus,australia,8
6058,vienna-2026,2026,Points given by televoters,czech republic,australia,3
6059,vienna-2026,2026,Points given by televoters,denmark,australia,7
6060,vienna-2026,2026,Points given by televoters,france,australia,4
6061,vienna-2026,2026,Points given by televoters,latvia,australia,2
6062,vienna-2026,2026,Points given by televoters,luxembourg,australia,1
6063,vienna-2026,2026,Points given by televoters,malta,australia,10
6064,vienna-2026,2026,Points given by televoters,norway,australia,5
6065,vienna-2026,2026,Points given by televoters,romania,australia,1
6066,vienna-2026,2026,Points given by televoters,switzerland,australia,8
6067,vienna-2026,2026,Points given by televoters,ukraine,australia,1
6068,vienna-2026,2026,Points given by televoters,united kingdom,australia,7
6069,vienna-2026,2026,Points given by the jury,albania,norway,5
6070,vienna-2026,2026,Points given by the jury,armenia,norway,7
6071,vienna-2026,2026,Points given by the jury,australia,norway,7
6072,vienna-2026,2026,Points given by the jury,austria,norway,12
6073,vienna-2026,2026,Points given by the jury,bulgaria,norway,7
6074,vienna-2026,2026,Points given by the jury,cyprus,norway,4
6075,vienna-2026,2026,Points given by the jury,czech republic,norway,12
6076,vienna-2026,2026,Points given by the jury,france,norway,12
6077,vienna-2026,2026,Points given by the jury,latvia,norway,6
6078,vienna-2026,2026,Points given by the jury,luxembourg,norway,7
6079,vienna-2026,2026,Points given by the jury,malta,norway,3
6080,vienna-2026,2026,Points given by the jury,romania,norway,5
6081,vienna-2026,2026,Points given by the jury,switzerland,norway,8
6082,vienna-2026,2026,Points given by the jury,ukraine,norway,2
6083,vienna-2026,2026,Points given by the jury,united kingdom,norway,12
6084,vienna-2026,2026,Points given by televoters,albania,norway,8
6085,vienna-2026,2026,Points given by televoters,australia,norway,10
6086,vienna-2026,2026,Points given by televoters,austria,norway,6
6087,vienna-2026,2026,Points given by televoters,bulgaria,norway,6
6088,vienna-2026,2026,Points given by televoters,cyprus,norway,3
6089,vienna-2026,2026,Points given by televoters,czech republic,norway,7
6090,vienna-2026,2026,Points given by televoters,denmark,norway,12
6091,vienna-2026,2026,Points given by televoters,latvia,norway,10
6092,vienna-2026,2026,Points given by televoters,malta,norway,6
6093,vienna-2026,2026,Points given by televoters,romania,norway,8
6094,vienna-2026,2026,Points given by televoters,switzerland,norway,5
6095,vienna-2026,2026,Points given by televoters,ukraine,norway,10
6096,vienna-2026,2026,Points given by televoters,united kingdom,norway,6
6097,vienna-2026,2026,Points given by the jury,albania,denmark,7
6098,vienna-2026,2026,Points given by the jury,armenia,denmark,10
6099,vienna-2026,2026,Points given by the jury,australia,denmark,8
6100,vienna-2026,2026,Points given by the jury,austria,denmark,8
6101,vienna-2026,2026,Points given by the jury,azerbaijan,denmark,2
6102,vienna-2026,2026,Points given by the jury,bulgaria,denmark,6
6103,vienna-2026,2026,Points given by the jury,cyprus,denmark,6
6104,vienna-2026,2026,Points given by the jury,czech republic,denmark,7
6105,vienna-2026,2026,Points given by the jury,france,denmark,8
6106,vienna-2026,2026,Points given by the jury,latvia,denmark,10
6107,vienna-2026,2026,Points given by the jury,luxembourg,denmark,8
6108,vienna-2026,2026,Points given by the jury,malta,denmark,6
6109,vienna-2026,2026,Points given by the jury,norway,denmark,12
6110,vienna-2026,2026,Points given by the jury,romania,denmark,7
6111,vienna-2026,2026,Points given by the jury,switzerland,denmark,5
6112,vienna-2026,2026,Points given by the jury,ukraine,denmark,4
6113,vienna-2026,2026,Points given by the jury,united kingdom,denmark,10
6114,vienna-2026,2026,Points given by televoters,albania,denmark,10
6115,vienna-2026,2026,Points given by televoters,armenia,denmark,3
6116,vienna-2026,2026,Points given by televoters,australia,denmark,12
6117,vienna-2026,2026,Points given by televoters,austria,denmark,1
6118,vienna-2026,2026,Points given by televoters,azerbaijan,denmark,3
6119,vienna-2026,2026,Points given by televoters,bulgaria,denmark,1
6120,vienna-2026,2026,Points given by televoters,czech republic,denmark,4
6121,vienna-2026,2026,Points given by televoters,latvia,denmark,5
6122,vienna-2026,2026,Points given by televoters,luxembourg,denmark,5
6123,vienna-2026,2026,Points given by televoters,malta,denmark,3
6124,vienna-2026,2026,Points given by televoters,norway,denmark,12
6125,vienna-2026,2026,Points given by televoters,romania,denmark,4
6126,vienna-2026,2026,Points given by televoters,switzerland,denmark,4
6127,vienna-2026,2026,Points given by televoters,ukraine,denmark,7
6128,vienna-2026,2026,Points given by the jury,albania,ukraine,1
6129,vienna-2026,2026,Points given by the jury,austria,ukraine,3
6130,vienna-2026,2026,Points given by the jury,azerbaijan,ukraine,8
6131,vienna-2026,2026,Points given by the jury,bulgaria,ukraine,5
6132,vienna-2026,2026,Points given by the jury,cyprus,ukraine,3
6133,vienna-2026,2026,Points given by the jury,czech republic,ukraine,3
6134,vienna-2026,2026,Points given by the jury,denmark,ukraine,2
6135,vienna-2026,2026,Points given by the jury,france,ukraine,10
6136,vienna-2026,2026,Points given by the jury,latvia,ukraine,7
6137,vienna-2026,2026,Points given by the jury,luxembourg,ukraine,4
6138,vienna-2026,2026,Points given by the jury,malta,ukraine,4
6139,vienna-2026,2026,Points given by the jury,norway,ukraine,3
6140,vienna-2026,2026,Points given by the jury,romania,ukraine,6
6141,vienna-2026,2026,Points given by the jury,switzerland,ukraine,10
6142,vienna-2026,2026,Points given by the jury,united kingdom,ukraine,6
6143,vienna-2026,2026,Points given by televoters,albania,ukraine,5
6144,vienna-2026,2026,Points given by televoters,austria,ukraine,5
6145,vienna-2026,2026,Points given by televoters,azerbaijan,ukraine,2
6146,vienna-2026,2026,Points given by televoters,bulgaria,ukraine,4
6147,vienna-2026,2026,Points given by televoters,cyprus,ukraine,7
6148,vienna-2026,2026,Points given by televoters,czech republic,ukraine,10
6149,vienna-2026,2026,Points given by televoters,denmark,ukraine,8
6150,vienna-2026,2026,Points given by televoters,france,ukraine,8
6151,vienna-2026,2026,Points given by televoters,latvia,ukraine,12
6152,vienna-2026,2026,Points given by televoters,luxembourg,ukraine,7
6153,vienna-2026,2026,Points given by televoters,malta,ukraine,2
6154,vienna-2026,2026,Points given by televoters,norway,ukraine,6
6155,vienna-2026,2026,Points given by televoters,romania,ukraine,5
6156,vienna-2026,2026,Points given by televoters,switzerland,ukraine,6
6157,vienna-2026,2026,Points given by televoters,united kingdom,ukraine,4
6158,vienna-2026,2026,Points given by the jury,armenia,albania,1
6159,vienna-2026,2026,Points given by the jury,austria,albania,1
6160,vienna-2026,2026,Points given by the jury,azerbaijan,albania,12
6161,vienna-2026,2026,Points given by the jury,bulgaria,albania,3
6162,vienna-2026,2026,Points given by the jury,cyprus,albania,12
6163,vienna-2026,2026,Points given by the jury,czech republic,albania,4
6164,vienna-2026,2026,Points given by the jury,luxembourg,albania,2
6165,vienna-2026,2026,Points given by the jury,malta,albania,5
6166,vienna-2026,2026,Points given by the jury,norway,albania,4
6167,vienna-2026,2026,Points given by the jury,switzerland,albania,1
6168,vienna-2026,2026,Points given by televoters,armenia,albania,8
6169,vienna-2026,2026,Points given by televoters,australia,albania,2
6170,vienna-2026,2026,Points given by televoters,austria,albania,3
6171,vienna-2026,2026,Points given by televoters,azerbaijan,albania,6
6172,vienna-2026,2026,Points given by televoters,bulgaria,albania,12
6173,vienna-2026,2026,Points given by televoters,cyprus,albania,5
6174,vienna-2026,2026,Points given by televoters,czech republic,albania,6
6175,vienna-2026,2026,Points given by televoters,denmark,albania,4
6176,vienna-2026,2026,Points given by televoters,france,albania,7
6177,vienna-2026,2026,Points given by televoters,latvia,albania,1
6178,vienna-2026,2026,Points given by televoters,luxembourg,albania,6
6179,vienna-2026,2026,Points given by televoters,malta,albania,7
6180,vienna-2026,2026,Points given by televoters,norway,albania,8
6181,vienna-2026,2026,Points given by televoters,romania,albania,12
6182,vienna-2026,2026,Points given by televoters,switzerland,albania,10
6183,vienna-2026,2026,Points given by televoters,ukraine,albania,6
6184,vienna-2026,2026,Points given by televoters,united kingdom,albania,3
6185,vienna-2026,2026,Points given by the jury,albania,malta,12
6186,vienna-2026,2026,Points given by the jury,armenia,malta,2
6187,vienna-2026,2026,Points given by the jury,australia,malta,1
6188,vienna-2026,2026,Points given by the jury,austria,malta,4
6189,vienna-2026,2026,Points given by the jury,azerbaijan,malta,7
6190,vienna-2026,2026,Points given by the jury,bulgaria,malta,12
6191,vienna-2026,2026,Points given by the jury,cyprus,malta,10
6192,vienna-2026,2026,Points given by the jury,czech republic,malta,2
6193,vienna-2026,2026,Points given by the jury,denmark,malta,6
6194,vienna-2026,2026,Points given by the jury,france,malta,5
6195,vienna-2026,2026,Points given by the jury,luxembourg,malta,6
6196,vienna-2026,2026,Points given by the jury,norway,malta,1
6197,vienna-2026,2026,Points given by the jury,romania,malta,1
6198,vienna-2026,2026,Points given by the jury,switzerland,malta,2
6199,vienna-2026,2026,Points given by the jury,ukraine,malta,12
6200,vienna-2026,2026,Points given by the jury,united kingdom,malta,1
6201,vienna-2026,2026,Points given by televoters,albania,malta,6
6202,vienna-2026,2026,Points given by televoters,armenia,malta,2
6203,vienna-2026,2026,Points given by televoters,australia,malta,6
6204,vienna-2026,2026,Points given by televoters,austria,malta,2
6205,vienna-2026,2026,Points given by televoters,azerbaijan,malta,5
6206,vienna-2026,2026,Points given by televoters,bulgaria,malta,7
6207,vienna-2026,2026,Points given by televoters,cyprus,malta,6
6208,vienna-2026,2026,Points given by televoters,czech republic,malta,2
6209,vienna-2026,2026,Points given by televoters,denmark,malta,1
6210,vienna-2026,2026,Points given by televoters,france,malta,5
6211,vienna-2026,2026,Points given by televoters,latvia,malta,3
6212,vienna-2026,2026,Points given by televoters,luxembourg,malta,4
6213,vienna-2026,2026,Points given by televoters,norway,malta,4
6214,vienna-2026,2026,Points given by televoters,romania,malta,2
6215,vienna-2026,2026,Points given by televoters,ukraine,malta,2
6216,vienna-2026,2026,Points given by televoters,united kingdom,malta,2
6217,vienna-2026,2026,Points given by the jury,albania,czech republic,10
6218,vienna-2026,2026,Points given by the jury,armenia,czech republic,6
6219,vienna-2026,2026,Points given by the jury,australia,czech republic,5
6220,vienna-2026,2026,Points given by the jury,austria,czech republic,5
6221,vienna-2026,2026,Points given by the jury,azerbaijan,czech republic,1
6222,vienna-2026,2026,Points given by the jury,cyprus,czech republic,5
6223,vienna-2026,2026,Points given by the jury,denmark,czech republic,8
6224,vienna-2026,2026,Points given by the jury,france,czech republic,2
6225,vienna-2026,2026,Points given by the jury,latvia,czech republic,12
6226,vienna-2026,2026,Points given by the jury,luxembourg,czech republic,3
6227,vienna-2026,2026,Points given by the jury,malta,czech republic,2
6228,vienna-2026,2026,Points given by the jury,norway,czech republic,7
6229,vienna-2026,2026,Points given by the jury,romania,czech republic,12
6230,vienna-2026,2026,Points given by the jury,switzerland,czech republic,12
6231,vienna-2026,2026,Points given by the jury,ukraine,czech republic,10
6232,vienna-2026,2026,Points given by the jury,united kingdom,czech republic,8
6233,vienna-2026,2026,Points given by televoters,armenia,czech republic,5
6234,vienna-2026,2026,Points given by televoters,australia,czech republic,3
6235,vienna-2026,2026,Points given by televoters,azerbaijan,czech republic,4
6236,vienna-2026,2026,Points given by televoters,denmark,czech republic,3
6237,vienna-2026,2026,Points given by televoters,luxembourg,czech republic,2
6238,vienna-2026,2026,Points given by televoters,norway,czech republic,2
6239,vienna-2026,2026,Points given by televoters,romania,czech republic,6
6240,vienna-2026,2026,Points given by televoters,ukraine,czech republic,5
6241,vienna-2026,2026,Points given by the jury,albania,cyprus,8
6242,vienna-2026,2026,Points given by the jury,armenia,cyprus,5
6243,vienna-2026,2026,Points given by the jury,australia,cyprus,4
6244,vienna-2026,2026,Points given by the jury,azerbaijan,cyprus,6
6245,vienna-2026,2026,Points given by the jury,bulgaria,cyprus,10
6246,vienna-2026,2026,Points given by the jury,denmark,cyprus,1
6247,vienna-2026,2026,Points given by the jury,malta,cyprus,8
6248,vienna-2026,2026,Points given by the jury,norway,cyprus,5
6249,vienna-2026,2026,Points given by televoters,albania,cyprus,4
6250,vienna-2026,2026,Points given by televoters,armenia,cyprus,12
6251,vienna-2026,2026,Points given by televoters,australia,cyprus,1
6252,vienna-2026,2026,Points given by televoters,azerbaijan,cyprus,12
6253,vienna-2026,2026,Points given by televoters,bulgaria,cyprus,10
6254,vienna-2026,2026,Points given by televoters,denmark,cyprus,2
6255,vienna-2026,2026,Points given by televoters,luxembourg,cyprus,8
6256,vienna-2026,2026,Points given by televoters,malta,cyprus,8
6257,vienna-2026,2026,Points given by televoters,romania,cyprus,3
6258,vienna-2026,2026,Points given by televoters,switzerland,cyprus,2
6259,vienna-2026,2026,Points given by televoters,united kingdom,cyprus,8
6260,vienna-2026,2026,Points given by the jury,armenia,switzerland,3
6261,vienna-2026,2026,Points given by the jury,australia,switzerland,3
6262,vienna-2026,2026,Points given by the jury,austria,switzerland,7
6263,vienna-2026,2026,Points given by the jury,bulgaria,switzerland,1
6264,vienna-2026,2026,Points given by the jury,cyprus,switzerland,2
6265,vienna-2026,2026,Points given by the jury,czech republic,switzerland,8
6266,vienna-2026,2026,Points given by the jury,france,switzerland,4
6267,vienna-2026,2026,Points given by the jury,latvia,switzerland,2
6268,vienna-2026,2026,Points given by the jury,luxembourg,switzerland,1
6269,vienna-2026,2026,Points given by the jury,malta,switzerland,1
6270,vienna-2026,2026,Points given by the jury,romania,switzerland,8
6271,vienna-2026,2026,Points given by the jury,ukraine,switzerland,8
6272,vienna-2026,2026,Points given by televoters,albania,switzerland,2
6273,vienna-2026,2026,Points given by televoters,armenia,switzerland,7
6274,vienna-2026,2026,Points given by televoters,australia,switzerland,5
6275,vienna-2026,2026,Points given by televoters,austria,switzerland,4
6276,vienna-2026,2026,Points given by televoters,azerbaijan,switzerland,8
6277,vienna-2026,2026,Points given by televoters,cyprus,switzerland,2
6278,vienna-2026,2026,Points given by televoters,czech republic,switzerland,5
6279,vienna-2026,2026,Points given by televoters,france,switzerland,1
6280,vienna-2026,2026,Points given by televoters,latvia,switzerland,7
6281,vienna-2026,2026,Points given by televoters,norway,switzerland,1
6282,vienna-2026,2026,Points given by televoters,romania,switzerland,7
6283,vienna-2026,2026,Points given by televoters,ukraine,switzerland,8
6284,vienna-2026,2026,Points given by the jury,australia,luxembourg,2
6285,vienna-2026,2026,Points given by the jury,denmark,luxembourg,7
6286,vienna-2026,2026,Points given by the jury,latvia,luxembourg,8
6287,vienna-2026,2026,Points given by the jury,romania,luxembourg,2
6288,vienna-2026,2026,Points given by the jury,ukraine,luxembourg,7
6289,vienna-2026,2026,Points given by televoters,austria,luxembourg,7
6290,vienna-2026,2026,Points given by televoters,bulgaria,luxembourg,2
6291,vienna-2026,2026,Points given by televoters,cyprus,luxembourg,1
6292,vienna-2026,2026,Points given by televoters,czech republic,luxembourg,1
6293,vienna-2026,2026,Points given by televoters,denmark,luxembourg,6
6294,vienna-2026,2026,Points given by televoters,france,luxembourg,2
6295,vienna-2026,2026,Points given by televoters,latvia,luxembourg,4
6296,vienna-2026,2026,Points given by televoters,malta,luxembourg,4
6297,vienna-2026,2026,Points given by televoters,switzerland,luxembourg,3
6298,vienna-2026,2026,Points given by televoters,ukraine,luxembourg,3
6299,vienna-2026,2026,Points given by televoters,united kingdom,luxembourg,1
6300,vienna-2026,2026,Points given by the jury,azerbaijan,latvia,3
6301,vienna-2026,2026,Points given by the jury,czech republic,latvia,5
6302,vienna-2026,2026,Points given by the jury,denmark,latvia,4
6303,vienna-2026,2026,Points given by the jury,romania,latvia,4
6304,vienna-2026,2026,Points given by the jury,switzerland,latvia,6
6305,vienna-2026,2026,Points given by the jury,ukraine,latvia,3
6306,vienna-2026,2026,Points given by the jury,united kingdom,latvia,3
6307,vienna-2026,2026,Points given by televoters,albania,latvia,1
6308,vienna-2026,2026,Points given by televoters,armenia,latvia,1
6309,vienna-2026,2026,Points given by televoters,azerbaijan,latvia,1
6310,vienna-2026,2026,Points given by televoters,france,latvia,3
6311,vienna-2026,2026,Points given by televoters,luxembourg,latvia,3
6312,vienna-2026,2026,Points given by televoters,malta,latvia,1
6313,vienna-2026,2026,Points given by televoters,norway,latvia,3
6314,vienna-2026,2026,Points given by televoters,switzerland,latvia,1
6315,vienna-2026,2026,Points given by televoters,united kingdom,latvia,5
6316,vienna-2026,2026,Points given by the jury,albania,armenia,4
6317,vienna-2026,2026,Points given by the jury,australia,armenia,12
6318,vienna-2026,2026,Points given by the jury,bulgaria,armenia,4
6319,vienna-2026,2026,Points given by the jury,denmark,armenia,3
6320,vienna-2026,2026,Points given by the jury,france,armenia,1
6321,vienna-2026,2026,Points given by the jury,latvia,armenia,1
6322,vienna-2026,2026,Points given by the jury,norway,armenia,2
6323,vienna-2026,2026,Points given by the jury,ukraine,armenia,1
6324,vienna-2026,2026,Points given by the jury,united kingdom,armenia,2
6325,vienna-2026,2026,Points given by televoters,australia,armenia,4
6326,vienna-2026,2026,Points given by televoters,bulgaria,armenia,5
6327,vienna-2026,2026,Points given by televoters,cyprus,armenia,4
6328,vienna-2026,2026,Points given by televoters,france,armenia,6
6329,vienna-2026,2026,Points given by the jury,bulgaria,azerbaijan,2
