Year,From,To,jury_points,televote_points,points,from_bloc,to_bloc,same_bloc,same_bloc_holdout,has_holdout,theme_similarity,tfidf_similarity,shared_language,shared_non_english,theme_similarity_z,tfidf_similarity_z,to_year
2016,Armenia,Australia,5.0,0.0,5.0,3,8.0,0.0,0.0,False,0.9999569731974741,0.2839979749289011,1.0,0.0,0.8525174513377773,1.469227754556619,Australia_2016
2016,Armenia,Austria,0.0,4.0,4.0,3,7.0,0.0,0.0,True,-0.7995870694354934,0.0036950165986186115,0.0,0.0,-1.3879656672618739,-1.3312316992385904,Austria_2016
2016,Armenia,Azerbaijan,0.0,0.0,0.0,3,2.0,0.0,1.0,True,0.9999879749259529,0.19147712330623481,1.0,0.0,0.8525560493646434,0.5448675724761299,Azerbaijan_2016
2016,Armenia,Belgium,4.0,0.0,4.0,3,7.0,0.0,0.0,True,0.9999569731974741,0.2525771020840881,1.0,0.0,0.8525174513377773,1.1553071276431093,Belgium_2016
2016,Armenia,Bulgaria,7.0,0.0,7.0,3,3.0,1.0,0.0,False,0.9999879749259529,0.27855751065028,1.0,0.0,0.8525560493646434,1.4148729960023152,Bulgaria_2016
2016,Armenia,Croatia,0.0,0.0,0.0,3,6.0,0.0,0.0,True,0.9999394352389174,0.1626851047063648,1.0,0.0,0.8524956160844297,0.25721138375033814,Croatia_2016
2016,Armenia,Cyprus,6.0,6.0,12.0,3,3.0,1.0,0.0,True,0.9999115319140994,0.2421009236454379,1.0,0.0,0.8524608756575626,1.0506414005208349,Cyprus_2016
2016,Armenia,Czech Republic,1.0,0.0,1.0,3,2.0,0.0,0.0,False,0.9999879749259529,0.25740143498151435,1.0,0.0,0.8525560493646434,1.20350622176374,Czech Republic_2016
2016,Armenia,France,12.0,7.0,19.0,3,7.0,0.0,0.0,True,-0.7894364339782302,0.12571386189147582,1.0,0.0,-1.3753278396531747,-0.11216205089431688,France_2016
2016,Armenia,Georgia,10.0,8.0,18.0,3,4.0,0.0,1.0,True,0.9999879749259529,0.2072105912084288,1.0,0.0,0.8525560493646434,0.7020579895525184,Georgia_2016
2016,Armenia,Germany,0.0,0.0,0.0,3,7.0,0.0,0.0,True,0.9999783312803154,0.2924468622750526,1.0,0.0,0.8525440427536684,1.5536391592150784,Germany_2016
2016,Armenia,Hungary,0.0,3.0,3.0,3,5.0,0.0,0.0,True,0.9999569731974741,0.18023989261689352,1.0,0.0,0.8525174513377773,0.43259830102105346,Hungary_2016
2016,Armenia,Israel,0.0,0.0,0.0,3,2.0,0.0,0.0,True,0.9999879749259529,0.1749055949347517,1.0,0.0,0.8525560493646434,0.37930423497801913,Israel_2016
2016,Armenia,Italy,0.0,0.0,0.0,3,1.0,0.0,0.0,True,-0.6707800894246454,0.16780731012964906,1.0,0.0,-1.2275973420444133,0.308386471902691,Italy_2016
2016,Armenia,Latvia,0.0,0.0,0.0,3,9.0,0.0,0.0,True,1.0000000000000002,0.19058879528566755,1.0,0.0,0.852571020921196,0.5359924374504857,Latvia_2016
2016,Armenia,Lithuania,0.0,0.0,0.0,3,9.0,0.0,0.0,True,0.9999870263306387,0.216261882586525,1.0,0.0,0.8525548683367067,0.7924879110197659,Lithuania_2016
2016,Armenia,Malta,8.0,5.0,13.0,3,3.0,1.0,0.0,True,0.9999740903895503,0.2209298318325341,1.0,0.0,0.8525387627249821,0.8391246025256011,Malta_2016
2016,Armenia,Netherlands,0.0,0.0,0.0,3,7.0,0.0,0.0,False,0.9999879749259529,0.18121259012857194,1.0,0.0,0.8525560493646434,0.4423163573644089,Netherlands_2016
2016,Armenia,Poland,0.0,1.0,1.0,3,9.0,0.0,0.0,True,0.9999569731974741,0.2911852116544533,1.0,0.0,0.8525174513377773,1.5410342212262302,Poland_2016
2016,Armenia,Russia,2.0,12.0,14.0,3,4.0,0.0,1.0,True,0.9999394352389174,0.2219693931590114,1.0,0.0,0.8524956160844297,0.8495106839350699,Russia_2016
2016,Armenia,Serbia,0.0,0.0,0.0,3,6.0,0.0,0.0,True,0.9999569731974741,0.18969567122525738,1.0,0.0,0.8525174513377773,0.5270693860018438,Serbia_2016
2016,Armenia,Spain,3.0,0.0,3.0,3,5.0,0.0,0.0,True,0.9999394352389174,0.23279110226917923,1.0,0.0,0.8524956160844297,0.9576285495627378,Spain_2016
2016,Armenia,Sweden,0.0,2.0,2.0,3,8.0,0.0,0.0,True,0.9999878924342012,0.21345925537204852,1.0,0.0,0.8525559466600845,0.7644873364807119,Sweden_2016
2016,Armenia,Ukraine,0.0,10.0,10.0,3,9.0,0.0,1.0,True,0.9999569731974741,0.2158818316384784,1.0,0.0,0.8525174513377773,0.7886908862693998,Ukraine_2016
2016,Armenia,United Kingdom,0.0,0.0,0.0,3,8.0,0.0,0.0,True,0.9999879749259529,0.2265003342031914,1.0,0.0,0.8525560493646434,0.894778549666303,United Kingdom_2016
2016,Australia,Armenia,0.0,0.0,0.0,8,3.0,0.0,0.0,False,0.9999569731974741,0.2839979749289011,1.0,0.0,0.8525174513377773,1.469227754556619,Armenia_2016
2016,Australia,Austria,0.0,3.0,3.0,8,7.0,0.0,0.0,False,-0.7995379327009485,0.0060232687179047895,0.0,0.0,-1.387904490640662,-1.3079705260525731,Austria_2016
2016,Australia,Azerbaijan,0.0,0.0,0.0,8,2.0,0.0,0.0,False,0.9999450542907872,0.17193971876160358,1.0,0.0,0.8525026119625847,0.34967266770040306,Azerbaijan_2016
2016,Australia,Belgium,12.0,12.0,24.0,8,7.0,0.0,0.0,False,0.9999999999999997,0.16784972290296635,1.0,0.0,0.8525710209211951,0.3088102107483514,Belgium_2016
2016,Australia,Bulgaria,8.0,10.0,18.0,8,3.0,0.0,0.0,False,0.9999450542907872,0.15010804819747642,1.0,0.0,0.8525026119625847,0.13155613911417088,Bulgaria_2016
2016,Australia,Croatia,1.0,0.0,1.0,8,6.0,0.0,0.0,False,0.9999629449531463,0.20085937590704503,1.0,0.0,0.8525248863421201,0.6386040715496578,Croatia_2016
2016,Australia,Cyprus,0.0,0.0,0.0,8,3.0,0.0,0.0,False,0.9998682667026022,0.23072260186453483,1.0,0.0,0.8524070092482469,0.9369625118303068,Cyprus_2016
2016,Australia,Czech Republic,0.0,0.0,0.0,8,2.0,0.0,0.0,False,0.9999450542907872,0.2531265381021505,1.0,0.0,0.8525026119625847,1.1607964499827808,Czech Republic_2016
2016,Australia,France,6.0,7.0,13.0,8,7.0,0.0,0.0,False,-0.7893967836758673,0.13743735146301334,1.0,0.0,-1.3752784739077486,0.0049653508200690815,France_2016
2016,Australia,Georgia,0.0,0.0,0.0,8,4.0,0.0,0.0,False,0.9999450542907872,0.227101576123756,1.0,0.0,0.8525026119625847,0.9007854560168208,Georgia_2016
2016,Australia,Germany,0.0,0.0,0.0,8,7.0,0.0,0.0,False,0.9999350718142186,0.20269708860356903,1.0,0.0,0.8524901834975382,0.6569643483194665,Germany_2016
2016,Australia,Hungary,0.0,0.0,0.0,8,5.0,0.0,0.0,False,0.9999999999999997,0.14358908342804969,1.0,0.0,0.8525710209211951,0.06642626454471398,Hungary_2016
2016,Australia,Israel,10.0,0.0,10.0,8,2.0,0.0,0.0,False,0.9999450542907872,0.16561076936510036,1.0,0.0,0.8525026119625847,0.28644120458774947,Israel_2016
2016,Australia,Italy,0.0,0.0,0.0,8,1.0,0.0,0.0,False,-0.672050757540032,0.13337100212822126,1.0,0.0,-1.2291793597080105,-0.03566085771118094,Italy_2016
2016,Australia,Latvia,0.0,0.0,0.0,8,9.0,0.0,0.0,False,0.9999569731974741,0.2052457981534942,1.0,0.0,0.8525174513377773,0.6824280744127739,Latvia_2016
2016,Australia,Lithuania,7.0,1.0,8.0,8,9.0,0.0,0.0,False,0.9999833986871589,0.20775273516202203,1.0,0.0,0.8525503518181974,0.7074744581092616,Lithuania_2016
2016,Australia,Malta,0.0,6.0,6.0,8,3.0,0.0,0.0,False,0.9999705520635489,0.202496651766942,1.0,0.0,0.8525343574092542,0.6549618177812068,Malta_2016
2016,Australia,Netherlands,3.0,0.0,3.0,8,7.0,0.0,0.0,False,0.9999450542907872,0.14278932462430577,1.0,0.0,0.8525026119625847,0.05843600958614321,Netherlands_2016
2016,Australia,Poland,0.0,0.0,0.0,8,9.0,0.0,0.0,False,0.9999999999999997,0.17000645895979477,1.0,0.0,0.8525710209211951,0.3303577959599544,Poland_2016
2016,Australia,Russia,0.0,5.0,5.0,8,4.0,0.0,0.0,False,0.9999629449531463,0.23938850212067284,1.0,0.0,0.8525248863421201,1.0235420557727304,Russia_2016
2016,Australia,Serbia,0.0,0.0,0.0,8,6.0,0.0,0.0,False,0.9999999999999997,0.1903416938122977,1.0,0.0,0.8525710209211951,0.5335236884181266,Serbia_2016
2016,Australia,Spain,5.0,2.0,7.0,8,5.0,0.0,0.0,False,0.9999629449531463,0.19729557006691653,1.0,0.0,0.8525248863421201,0.6029986900869385,Spain_2016
2016,Australia,Sweden,0.0,0.0,0.0,8,8.0,1.0,0.0,False,0.9999563434974452,0.24015305889572383,1.0,0.0,0.8525166673434705,1.031180613215752,Sweden_2016
2016,Australia,Ukraine,2.0,8.0,10.0,8,9.0,0.0,0.0,False,0.9999999999999997,0.1734171334131038,1.0,0.0,0.8525710209211951,0.3644332676334733,Ukraine_2016
2016,Australia,United Kingdom,4.0,4.0,8.0,8,8.0,1.0,0.0,False,0.9999450542907872,0.21433714954879726,1.0,0.0,0.8525026119625847,0.7732582287372642,United Kingdom_2016
2016,Austria,Armenia,2.0,0.0,2.0,7,3.0,0.0,0.0,True,-0.7995870694354934,0.0036950165986186115,0.0,0.0,-1.3879656672618739,-1.3312316992385904,Armenia_2016
2016,Austria,Australia,12.0,3.0,15.0,7,8.0,0.0,0.0,False,-0.7995379327009485,0.0060232687179047895,0.0,0.0,-1.387904490640662,-1.3079705260525731,Australia_2016
2016,Austria,Azerbaijan,0.0,0.0,0.0,7,2.0,0.0,0.0,True,-0.7998278265416107,0.027824404891188734,0.0,0.0,-1.3882654166534751,-1.0901590614014922,Azerbaijan_2016
2016,Austria,Belgium,5.0,0.0,5.0,7,7.0,1.0,0.0,True,-0.7995379327009485,0.005134810861541526,0.0,0.0,-1.387904490640662,-1.3168469582456983,Belgium_2016
2016,Austria,Bulgaria,0.0,5.0,5.0,7,3.0,0.0,0.0,False,-0.7998278265416107,0.016146450617054664,0.0,0.0,-1.3882654166534751,-1.2068315276601325,Bulgaria_2016
2016,Austria,Croatia,6.0,0.0,6.0,7,6.0,0.0,1.0,True,-0.799918487671188,0.01503362193973791,0.0,0.0,-1.3883782923183763,-1.2179496107813745,Croatia_2016
2016,Austria,Cyprus,0.0,0.0,0.0,7,3.0,0.0,0.0,True,-0.7981342782628503,0.04327777118616913,0.0,0.0,-1.3861569012522381,-0.9357670921139433,Cyprus_2016
2016,Austria,Czech Republic,4.0,0.0,4.0,7,2.0,0.0,0.0,False,-0.7998278265416107,0.00444278187587959,0.0,0.0,-1.3882654166534751,-1.3237609028103279,Czech Republic_2016
2016,Austria,France,7.0,1.0,8.0,7,7.0,1.0,1.0,True,0.6241685726308235,0.5576306593581599,1.0,1.0,0.38465028738480994,4.203045629836932,France_2016
2016,Austria,Georgia,0.0,0.0,0.0,7,4.0,0.0,0.0,True,-0.7998278265416107,0.0627473744310779,0.0,0.0,-1.3882654166534751,-0.7412495786576603,Georgia_2016
2016,Austria,Germany,0.0,2.0,2.0,7,7.0,1.0,1.0,True,-0.7996960603143652,0.018497860314183538,0.0,0.0,-1.3881013639819366,-1.1833389910301368,Germany_2016
2016,Austria,Hungary,0.0,0.0,0.0,7,5.0,0.0,0.0,True,-0.7995379327009485,0.004856492984359923,0.0,0.0,-1.387904490640662,-1.3196275850894403,Hungary_2016
2016,Austria,Israel,0.0,0.0,0.0,7,2.0,0.0,0.0,True,-0.7998278265416107,0.010032007740976723,0.0,0.0,-1.3882654166534751,-1.2679198924030648,Israel_2016
2016,Austria,Italy,0.0,0.0,0.0,7,1.0,0.0,0.0,True,0.4164088544259806,0.27674288903828376,0.0,0.0,0.1259835749647515,1.39674341835302,Italy_2016
2016,Austria,Latvia,0.0,0.0,0.0,7,9.0,0.0,0.0,True,-0.7995870694354934,0.006224397836913614,0.0,0.0,-1.3879656672618739,-1.3059610790381109,Latvia_2016
2016,Austria,Lithuania,1.0,0.0,1.0,7,9.0,0.0,0.0,True,-0.7995338423240154,0.008285585841753589,0.0,0.0,-1.3878993980059442,-1.2853680982555038,Lithuania_2016
2016,Austria,Malta,10.0,0.0,10.0,7,3.0,0.0,0.0,True,-0.7995934865520659,0.04219667974262029,0.0,0.0,-1.3879736567531065,-0.9465680938997899,Malta_2016
2016,Austria,Netherlands,0.0,6.0,6.0,7,7.0,1.0,0.0,False,-0.7998278265416107,0.04086488312322817,0.0,0.0,-1.3882654166534751,-0.9598738486999747,Netherlands_2016
2016,Austria,Poland,0.0,12.0,12.0,7,9.0,0.0,0.0,True,-0.7995379327009485,0.016023642298768577,0.0,0.0,-1.387904490640662,-1.208058484799642,Poland_2016
2016,Austria,Russia,3.0,8.0,11.0,7,4.0,0.0,0.0,True,-0.799918487671188,0.019049694206145752,0.0,0.0,-1.3883782923183763,-1.1778257119378441,Russia_2016
2016,Austria,Serbia,0.0,4.0,4.0,7,6.0,0.0,0.0,True,-0.7995379327009485,0.019307855891419437,0.0,0.0,-1.387904490640662,-1.1752464621987795,Serbia_2016
2016,Austria,Spain,0.0,0.0,0.0,7,5.0,0.0,0.0,True,-0.799918487671188,0.025245387997710537,0.0,0.0,-1.3883782923183763,-1.1159255830388712,Spain_2016
2016,Austria,Sweden,8.0,7.0,15.0,7,8.0,0.0,0.0,True,-0.7998230814581755,0.02101404120794285,0.0,0.0,-1.3882595088906857,-1.158200253239563,Sweden_2016
2016,Austria,Ukraine,0.0,10.0,10.0,7,9.0,0.0,0.0,True,-0.7995379327009485,0.008029049358733498,0.0,0.0,-1.387904490640662,-1.2879311108736955,Ukraine_2016
2016,Austria,United Kingdom,0.0,0.0,0.0,7,8.0,0.0,0.0,True,-0.7998278265416107,0.01174143902246621,0.0,0.0,-1.3882654166534751,-1.2508412535568072,United Kingdom_2016
2016,Azerbaijan,Armenia,0.0,0.0,0.0,2,3.0,0.0,1.0,True,0.9999879749259529,0.19147712330623481,1.0,0.0,0.8525560493646434,0.5448675724761299,Armenia_2016
2016,Azerbaijan,Australia,7.0,2.0,9.0,2,8.0,0.0,0.0,False,0.9999450542907872,0.17193971876160358,1.0,0.0,0.8525026119625847,0.34967266770040306,Australia_2016
2016,Azerbaijan,Austria,0.0,0.0,0.0,2,7.0,0.0,0.0,True,-0.7998278265416107,0.027824404891188734,0.0,0.0,-1.3882654166534751,-1.0901590614014922,Austria_2016
2016,Azerbaijan,Belgium,0.0,0.0,0.0,2,7.0,0.0,0.0,True,0.9999450542907872,0.1847738676073817,1.0,0.0,0.8525026119625847,0.4778964783967717,Belgium_2016
2016,Azerbaijan,Bulgaria,8.0,8.0,16.0,2,3.0,0.0,0.0,False,0.9999999999999997,0.15378939871949207,1.0,0.0,0.8525710209211951,0.16833588961528745,Bulgaria_2016
2016,Azerbaijan,Croatia,0.0,0.0,0.0,2,6.0,0.0,0.0,True,0.9999486317348045,0.13272677695127902,1.0,0.0,0.8525070659813466,-0.04209720250713906,Croatia_2016
2016,Azerbaijan,Cyprus,0.0,0.0,0.0,2,3.0,0.0,0.0,True,0.9998997375407082,0.3054455493184965,1.0,0.0,0.8524461913298376,1.683506843218772,Cyprus_2016
2016,Azerbaijan,Czech Republic,0.0,0.0,0.0,2,2.0,1.0,0.0,False,0.9999999999999997,0.17930823703204565,1.0,0.0,0.8525710209211951,0.4232902876279374,Czech Republic_2016
2016,Azerbaijan,France,0.0,4.0,4.0,2,7.0,0.0,0.0,True,-0.7900538562744406,0.10889569706703554,1.0,0.0,-1.3760965478364333,-0.2801894914844847,France_2016
2016,Azerbaijan,Georgia,0.0,1.0,1.0,2,4.0,0.0,1.0,True,0.9999999999999997,0.15037465998767502,1.0,0.0,0.8525710209211951,0.1342198124225174,Georgia_2016
2016,Azerbaijan,Germany,0.0,0.0,0.0,2,7.0,0.0,0.0,True,0.9999666283227705,0.17721322305145268,1.0,0.0,0.8525294722412518,0.40235935724199545,Germany_2016
2016,Azerbaijan,Hungary,4.0,7.0,11.0,2,5.0,0.0,0.0,True,0.9999450542907872,0.1499558608114791,1.0,0.0,0.8525026119625847,0.13003566067754171,Hungary_2016
2016,Azerbaijan,Israel,3.0,6.0,9.0,2,2.0,1.0,0.0,True,0.9999999999999997,0.1590698705311757,1.0,0.0,0.8525710209211951,0.2210921904892298,Israel_2016
2016,Azerbaijan,Italy,0.0,0.0,0.0,2,1.0,0.0,0.0,True,-0.6700349269503646,0.108863732128296,1.0,0.0,-1.2266695937344596,-0.2805088477817438,Italy_2016
2016,Azerbaijan,Latvia,0.0,0.0,0.0,2,9.0,0.0,0.0,True,0.9999879749259529,0.10940729420998091,1.0,0.0,0.8525560493646434,-0.2750782109470606,Latvia_2016
2016,Azerbaijan,Lithuania,5.0,0.0,5.0,2,9.0,0.0,0.0,True,0.999975086342286,0.22625570711110124,1.0,0.0,0.8525400027142452,0.8923345217588589,Lithuania_2016
2016,Azerbaijan,Malta,6.0,5.0,11.0,2,3.0,0.0,0.0,True,0.9999812833867429,0.21571424159273686,1.0,0.0,0.8525477182094827,0.7870165224640564,Malta_2016
2016,Azerbaijan,Netherlands,0.0,0.0,0.0,2,7.0,0.0,0.0,False,0.9999999999999997,0.16712035631765526,1.0,0.0,0.8525710209211951,0.3015232325399017,Netherlands_2016
2016,Azerbaijan,Poland,2.0,3.0,5.0,2,9.0,0.0,0.0,True,0.9999450542907872,0.16446456691515357,1.0,0.0,0.8525026119625847,0.2749896897481006,Poland_2016
2016,Azerbaijan,Russia,12.0,12.0,24.0,2,4.0,0.0,1.0,True,0.9999486317348045,0.23177174237879472,1.0,0.0,0.8525070659813466,0.947444297284946,Russia_2016
2016,Azerbaijan,Serbia,0.0,0.0,0.0,2,6.0,0.0,0.0,True,0.9999450542907872,0.27792729320275295,1.0,0.0,0.8525026119625847,1.4085766000620545,Serbia_2016
2016,Azerbaijan,Spain,1.0,0.0,1.0,2,5.0,0.0,0.0,True,0.9999486317348045,0.22338195187093618,1.0,0.0,0.8525070659813466,0.8636233191438264,Spain_2016
2016,Azerbaijan,Sweden,0.0,0.0,0.0,2,8.0,0.0,0.0,True,0.9999960598452231,0.2170590055817356,1.0,0.0,0.852566115317302,0.8004518320610299,Sweden_2016
2016,Azerbaijan,Ukraine,10.0,10.0,20.0,2,9.0,0.0,1.0,True,0.9999450542907872,0.14604739998982574,1.0,0.0,0.8525026119625847,0.09098688958005575,Ukraine_2016
2016,Azerbaijan,United Kingdom,0.0,0.0,0.0,2,8.0,0.0,0.0,True,0.9999999999999997,0.13107071683634677,1.0,0.0,0.8525710209211951,-0.058642619054082974,United Kingdom_2016
2016,Belgium,Armenia,0.0,7.0,7.0,7,3.0,0.0,0.0,True,0.9999569731974741,0.2525771020840881,1.0,0.0,0.8525174513377773,1.1553071276431093,Armenia_2016
2016,Belgium,Australia,12.0,4.0,16.0,7,8.0,0.0,0.0,False,0.9999999999999997,0.16784972290296635,1.0,0.0,0.8525710209211951,0.3088102107483514,Australia_2016
2016,Belgium,Austria,5.0,3.0,8.0,7,7.0,1.0,0.0,True,-0.7995379327009485,0.005134810861541526,0.0,0.0,-1.387904490640662,-1.3168469582456983,Austria_2016
2016,Belgium,Azerbaijan,0.0,0.0,0.0,7,2.0,0.0,0.0,True,0.9999450542907872,0.1847738676073817,1.0,0.0,0.8525026119625847,0.4778964783967717,Azerbaijan_2016
2016,Belgium,Bulgaria,6.0,5.0,11.0,7,3.0,0.0,0.0,False,0.9999450542907872,0.2587359269662228,1.0,0.0,0.8525026119625847,1.2168389055029785,Bulgaria_2016
2016,Belgium,Croatia,0.0,0.0,0.0,7,6.0,0.0,0.0,True,0.9999629449531463,0.21150794262219438,1.0,0.0,0.8525248863421201,0.7449921007893311,Croatia_2016
2016,Belgium,Cyprus,0.0,0.0,0.0,7,3.0,0.0,0.0,True,0.9998682667026022,0.25717099282806777,1.0,0.0,0.8524070092482469,1.201203913179426,Cyprus_2016
2016,Belgium,Czech Republic,1.0,0.0,1.0,7,2.0,0.0,0.0,False,0.9999450542907872,0.25229807849978975,1.0,0.0,0.8525026119625847,1.152519450198908,Czech Republic_2016
2016,Belgium,France,8.0,8.0,16.0,7,7.0,1.0,0.0,True,-0.7893967836758673,0.0768549045169564,1.0,0.0,-1.3752784739077486,-0.600303631336809,France_2016
2016,Belgium,Georgia,7.0,0.0,7.0,7,4.0,0.0,0.0,True,0.9999450542907872,0.2699767679591519,1.0,0.0,0.8525026119625847,1.3291442468906516,Georgia_2016
2016,Belgium,Germany,0.0,0.0,0.0,7,7.0,1.0,0.0,True,0.9999350718142186,0.3000424788171053,1.0,0.0,0.8524901834975382,1.6295256795689972,Germany_2016
2016,Belgium,Hungary,0.0,0.0,0.0,7,5.0,0.0,0.0,True,0.9999999999999997,0.20819501155782752,1.0,0.0,0.8525710209211951,0.7118931667850528,Hungary_2016
2016,Belgium,Israel,2.0,0.0,2.0,7,2.0,0.0,0.0,True,0.9999450542907872,0.13063804866628212,1.0,0.0,0.8525026119625847,-0.06296533357137364,Israel_2016
2016,Belgium,Italy,10.0,0.0,10.0,7,1.0,0.0,0.0,True,-0.672050757540032,0.13877953625466843,1.0,0.0,-1.2291793597080105,0.018374892092558038,Italy_2016
2016,Belgium,Latvia,0.0,0.0,0.0,7,9.0,0.0,0.0,True,0.9999569731974741,0.1958963291639811,1.0,0.0,0.8525174513377773,0.5890191108555795,Latvia_2016
2016,Belgium,Lithuania,0.0,0.0,0.0,7,9.0,0.0,0.0,True,0.9999833986871589,0.1724686185166616,1.0,0.0,0.8525503518181974,0.35495681570934745,Lithuania_2016
2016,Belgium,Malta,0.0,0.0,0.0,7,3.0,0.0,0.0,True,0.9999705520635489,0.1478353333929637,1.0,0.0,0.8525343574092542,0.1088498298479716,Malta_2016
2016,Belgium,Netherlands,4.0,10.0,14.0,7,7.0,1.0,0.0,False,0.9999450542907872,0.16627142903206746,1.0,0.0,0.8525026119625847,0.2930417435942596,Netherlands_2016
2016,Belgium,Poland,0.0,12.0,12.0,7,9.0,0.0,1.0,True,0.9999999999999997,0.3007381278579761,1.0,0.0,0.8525710209211951,1.6364757914930204,Poland_2016
2016,Belgium,Russia,0.0,6.0,6.0,7,4.0,0.0,0.0,True,0.9999629449531463,0.21109060932929538,1.0,0.0,0.8525248863421201,0.7408225944364749,Russia_2016
2016,Belgium,Serbia,0.0,0.0,0.0,7,6.0,0.0,0.0,True,0.9999999999999997,0.20524294990869696,1.0,0.0,0.8525710209211951,0.68239961808068,Serbia_2016
2016,Belgium,Spain,0.0,0.0,0.0,7,5.0,0.0,0.0,True,0.9999629449531463,0.20884380574346795,1.0,0.0,0.8525248863421201,0.7183751597742356,Spain_2016
2016,Belgium,Sweden,0.0,1.0,1.0,7,8.0,0.0,0.0,True,0.9999563434974452,0.1356440600012766,1.0,0.0,0.8525166673434705,-0.0129511209051896,Sweden_2016
2016,Belgium,Ukraine,3.0,2.0,5.0,7,9.0,0.0,0.0,True,0.9999999999999997,0.21615438927844885,1.0,0.0,0.8525710209211951,0.7914139635572961,Ukraine_2016
2016,Belgium,United Kingdom,0.0,0.0,0.0,7,8.0,0.0,0.0,True,0.9999450542907872,0.24595572908312194,1.0,0.0,0.8525026119625847,1.089154109750908,United Kingdom_2016
2016,Bulgaria,Armenia,12.0,8.0,20.0,3,3.0,1.0,0.0,False,0.9999879749259529,0.27855751065028,1.0,0.0,0.8525560493646434,1.4148729960023152,Armenia_2016
2016,Bulgaria,Australia,8.0,5.0,13.0,3,8.0,0.0,0.0,False,0.9999450542907872,0.15010804819747642,1.0,0.0,0.8525026119625847,0.13155613911417088,Australia_2016
2016,Bulgaria,Austria,0.0,4.0,4.0,3,7.0,0.0,0.0,False,-0.7998278265416107,0.016146450617054664,0.0,0.0,-1.3882654166534751,-1.2068315276601325,Austria_2016
2016,Bulgaria,Azerbaijan,0.0,1.0,1.0,3,2.0,0.0,0.0,False,0.9999999999999997,0.15378939871949207,1.0,0.0,0.8525710209211951,0.16833588961528745,Azerbaijan_2016
2016,Bulgaria,Belgium,10.0,0.0,10.0,3,7.0,0.0,0.0,False,0.9999450542907872,0.2587359269662228,1.0,0.0,0.8525026119625847,1.2168389055029785,Belgium_2016
2016,Bulgaria,Croatia,0.0,0.0,0.0,3,6.0,0.0,0.0,False,0.9999486317348045,0.1413031334691349,1.0,0.0,0.8525070659813466,0.043587725089120635,Croatia_2016
2016,Bulgaria,Cyprus,0.0,7.0,7.0,3,3.0,1.0,0.0,False,0.9998997375407082,0.18690825730861388,1.0,0.0,0.8524461913298376,0.4992208049486724,Cyprus_2016
2016,Bulgaria,Czech Republic,0.0,0.0,0.0,3,2.0,0.0,0.0,False,0.9999999999999997,0.12698893637913689,1.0,0.0,0.8525710209211951,-0.09942299731980545,Czech Republic_2016
2016,Bulgaria,France,0.0,0.0,0.0,3,7.0,0.0,0.0,False,-0.7900538562744406,0.11204402944092301,1.0,0.0,-1.3760965478364333,-0.24873503516100268,France_2016
2016,Bulgaria,Georgia,3.0,0.0,3.0,3,4.0,0.0,0.0,False,0.9999999999999997,0.19419699471988316,1.0,0.0,0.8525710209211951,0.5720413478041942,Georgia_2016
2016,Bulgaria,Germany,0.0,0.0,0.0,3,7.0,0.0,0.0,False,0.9999666283227705,0.2935263091656877,1.0,0.0,0.8525294722412518,1.5644237305508792,Germany_2016
2016,Bulgaria,Hungary,0.0,0.0,0.0,3,5.0,0.0,0.0,False,0.9999450542907872,0.19195887217469862,1.0,0.0,0.8525026119625847,0.549680643950941,Hungary_2016
2016,Bulgaria,Israel,0.0,2.0,2.0,3,2.0,0.0,0.0,False,0.9999999999999997,0.14855783099989928,1.0,0.0,0.8525710209211951,0.11606818125510533,Israel_2016
2016,Bulgaria,Italy,0.0,0.0,0.0,3,1.0,0.0,0.0,False,-0.6700349269503646,0.16232420399846897,1.0,0.0,-1.2266695937344596,0.25360568581076326,Italy_2016
2016,Bulgaria,Latvia,0.0,0.0,0.0,3,9.0,0.0,0.0,False,0.9999879749259529,0.1495293708954264,1.0,0.0,0.8525560493646434,0.12577467205126114,Latvia_2016
2016,Bulgaria,Lithuania,1.0,0.0,1.0,3,9.0,0.0,0.0,False,0.999975086342286,0.18182211114017197,1.0,0.0,0.8525400027142452,0.4484059787133596,Lithuania_2016
2016,Bulgaria,Malta,7.0,0.0,7.0,3,3.0,1.0,0.0,False,0.9999812833867429,0.1403100177568959,1.0,0.0,0.8525477182094827,0.033665673956948104,Malta_2016
2016,Bulgaria,Netherlands,2.0,0.0,2.0,3,7.0,0.0,0.0,False,0.9999999999999997,0.1920297772650217,1.0,0.0,0.8525710209211951,0.5503890447173843,Netherlands_2016
2016,Bulgaria,Poland,0.0,6.0,6.0,3,9.0,0.0,0.0,False,0.9999450542907872,0.1550088295184416,1.0,0.0,0.8525026119625847,0.18051901650595484,Poland_2016
2016,Bulgaria,Russia,6.0,12.0,18.0,3,4.0,0.0,0.0,False,0.9999486317348045,0.3007508275865223,1.0,0.0,0.8525070659813466,1.6366026723332356,Russia_2016
2016,Bulgaria,Serbia,5.0,0.0,5.0,3,6.0,0.0,0.0,False,0.9999450542907872,0.1889362668753468,1.0,0.0,0.8525026119625847,0.5194823055670579,Serbia_2016
2016,Bulgaria,Spain,4.0,0.0,4.0,3,5.0,0.0,0.0,False,0.9999486317348045,0.18682247905890598,1.0,0.0,0.8525070659813466,0.49836380896206045,Spain_2016
2016,Bulgaria,Sweden,0.0,3.0,3.0,3,8.0,0.0,0.0,False,0.9999960598452231,0.22030055752992952,1.0,0.0,0.852566115317302,0.832837629386763,Sweden_2016
2016,Bulgaria,Ukraine,0.0,10.0,10.0,3,9.0,0.0,0.0,False,0.9999450542907872,0.19585473890269733,1.0,0.0,0.8525026119625847,0.5886035895885486,Ukraine_2016
2016,Bulgaria,United Kingdom,0.0,0.0,0.0,3,8.0,0.0,0.0,False,0.9999999999999997,0.27087552756195354,1.0,0.0,0.8525710209211951,1.3381236020902831,United Kingdom_2016
2016,Croatia,Armenia,4.0,0.0,4.0,6,3.0,0.0,0.0,True,0.9999394352389174,0.1626851047063648,1.0,0.0,0.8524956160844297,0.25721138375033814,Armenia_2016
2016,Croatia,Australia,12.0,5.0,17.0,6,8.0,0.0,0.0,False,0.9999629449531463,0.20085937590704503,1.0,0.0,0.8525248863421201,0.6386040715496578,Australia_2016
2016,Croatia,Austria,0.0,6.0,6.0,6,7.0,0.0,1.0,True,-0.799918487671188,0.01503362193973791,0.0,0.0,-1.3883782923183763,-1.2179496107813745,Austria_2016
2016,Croatia,Azerbaijan,0.0,0.0,0.0,6,2.0,0.0,0.0,True,0.9999486317348045,0.13272677695127902,1.0,0.0,0.8525070659813466,-0.04209720250713906,Azerbaijan_2016
2016,Croatia,Belgium,0.0,0.0,0.0,6,7.0,0.0,0.0,True,0.9999629449531463,0.21150794262219438,1.0,0.0,0.8525248863421201,0.7449921007893311,Belgium_2016
2016,Croatia,Bulgaria,0.0,1.0,1.0,6,3.0,0.0,0.0,False,0.9999486317348045,0.1413031334691349,1.0,0.0,0.8525070659813466,0.043587725089120635,Bulgaria_2016
2016,Croatia,Cyprus,1.0,0.0,1.0,6,3.0,0.0,0.0,True,0.9998506330826251,0.24281156110037047,1.0,0.0,0.8523850548937313,1.057741259155013,Cyprus_2016
2016,Croatia,Czech Republic,10.0,0.0,10.0,6,2.0,0.0,0.0,False,0.9999486317348045,0.18387465267560354,1.0,0.0,0.8525070659813466,0.4689125740823379,Czech Republic_2016
2016,Croatia,France,8.0,2.0,10.0,6,7.0,0.0,1.0,True,-0.7887612453825443,0.09888737357016689,1.0,0.0,-1.3744872107968273,-0.3801809590037862,France_2016
2016,Croatia,Georgia,0.0,0.0,0.0,6,4.0,0.0,0.0,True,0.9999486317348045,0.28207656357851774,1.0,0.0,0.8525070659813466,1.4500312586906345,Georgia_2016
2016,Croatia,Germany,0.0,0.0,0.0,6,7.0,0.0,1.0,True,0.9999176743454533,0.1717056453988468,1.0,0.0,0.8524685231579456,0.3473340803179558,Germany_2016
2016,Croatia,Hungary,5.0,3.0,8.0,6,5.0,0.0,0.0,True,0.9999629449531463,0.15859583239691338,1.0,0.0,0.8525248863421201,0.2163561556558404,Hungary_2016
2016,Croatia,Israel,7.0,0.0,7.0,6,2.0,0.0,0.0,True,0.9999486317348045,0.19313295777178846,1.0,0.0,0.8525070659813466,0.5614107345982925,Israel_2016
2016,Croatia,Italy,3.0,0.0,3.0,6,1.0,0.0,0.0,True,-0.6710993768283663,0.18052481385005828,1.0,0.0,-1.2279948638727602,0.43544490087770943,Italy_2016
2016,Croatia,Latvia,0.0,0.0,0.0,6,9.0,0.0,0.0,True,0.9999394352389174,0.18287291716913046,1.0,0.0,0.8524956160844297,0.45890440404369215,Latvia_2016
2016,Croatia,Lithuania,0.0,0.0,0.0,6,9.0,0.0,0.0,True,0.9999660613920944,0.1695038600141435,1.0,0.0,0.8525287663965606,0.32533641488998316,Lithuania_2016
2016,Croatia,Malta,0.0,0.0,0.0,6,3.0,0.0,0.0,True,0.9999745713987931,0.1883578845348258,1.0,0.0,0.8525393615950642,0.5137037854149029,Malta_2016
2016,Croatia,Netherlands,0.0,0.0,0.0,6,7.0,0.0,0.0,False,0.9999486317348045,0.13072119081408456,1.0,0.0,0.8525070659813466,-0.06213467443309996,Netherlands_2016
2016,Croatia,Poland,0.0,4.0,4.0,6,9.0,0.0,0.0,True,0.9999629449531463,0.2112984398304019,1.0,0.0,0.8525248863421201,0.7428989938261843,Poland_2016
2016,Croatia,Russia,6.0,8.0,14.0,6,4.0,0.0,0.0,True,1.0,0.21851250011489068,1.0,0.0,0.8525710209211956,0.8149734501369174,Russia_2016
2016,Croatia,Serbia,2.0,12.0,14.0,6,6.0,1.0,0.0,True,0.9999629449531463,0.21670121340428486,1.0,0.0,0.8525248863421201,0.7968771909234388,Serbia_2016
2016,Croatia,Spain,0.0,0.0,0.0,6,5.0,0.0,0.0,True,1.0,0.18354409118123124,1.0,0.0,0.8525710209211956,0.4656099900943202,Spain_2016
2016,Croatia,Sweden,0.0,7.0,7.0,6,8.0,0.0,0.0,True,0.9999602501915448,0.13062128213402555,1.0,0.0,0.8525215312878766,-0.06313284515971,Sweden_2016
2016,Croatia,Ukraine,0.0,10.0,10.0,6,9.0,0.0,0.0,True,0.9999629449531463,0.09929318434372673,1.0,0.0,0.8525248863421201,-0.3761265721930393,Ukraine_2016
2016,Croatia,United Kingdom,0.0,0.0,0.0,6,8.0,0.0,0.0,True,0.9999486317348045,0.22634786610880908,1.0,0.0,0.8525070659813466,0.8932552667196706,United Kingdom_2016
2016,Cyprus,Armenia,8.0,8.0,16.0,3,3.0,1.0,0.0,True,0.9999115319140994,0.2421009236454379,1.0,0.0,0.8524608756575626,1.0506414005208349,Armenia_2016
2016,Cyprus,Australia,10.0,5.0,15.0,3,8.0,0.0,0.0,False,0.9998682667026022,0.23072260186453483,1.0,0.0,0.8524070092482469,0.9369625118303068,Australia_2016
2016,Cyprus,Austria,0.0,0.0,0.0,3,7.0,0.0,0.0,True,-0.7981342782628503,0.04327777118616913,0.0,0.0,-1.3861569012522381,-0.9357670921139433,Austria_2016
2016,Cyprus,Azerbaijan,2.0,0.0,2.0,3,2.0,0.0,0.0,True,0.9998997375407082,0.3054455493184965,1.0,0.0,0.8524461913298376,1.683506843218772,Azerbaijan_2016
2016,Cyprus,Belgium,0.0,0.0,0.0,3,7.0,0.0,0.0,True,0.9998682667026022,0.25717099282806777,1.0,0.0,0.8524070092482469,1.201203913179426,Belgium_2016
2016,Cyprus,Bulgaria,0.0,12.0,12.0,3,3.0,1.0,0.0,False,0.9998997375407082,0.18690825730861388,1.0,0.0,0.8524461913298376,0.4992208049486724,Bulgaria_2016
2016,Cyprus,Croatia,1.0,0.0,1.0,3,6.0,0.0,0.0,True,0.9998506330826251,0.24281156110037047,1.0,0.0,0.8523850548937313,1.057741259155013,Croatia_2016
2016,Cyprus,Czech Republic,0.0,0.0,0.0,3,2.0,0.0,0.0,False,0.9998997375407082,0.1704864726826685,1.0,0.0,0.8524461913298376,0.3351535318886107,Czech Republic_2016
2016,Cyprus,France,7.0,6.0,13.0,3,7.0,0.0,0.0,True,-0.7907929373429055,0.09029511442000326,1.0,0.0,-1.3770167246245208,-0.4660247671100902,France_2016
2016,Cyprus,Georgia,0.0,0.0,0.0,3,4.0,0.0,0.0,True,0.9998997375407082,0.27961830312190333,1.0,0.0,0.8524461913298376,1.4254711941924747,Georgia_2016
2016,Cyprus,Germany,0.0,0.0,0.0,3,7.0,0.0,0.0,True,0.9999218601463729,0.27768337066381665,1.0,0.0,0.8524737345982195,1.4061396112260218,Germany_2016
2016,Cyprus,Hungary,4.0,4.0,8.0,3,5.0,0.0,0.0,True,0.9998682667026022,0.16069584311114932,1.0,0.0,0.8524070092482469,0.23733700756259637,Hungary_2016
2016,Cyprus,Israel,5.0,0.0,5.0,3,2.0,0.0,0.0,True,0.9998997375407082,0.14087244653624928,1.0,0.0,0.8524461913298376,0.039284804777432715,Israel_2016
2016,Cyprus,Italy,3.0,0.0,3.0,3,1.0,0.0,0.0,True,-0.6707900698928416,0.09977207340387628,1.0,0.0,-1.2276097680089797,-0.3713420725794653,Italy_2016
2016,Cyprus,Latvia,0.0,0.0,0.0,3,9.0,0.0,0.0,True,0.9999115319140994,0.1529646869736431,1.0,0.0,0.8524608756575626,0.16009633403201273,Latvia_2016
2016,Cyprus,Lithuania,0.0,3.0,3.0,3,9.0,0.0,0.0,True,0.9998983646807891,0.2922384253045475,1.0,0.0,0.8524444820804944,1.5515567006921696,Lithuania_2016
2016,Cyprus,Malta,6.0,0.0,6.0,3,3.0,1.0,0.0,True,0.9998856438106234,0.2447463255444236,1.0,0.0,0.8524286442381384,1.07707116352167,Malta_2016
2016,Cyprus,Netherlands,0.0,0.0,0.0,3,7.0,0.0,0.0,False,0.9998997375407082,0.12196148506639518,1.0,0.0,0.8524461913298376,-0.14965141317788244,Netherlands_2016
2016,Cyprus,Poland,0.0,2.0,2.0,3,9.0,0.0,0.0,True,0.9998682667026022,0.15276696179507,1.0,0.0,0.8524070092482469,0.15812089521079287,Poland_2016
2016,Cyprus,Russia,12.0,10.0,22.0,3,4.0,0.0,0.0,True,0.9998506330826251,0.2064023196274301,1.0,0.0,0.8523850548937313,0.6939826848760167,Russia_2016
2016,Cyprus,Serbia,0.0,0.0,0.0,3,6.0,0.0,0.0,True,0.9998682667026022,0.23446857181712782,1.0,0.0,0.8524070092482469,0.9743878641343339,Serbia_2016
2016,Cyprus,Spain,0.0,0.0,0.0,3,5.0,0.0,0.0,True,0.9998506330826251,0.20961446537919762,1.0,0.0,0.8523850548937313,0.7260746898662245,Spain_2016
2016,Cyprus,Sweden,0.0,1.0,1.0,3,8.0,0.0,0.0,True,0.9998995528114815,0.24414163178378903,1.0,0.0,0.8524459613367369,1.0710297704207643,Sweden_2016
2016,Cyprus,Ukraine,0.0,7.0,7.0,3,9.0,0.0,0.0,True,0.9998682667026022,0.10389909485586644,1.0,0.0,0.8524070092482469,-0.3301096991857348,Ukraine_2016
2016,Cyprus,United Kingdom,0.0,0.0,0.0,3,8.0,0.0,0.0,True,0.9998997375407082,0.19666946396738555,1.0,0.0,0.8524461913298376,0.5967433699292242,United Kingdom_2016
2016,Czech Republic,Armenia,0.0,8.0,8.0,2,3.0,0.0,0.0,False,0.9999879749259529,0.25740143498151435,1.0,0.0,0.8525560493646434,1.20350622176374,Armenia_2016
2016,Czech Republic,Australia,0.0,1.0,1.0,2,8.0,0.0,0.0,False,0.9999450542907872,0.2531265381021505,1.0,0.0,0.8525026119625847,1.1607964499827808,Australia_2016
2016,Czech Republic,Austria,0.0,4.0,4.0,2,7.0,0.0,0.0,False,-0.7998278265416107,0.00444278187587959,0.0,0.0,-1.3882654166534751,-1.3237609028103279,Austria_2016
2016,Czech Republic,Azerbaijan,0.0,6.0,6.0,2,2.0,1.0,0.0,False,0.9999999999999997,0.17930823703204565,1.0,0.0,0.8525710209211951,0.4232902876279374,Azerbaijan_2016
2016,Czech Republic,Belgium,2.0,0.0,2.0,2,7.0,0.0,0.0,False,0.9999450542907872,0.25229807849978975,1.0,0.0,0.8525026119625847,1.152519450198908,Belgium_2016
2016,Czech Republic,Bulgaria,0.0,5.0,5.0,2,3.0,0.0,0.0,False,0.9999999999999997,0.12698893637913689,1.0,0.0,0.8525710209211951,-0.09942299731980545,Bulgaria_2016
2016,Czech Republic,Croatia,8.0,0.0,8.0,2,6.0,0.0,0.0,False,0.9999486317348045,0.18387465267560354,1.0,0.0,0.8525070659813466,0.4689125740823379,Croatia_2016
2016,Czech Republic,Cyprus,0.0,0.0,0.0,2,3.0,0.0,0.0,False,0.9998997375407082,0.1704864726826685,1.0,0.0,0.8524461913298376,0.3351535318886107,Cyprus_2016
2016,Czech Republic,France,5.0,0.0,5.0,2,7.0,0.0,0.0,False,-0.7900538562744406,0.11475649543901315,1.0,0.0,-1.3760965478364333,-0.22163524608742824,France_2016
2016,Czech Republic,Georgia,0.0,0.0,0.0,2,4.0,0.0,0.0,False,0.9999999999999997,0.1688878239571749,1.0,0.0,0.8525710209211951,0.31918170282453406,Georgia_2016
2016,Czech Republic,Germany,0.0,0.0,0.0,2,7.0,0.0,0.0,False,0.9999666283227705,0.20707096627198132,1.0,0.0,0.8525294722412518,0.7006630204248677,Germany_2016
2016,Czech Republic,Hungary,10.0,3.0,13.0,2,5.0,0.0,0.0,False,0.9999450542907872,0.10637386715485624,1.0,0.0,0.8525026119625847,-0.30538466766277017,Hungary_2016
2016,Czech Republic,Israel,0.0,0.0,0.0,2,2.0,1.0,0.0,False,0.9999999999999997,0.24186474967801083,1.0,0.0,0.8525710209211951,1.0482818263523663,Israel_2016
2016,Czech Republic,Italy,0.0,0.0,0.0,2,1.0,0.0,0.0,False,-0.6700349269503646,0.119182972016646,1.0,0.0,-1.2266695937344596,-0.1774110671751653,Italy_2016
2016,Czech Republic,Latvia,1.0,0.0,1.0,2,9.0,0.0,0.0,False,0.9999879749259529,0.18166623834407403,1.0,0.0,0.8525560493646434,0.4468486799676659,Latvia_2016
2016,Czech Republic,Lithuania,3.0,0.0,3.0,2,9.0,0.0,0.0,False,0.999975086342286,0.21869529812964675,1.0,0.0,0.8525400027142452,0.8167997541888191,Lithuania_2016
2016,Czech Republic,Malta,6.0,0.0,6.0,2,3.0,0.0,0.0,False,0.9999812833867429,0.1673040982720903,1.0,0.0,0.8525477182094827,0.30335896733350354,Malta_2016
2016,Czech Republic,Netherlands,7.0,0.0,7.0,2,7.0,0.0,0.0,False,0.9999999999999997,0.1211634377940093,1.0,0.0,0.8525710209211951,-0.1576245685160973,Netherlands_2016
2016,Czech Republic,Poland,0.0,7.0,7.0,2,9.0,0.0,0.0,False,0.9999450542907872,0.2052311081760253,1.0,0.0,0.8525026119625847,0.6822813093321488,Poland_2016
2016,Czech Republic,Russia,0.0,10.0,10.0,2,4.0,0.0,0.0,False,0.9999486317348045,0.24368216312030366,1.0,0.0,0.8525070659813466,1.06643929670602,Russia_2016
2016,Czech Republic,Serbia,0.0,0.0,0.0,2,6.0,0.0,0.0,False,0.9999450542907872,0.1538585329180701,1.0,0.0,0.8525026119625847,0.16902659770178685,Serbia_2016
2016,Czech Republic,Spain,0.0,0.0,0.0,2,5.0,0.0,0.0,False,0.9999486317348045,0.18623423629850744,1.0,0.0,0.8525070659813466,0.4924867750224343,Spain_2016
2016,Czech Republic,Sweden,12.0,2.0,14.0,2,8.0,0.0,0.0,False,0.9999960598452231,0.14080558821758463,1.0,0.0,0.852566115317302,0.038616834622267025,Sweden_2016
2016,Czech Republic,Ukraine,0.0,12.0,12.0,2,9.0,0.0,0.0,False,0.9999450542907872,0.139109031643828,1.0,0.0,0.8525026119625847,0.021666824803687708,Ukraine_2016
2016,Czech Republic,United Kingdom,4.0,0.0,4.0,2,8.0,0.0,0.0,False,0.9999999999999997,0.21697644365401025,1.0,0.0,0.8525710209211951,0.7996269698034236,United Kingdom_2016
2016,France,Armenia,2.0,12.0,14.0,7,3.0,0.0,0.0,True,-0.7894364339782302,0.12571386189147582,1.0,0.0,-1.3753278396531747,-0.11216205089431688,Armenia_2016
2016,France,Australia,6.0,0.0,6.0,7,8.0,0.0,0.0,False,-0.7893967836758673,0.13743735146301334,1.0,0.0,-1.3752784739077486,0.0049653508200690815,Australia_2016
2016,France,Austria,8.0,8.0,16.0,7,7.0,1.0,1.0,True,0.6241685726308235,0.5576306593581599,1.0,1.0,0.38465028738480994,4.203045629836932,Austria_2016
2016,France,Azerbaijan,0.0,0.0,0.0,7,2.0,0.0,0.0,True,-0.7900538562744406,0.10889569706703554,1.0,0.0,-1.3760965478364333,-0.2801894914844847,Azerbaijan_2016
2016,France,Belgium,0.0,4.0,4.0,7,7.0,1.0,0.0,True,-0.7893967836758673,0.0768549045169564,1.0,0.0,-1.3752784739077486,-0.600303631336809,Belgium_2016
2016,France,Bulgaria,10.0,5.0,15.0,7,3.0,0.0,0.0,False,-0.7900538562744406,0.11204402944092301,1.0,0.0,-1.3760965478364333,-0.24873503516100268,Bulgaria_2016
2016,France,Croatia,0.0,0.0,0.0,7,6.0,0.0,1.0,True,-0.7887612453825443,0.09888737357016689,1.0,0.0,-1.3744872107968273,-0.3801809590037862,Croatia_2016
2016,France,Cyprus,0.0,0.0,0.0,7,3.0,0.0,0.0,True,-0.7907929373429055,0.09029511442000326,1.0,0.0,-1.3770167246245208,-0.4660247671100902,Cyprus_2016
2016,France,Czech Republic,0.0,0.0,0.0,7,2.0,0.0,0.0,False,-0.7900538562744406,0.11475649543901315,1.0,0.0,-1.3760965478364333,-0.22163524608742824,Czech Republic_2016
2016,France,Georgia,0.0,0.0,0.0,7,4.0,0.0,0.0,True,-0.7900538562744406,0.10765261989673951,1.0,0.0,-1.3760965478364333,-0.2926088652723654,Georgia_2016
2016,France,Germany,0.0,0.0,0.0,7,7.0,1.0,1.0,True,-0.7895747563204744,0.09988827555871715,1.0,0.0,-1.3755000548729088,-0.3701811165017486,Germany_2016
2016,France,Hungary,0.0,0.0,0.0,7,5.0,0.0,0.0,True,-0.7893967836758673,0.06887487433438354,1.0,0.0,-1.3752784739077486,-0.6800307633638095,Hungary_2016
2016,France,Israel,0.0,3.0,3.0,7,2.0,0.0,0.0,True,-0.7900538562744406,0.11335632371342302,1.0,0.0,-1.3760965478364333,-0.2356241250105159,Israel_2016
2016,France,Italy,12.0,0.0,12.0,7,1.0,0.0,0.0,True,0.32025471573599174,0.284072773246384,1.0,0.0,0.006268958698286073,1.4699750518972208,Italy_2016
2016,France,Latvia,0.0,0.0,0.0,7,9.0,0.0,0.0,True,-0.7894364339782302,0.11294891992432646,1.0,0.0,-1.3753278396531747,-0.23969442737009042,Latvia_2016
2016,France,Lithuania,0.0,0.0,0.0,7,9.0,0.0,0.0,True,-0.7892226723879717,0.0606944439694411,1.0,0.0,-1.3750617004406671,-0.7617600597225825,Lithuania_2016
2016,France,Malta,4.0,0.0,4.0,7,3.0,0.0,0.0,True,-0.7899630887989014,0.08494358675309989,1.0,0.0,-1.3759835397678086,-0.5194909750170622,Malta_2016
2016,France,Netherlands,7.0,0.0,7.0,7,7.0,1.0,0.0,False,-0.7900538562744406,0.07466708604839897,1.0,0.0,-1.3760965478364333,-0.6221617556675555,Netherlands_2016
2016,France,Poland,0.0,7.0,7.0,7,9.0,0.0,0.0,True,-0.7893967836758673,0.08511028452512619,1.0,0.0,-1.3752784739077486,-0.5178255257675127,Poland_2016
2016,France,Russia,1.0,6.0,7.0,7,4.0,0.0,0.0,True,-0.7887612453825443,0.1661839175852353,1.0,0.0,-1.3744872107968273,0.29216743152828534,Russia_2016
2016,France,Serbia,0.0,0.0,0.0,7,6.0,0.0,0.0,True,-0.7893967836758673,0.09085510907801865,1.0,0.0,-1.3752784739077486,-0.460429955184252,Serbia_2016
2016,France,Spain,3.0,1.0,4.0,7,5.0,0.0,0.0,True,-0.7887612453825443,0.06969242667270707,1.0,0.0,-1.3744872107968273,-0.6718627362103723,Spain_2016
2016,France,Sweden,5.0,2.0,7.0,7,8.0,0.0,0.0,True,-0.7899938316066092,0.11941242670819101,1.0,0.0,-1.3760218154310075,-0.1751186241557173,Sweden_2016
2016,France,Ukraine,0.0,10.0,10.0,7,9.0,0.0,0.0,True,-0.7893967836758673,0.09163261216144372,1.0,0.0,-1.3752784739077486,-0.4526620533636545,Ukraine_2016
2016,France,United Kingdom,0.0,0.0,0.0,7,8.0,0.0,0.0,True,-0.7900538562744406,0.1849965313074115,1.0,0.0,-1.3760965478364333,0.4801210737684363,United Kingdom_2016
2016,Georgia,Armenia,0.0,12.0,12.0,4,3.0,0.0,1.0,True,0.9999879749259529,0.2072105912084288,1.0,0.0,0.8525560493646434,0.7020579895525184,Armenia_2016
2016,Georgia,Australia,8.0,1.0,9.0,4,8.0,0.0,0.0,False,0.9999450542907872,0.227101576123756,1.0,0.0,0.8525026119625847,0.9007854560168208,Australia_2016
2016,Georgia,Austria,0.0,0.0,0.0,4,7.0,0.0,0.0,True,-0.7998278265416107,0.0627473744310779,0.0,0.0,-1.3882654166534751,-0.7412495786576603,Austria_2016
2016,Georgia,Azerbaijan,0.0,7.0,7.0,4,2.0,0.0,1.0,True,0.9999999999999997,0.15037465998767502,1.0,0.0,0.8525710209211951,0.1342198124225174,Azerbaijan_2016
2016,Georgia,Belgium,10.0,0.0,10.0,4,7.0,0.0,0.0,True,0.9999450542907872,0.2699767679591519,1.0,0.0,0.8525026119625847,1.3291442468906516,Belgium_2016
2016,Georgia,Bulgaria,0.0,3.0,3.0,4,3.0,0.0,0.0,False,0.9999999999999997,0.19419699471988316,1.0,0.0,0.8525710209211951,0.5720413478041942,Bulgaria_2016
2016,Georgia,Croatia,2.0,0.0,2.0,4,6.0,0.0,0.0,True,0.9999486317348045,0.28207656357851774,1.0,0.0,0.8525070659813466,1.4500312586906345,Croatia_2016
2016,Georgia,Cyprus,0.0,0.0,0.0,4,3.0,0.0,0.0,True,0.9998997375407082,0.27961830312190333,1.0,0.0,0.8524461913298376,1.4254711941924747,Cyprus_2016
2016,Georgia,Czech Republic,0.0,0.0,0.0,4,2.0,0.0,0.0,False,0.9999999999999997,0.1688878239571749,1.0,0.0,0.8525710209211951,0.31918170282453406,Czech Republic_2016
2016,Georgia,France,4.0,0.0,4.0,4,7.0,0.0,0.0,True,-0.7900538562744406,0.10765261989673951,1.0,0.0,-1.3760965478364333,-0.2926088652723654,France_2016
2016,Georgia,Germany,1.0,0.0,1.0,4,7.0,0.0,0.0,True,0.9999666283227705,0.20049595766344522,1.0,0.0,0.8525294722412518,0.6349732213366125,Germany_2016
2016,Georgia,Hungary,0.0,2.0,2.0,4,5.0,0.0,0.0,True,0.9999450542907872,0.236180941465256,1.0,0.0,0.8525026119625847,0.9914958597047626,Hungary_2016
2016,Georgia,Israel,3.0,0.0,3.0,4,2.0,0.0,0.0,True,0.9999999999999997,0.17471127592443433,1.0,0.0,0.8525710209211951,0.3773628266078151,Israel_2016
2016,Georgia,Italy,0.0,0.0,0.0,4,1.0,0.0,0.0,True,-0.6700349269503646,0.1263122535097699,1.0,0.0,-1.2266695937344596,-0.10618362143176045,Italy_2016
2016,Georgia,Latvia,7.0,6.0,13.0,4,9.0,0.0,0.0,True,0.9999879749259529,0.2431639013444632,1.0,0.0,0.8525560493646434,1.061261430948417,Latvia_2016
2016,Georgia,Lithuania,5.0,5.0,10.0,4,9.0,0.0,0.0,True,0.999975086342286,0.23344012582498208,1.0,0.0,0.8525400027142452,0.9641128341504238,Lithuania_2016
2016,Georgia,Malta,0.0,0.0,0.0,4,3.0,0.0,0.0,True,0.9999812833867429,0.20211532197918677,1.0,0.0,0.8525477182094827,0.6511520163595801,Malta_2016
2016,Georgia,Netherlands,0.0,0.0,0.0,4,7.0,0.0,0.0,False,0.9999999999999997,0.1278280744980993,1.0,0.0,0.8525710209211951,-0.091039310282442,Netherlands_2016
2016,Georgia,Poland,0.0,4.0,4.0,4,9.0,0.0,0.0,True,0.9999450542907872,0.19409899350939616,1.0,0.0,0.8525026119625847,0.5710622342835002,Poland_2016
2016,Georgia,Russia,0.0,8.0,8.0,4,4.0,1.0,1.0,True,0.9999486317348045,0.2441964177124649,1.0,0.0,0.8525070659813466,1.0715771273691503,Russia_2016
2016,Georgia,Serbia,0.0,0.0,0.0,4,6.0,0.0,0.0,True,0.9999450542907872,0.2601488982721208,1.0,0.0,0.8525026119625847,1.2309556628683467,Serbia_2016
2016,Georgia,Spain,0.0,0.0,0.0,4,5.0,0.0,0.0,True,0.9999486317348045,0.22896556176246347,1.0,0.0,0.8525070659813466,0.9194082213088876,Spain_2016
2016,Georgia,Sweden,6.0,0.0,6.0,4,8.0,0.0,0.0,True,0.9999960598452231,0.14470158058430474,1.0,0.0,0.852566115317302,0.07754103549509311,Sweden_2016
2016,Georgia,Ukraine,12.0,10.0,22.0,4,9.0,0.0,1.0,True,0.9999450542907872,0.178334653010243,1.0,0.0,0.8525026119625847,0.41356337431185125,Ukraine_2016
2016,Georgia,United Kingdom,0.0,0.0,0.0,4,8.0,0.0,0.0,True,0.9999999999999997,0.21808712659343996,1.0,0.0,0.8525710209211951,0.8107236152203083,United Kingdom_2016
2016,Germany,Armenia,0.0,2.0,2.0,7,3.0,0.0,0.0,True,0.9999783312803154,0.2924468622750526,1.0,0.0,0.8525440427536684,1.5536391592150784,Armenia_2016
2016,Germany,Australia,6.0,5.0,11.0,7,8.0,0.0,0.0,False,0.9999350718142186,0.20269708860356903,1.0,0.0,0.8524901834975382,0.6569643483194665,Australia_2016
2016,Germany,Austria,0.0,7.0,7.0,7,7.0,1.0,1.0,True,-0.7996960603143652,0.018497860314183538,0.0,0.0,-1.3881013639819366,-1.1833389910301368,Austria_2016
2016,Germany,Azerbaijan,0.0,0.0,0.0,7,2.0,0.0,0.0,True,0.9999666283227705,0.17721322305145268,1.0,0.0,0.8525294722412518,0.40235935724199545,Azerbaijan_2016
2016,Germany,Belgium,5.0,0.0,5.0,7,7.0,1.0,0.0,True,0.9999350718142186,0.3000424788171053,1.0,0.0,0.8524901834975382,1.6295256795689972,Belgium_2016
2016,Germany,Bulgaria,0.0,4.0,4.0,7,3.0,0.0,0.0,False,0.9999666283227705,0.2935263091656877,1.0,0.0,0.8525294722412518,1.5644237305508792,Bulgaria_2016
2016,Germany,Croatia,0.0,0.0,0.0,7,6.0,0.0,1.0,True,0.9999176743454533,0.1717056453988468,1.0,0.0,0.8524685231579456,0.3473340803179558,Croatia_2016
2016,Germany,Cyprus,0.0,0.0,0.0,7,3.0,0.0,0.0,True,0.9999218601463729,0.27768337066381665,1.0,0.0,0.8524737345982195,1.4061396112260218,Cyprus_2016
2016,Germany,Czech Republic,0.0,0.0,0.0,7,2.0,0.0,0.0,False,0.9999666283227705,0.20707096627198132,1.0,0.0,0.8525294722412518,0.7006630204248677,Czech Republic_2016
2016,Germany,France,0.0,0.0,0.0,7,7.0,1.0,1.0,True,-0.7895747563204744,0.09988827555871715,1.0,0.0,-1.3755000548729088,-0.3701811165017486,France_2016
2016,Germany,Georgia,8.0,0.0,8.0,7,4.0,0.0,0.0,True,0.9999666283227705,0.20049595766344522,1.0,0.0,0.8525294722412518,0.6349732213366125,Georgia_2016
2016,Germany,Hungary,0.0,0.0,0.0,7,5.0,0.0,0.0,True,0.9999350718142186,0.13082327686200226,1.0,0.0,0.8524901834975382,-0.06111474999243513,Hungary_2016
2016,Germany,Israel,12.0,0.0,12.0,7,2.0,0.0,0.0,True,0.9999666283227705,0.17741012157529196,1.0,0.0,0.8525294722412518,0.4043265370955677,Israel_2016
2016,Germany,Italy,3.0,1.0,4.0,7,1.0,0.0,0.0,True,-0.6705798959859071,0.1993597931703217,1.0,0.0,-1.2273480955634595,0.6236219940260357,Italy_2016
2016,Germany,Latvia,2.0,0.0,2.0,7,9.0,0.0,0.0,True,0.9999783312803154,0.17310842305640328,1.0,0.0,0.8525440427536684,0.36134899466662224,Latvia_2016
2016,Germany,Lithuania,1.0,0.0,1.0,7,9.0,0.0,0.0,True,0.9999651701094507,0.24090432513033133,1.0,0.0,0.852527656724516,1.038686387116806,Lithuania_2016
2016,Germany,Malta,0.0,0.0,0.0,7,3.0,0.0,0.0,True,0.9999525411041333,0.2076047573048703,1.0,0.0,0.8525119332564884,0.7059960363634424,Malta_2016
2016,Germany,Netherlands,4.0,3.0,7.0,7,7.0,1.0,0.0,False,0.9999666283227705,0.16627187686211473,1.0,0.0,0.8525294722412518,0.29304621778852796,Netherlands_2016
2016,Germany,Poland,0.0,10.0,10.0,7,9.0,0.0,0.0,True,0.9999350718142186,0.29328608433243497,1.0,0.0,0.8524901834975382,1.5620236848670004,Poland_2016
2016,Germany,Russia,0.0,12.0,12.0,7,4.0,0.0,0.0,True,0.9999176743454533,0.31310473317642473,1.0,0.0,0.8524685231579456,1.7600284538755426,Russia_2016
2016,Germany,Serbia,0.0,0.0,0.0,7,6.0,0.0,0.0,True,0.9999350718142186,0.21981289735785725,1.0,0.0,0.8524901834975382,0.8279654990772782,Serbia_2016
2016,Germany,Spain,0.0,0.0,0.0,7,5.0,0.0,0.0,True,0.9999176743454533,0.17990822146679974,1.0,0.0,0.8524685231579456,0.42928463065037975,Spain_2016
2016,Germany,Sweden,10.0,8.0,18.0,7,8.0,0.0,0.0,True,0.9999664472033013,0.18080332379865763,1.0,0.0,0.8525292467424012,0.4382274466745042,Sweden_2016
2016,Germany,Ukraine,7.0,6.0,13.0,7,9.0,0.0,0.0,True,0.9999350718142186,0.17861917057573157,1.0,0.0,0.8524901834975382,0.41640594119301977,Ukraine_2016
2016,Germany,United Kingdom,0.0,0.0,0.0,7,8.0,0.0,0.0,True,0.9999666283227705,0.22376830366973788,1.0,0.0,0.8525294722412518,0.8674832946285307,United Kingdom_2016
2016,Hungary,Armenia,1.0,0.0,1.0,5,3.0,0.0,0.0,True,0.9999569731974741,0.18023989261689352,1.0,0.0,0.8525174513377773,0.43259830102105346,Armenia_2016
2016,Hungary,Australia,12.0,3.0,15.0,5,8.0,0.0,0.0,False,0.9999999999999997,0.14358908342804969,1.0,0.0,0.8525710209211951,0.06642626454471398,Australia_2016
2016,Hungary,Austria,0.0,6.0,6.0,5,7.0,0.0,0.0,True,-0.7995379327009485,0.004856492984359923,0.0,0.0,-1.387904490640662,-1.3196275850894403,Austria_2016
2016,Hungary,Azerbaijan,7.0,0.0,7.0,5,2.0,0.0,0.0,True,0.9999450542907872,0.1499558608114791,1.0,0.0,0.8525026119625847,0.13003566067754171,Azerbaijan_2016
2016,Hungary,Belgium,0.0,0.0,0.0,5,7.0,0.0,0.0,True,0.9999999999999997,0.20819501155782752,1.0,0.0,0.8525710209211951,0.7118931667850528,Belgium_2016
2016,Hungary,Bulgaria,0.0,4.0,4.0,5,3.0,0.0,0.0,False,0.9999450542907872,0.19195887217469862,1.0,0.0,0.8525026119625847,0.549680643950941,Bulgaria_2016
2016,Hungary,Croatia,0.0,0.0,0.0,5,6.0,0.0,0.0,True,0.9999629449531463,0.15859583239691338,1.0,0.0,0.8525248863421201,0.2163561556558404,Croatia_2016
2016,Hungary,Cyprus,0.0,5.0,5.0,5,3.0,0.0,0.0,True,0.9998682667026022,0.16069584311114932,1.0,0.0,0.8524070092482469,0.23733700756259637,Cyprus_2016
2016,Hungary,Czech Republic,2.0,0.0,2.0,5,2.0,0.0,0.0,False,0.9999450542907872,0.10637386715485624,1.0,0.0,0.8525026119625847,-0.30538466766277017,Czech Republic_2016
2016,Hungary,France,0.0,1.0,1.0,5,7.0,0.0,0.0,True,-0.7893967836758673,0.06887487433438354,1.0,0.0,-1.3752784739077486,-0.6800307633638095,France_2016
2016,Hungary,Georgia,0.0,0.0,0.0,5,4.0,0.0,0.0,True,0.9999450542907872,0.236180941465256,1.0,0.0,0.8525026119625847,0.9914958597047626,Georgia_2016
2016,Hungary,Germany,0.0,0.0,0.0,5,7.0,0.0,0.0,True,0.9999350718142186,0.13082327686200226,1.0,0.0,0.8524901834975382,-0.06111474999243513,Germany_2016
2016,Hungary,Israel,0.0,0.0,0.0,5,2.0,0.0,0.0,True,0.9999450542907872,0.14120576020645387,1.0,0.0,0.8525026119625847,0.042614885288762,Israel_2016
2016,Hungary,Italy,0.0,0.0,0.0,5,1.0,0.0,0.0,True,-0.672050757540032,0.10146935853294069,1.0,0.0,-1.2291793597080105,-0.354384783888014,Italy_2016
2016,Hungary,Latvia,8.0,0.0,8.0,5,9.0,0.0,0.0,True,0.9999569731974741,0.17643459074755977,1.0,0.0,0.8525174513377773,0.39458017357066966,Latvia_2016
2016,Hungary,Lithuania,3.0,0.0,3.0,5,9.0,0.0,0.0,True,0.9999833986871589,0.28006207958565127,1.0,0.0,0.8525503518181974,1.4299048897933977,Lithuania_2016
2016,Hungary,Malta,10.0,0.0,10.0,5,3.0,0.0,0.0,True,0.9999705520635489,0.12690232945857252,1.0,0.0,0.8525343574092542,-0.10028827241680524,Malta_2016
2016,Hungary,Netherlands,6.0,2.0,8.0,5,7.0,0.0,0.0,False,0.9999450542907872,0.1326141269677466,1.0,0.0,0.8525026119625847,-0.043222669442031354,Netherlands_2016
2016,Hungary,Poland,0.0,8.0,8.0,5,9.0,0.0,0.0,True,0.9999999999999997,0.2474552241600135,1.0,0.0,0.8525710209211951,1.1041353114799755,Poland_2016
2016,Hungary,Russia,0.0,10.0,10.0,5,4.0,0.0,0.0,True,0.9999629449531463,0.17632669820271402,1.0,0.0,0.8525248863421201,0.3935022374011509,Russia_2016
2016,Hungary,Serbia,0.0,0.0,0.0,5,6.0,0.0,0.0,True,0.9999999999999997,0.2202239841465969,1.0,0.0,0.8525710209211951,0.8320725976634438,Serbia_2016
2016,Hungary,Spain,5.0,0.0,5.0,5,5.0,1.0,0.0,True,0.9999629449531463,0.23278230379204523,1.0,0.0,0.8525248863421201,0.957540645465629,Spain_2016
2016,Hungary,Sweden,4.0,7.0,11.0,5,8.0,0.0,1.0,True,0.9999563434974452,0.21368001261094727,1.0,0.0,0.8525166673434705,0.7666928847216237,Sweden_2016
2016,Hungary,Ukraine,0.0,12.0,12.0,5,9.0,0.0,0.0,True,0.9999999999999997,0.20187573292282698,1.0,0.0,0.8525710209211951,0.6487583226151207,Ukraine_2016
2016,Hungary,United Kingdom,0.0,0.0,0.0,5,8.0,0.0,1.0,True,0.9999450542907872,0.2887078637961006,1.0,0.0,0.8525026119625847,1.516283457725231,United Kingdom_2016
2016,Israel,Armenia,2.0,6.0,8.0,2,3.0,0.0,0.0,True,0.9999879749259529,0.1749055949347517,1.0,0.0,0.8525560493646434,0.37930423497801913,Armenia_2016
2016,Israel,Australia,10.0,5.0,15.0,2,8.0,0.0,0.0,False,0.9999450542907872,0.16561076936510036,1.0,0.0,0.8525026119625847,0.28644120458774947,Australia_2016
2016,Israel,Austria,0.0,3.0,3.0,2,7.0,0.0,0.0,True,-0.7998278265416107,0.010032007740976723,0.0,0.0,-1.3882654166534751,-1.2679198924030648,Austria_2016
2016,Israel,Azerbaijan,0.0,2.0,2.0,2,2.0,1.0,0.0,True,0.9999999999999997,0.1590698705311757,1.0,0.0,0.8525710209211951,0.2210921904892298,Azerbaijan_2016
2016,Israel,Belgium,6.0,1.0,7.0,2,7.0,0.0,0.0,True,0.9999450542907872,0.13063804866628212,1.0,0.0,0.8525026119625847,-0.06296533357137364,Belgium_2016
2016,Israel,Bulgaria,7.0,7.0,14.0,2,3.0,0.0,0.0,False,0.9999999999999997,0.14855783099989928,1.0,0.0,0.8525710209211951,0.11606818125510533,Bulgaria_2016
2016,Israel,Croatia,3.0,0.0,3.0,2,6.0,0.0,0.0,True,0.9999486317348045,0.19313295777178846,1.0,0.0,0.8525070659813466,0.5614107345982925,Croatia_2016
2016,Israel,Cyprus,0.0,0.0,0.0,2,3.0,0.0,0.0,True,0.9998997375407082,0.14087244653624928,1.0,0.0,0.8524461913298376,0.039284804777432715,Cyprus_2016
2016,Israel,Czech Republic,0.0,0.0,0.0,2,2.0,1.0,0.0,False,0.9999999999999997,0.24186474967801083,1.0,0.0,0.8525710209211951,1.0482818263523663,Czech Republic_2016
2016,Israel,France,8.0,12.0,20.0,2,7.0,0.0,0.0,True,-0.7900538562744406,0.11335632371342302,1.0,0.0,-1.3760965478364333,-0.2356241250105159,France_2016
2016,Israel,Georgia,0.0,0.0,0.0,2,4.0,0.0,0.0,True,0.9999999999999997,0.17471127592443433,1.0,0.0,0.8525710209211951,0.3773628266078151,Georgia_2016
2016,Israel,Germany,0.0,0.0,0.0,2,7.0,0.0,0.0,True,0.9999666283227705,0.17741012157529196,1.0,0.0,0.8525294722412518,0.4043265370955677,Germany_2016
2016,Israel,Hungary,0.0,0.0,0.0,2,5.0,0.0,0.0,True,0.9999450542907872,0.14120576020645387,1.0,0.0,0.8525026119625847,0.042614885288762,Hungary_2016
2016,Israel,Italy,0.0,0.0,0.0,2,1.0,0.0,0.0,True,-0.6700349269503646,0.268240118573446,1.0,0.0,-1.2266695937344596,1.311793676568104,Italy_2016
2016,Israel,Latvia,5.0,0.0,5.0,2,9.0,0.0,0.0,True,0.9999879749259529,0.16875346690599205,1.0,0.0,0.8525560493646434,0.3178393642476944,Latvia_2016
2016,Israel,Lithuania,1.0,0.0,1.0,2,9.0,0.0,0.0,True,0.999975086342286,0.17846469008043886,1.0,0.0,0.8525400027142452,0.41486255268921496,Lithuania_2016
2016,Israel,Malta,0.0,0.0,0.0,2,3.0,0.0,0.0,True,0.9999812833867429,0.10047615802253812,1.0,0.0,0.8525477182094827,-0.36430768222429816,Malta_2016
2016,Israel,Netherlands,0.0,0.0,0.0,2,7.0,0.0,0.0,False,0.9999999999999997,0.12829048769032877,1.0,0.0,0.8525710209211951,-0.08641941827897341,Netherlands_2016
2016,Israel,Poland,0.0,4.0,4.0,2,9.0,0.0,0.0,True,0.9999450542907872,0.21497359326400112,1.0,0.0,0.8525026119625847,0.7796168302649408,Poland_2016
2016,Israel,Russia,0.0,10.0,10.0,2,4.0,0.0,0.0,True,0.9999486317348045,0.21660823923594755,1.0,0.0,0.8525070659813466,0.795948301730724,Russia_2016
2016,Israel,Serbia,0.0,0.0,0.0,2,6.0,0.0,0.0,True,0.9999450542907872,0.13452144144002434,1.0,0.0,0.8525026119625847,-0.024167013101234324,Serbia_2016
2016,Israel,Spain,4.0,0.0,4.0,2,5.0,0.0,1.0,True,0.9999486317348045,0.14072546738559366,1.0,0.0,0.8525070659813466,0.03781636093932197,Spain_2016
2016,Israel,Sweden,0.0,0.0,0.0,2,8.0,0.0,0.0,True,0.9999960598452231,0.17086556948931994,1.0,0.0,0.852566115317302,0.3389410239736555,Sweden_2016
2016,Israel,Ukraine,12.0,8.0,20.0,2,9.0,0.0,0.0,True,0.9999450542907872,0.15540907734664292,1.0,0.0,0.8525026119625847,0.18451782487039103,Ukraine_2016
2016,Israel,United Kingdom,0.0,0.0,0.0,2,8.0,0.0,0.0,True,0.9999999999999997,0.19119220396591502,1.0,0.0,0.8525710209211951,0.5420209915305678,United Kingdom_2016
2016,Italy,Armenia,0.0,1.0,1.0,1,3.0,0.0,0.0,True,-0.6707800894246454,0.16780731012964906,1.0,0.0,-1.2275973420444133,0.308386471902691,Armenia_2016
2016,Italy,Australia,6.0,0.0,6.0,1,8.0,0.0,0.0,False,-0.672050757540032,0.13337100212822126,1.0,0.0,-1.2291793597080105,-0.03566085771118094,Australia_2016
2016,Italy,Austria,0.0,0.0,0.0,1,7.0,0.0,0.0,True,0.4164088544259806,0.27674288903828376,0.0,0.0,0.1259835749647515,1.39674341835302,Austria_2016
2016,Italy,Azerbaijan,0.0,0.0,0.0,1,2.0,0.0,0.0,True,-0.6700349269503646,0.108863732128296,1.0,0.0,-1.2266695937344596,-0.2805088477817438,Azerbaijan_2016
2016,Italy,Belgium,0.0,0.0,0.0,1,7.0,0.0,0.0,True,-0.672050757540032,0.13877953625466843,1.0,0.0,-1.2291793597080105,0.018374892092558038,Belgium_2016
2016,Italy,Bulgaria,0.0,7.0,7.0,1,3.0,0.0,0.0,False,-0.6700349269503646,0.16232420399846897,1.0,0.0,-1.2266695937344596,0.25360568581076326,Bulgaria_2016
2016,Italy,Croatia,0.0,0.0,0.0,1,6.0,0.0,0.0,True,-0.6710993768283663,0.18052481385005828,1.0,0.0,-1.2279948638727602,0.43544490087770943,Croatia_2016
2016,Italy,Cyprus,1.0,6.0,7.0,1,3.0,0.0,0.0,True,-0.6707900698928416,0.09977207340387628,1.0,0.0,-1.2276097680089797,-0.3713420725794653,Cyprus_2016
2016,Italy,Czech Republic,0.0,0.0,0.0,1,2.0,0.0,0.0,False,-0.6700349269503646,0.119182972016646,1.0,0.0,-1.2266695937344596,-0.1774110671751653,Czech Republic_2016
2016,Italy,France,7.0,5.0,12.0,1,7.0,0.0,0.0,True,0.32025471573599174,0.284072773246384,1.0,0.0,0.006268958698286073,1.4699750518972208,France_2016
2016,Italy,Georgia,3.0,3.0,6.0,1,4.0,0.0,0.0,True,-0.6700349269503646,0.1263122535097699,1.0,0.0,-1.2266695937344596,-0.10618362143176045,Georgia_2016
2016,Italy,Germany,0.0,0.0,0.0,1,7.0,0.0,0.0,True,-0.6705798959859071,0.1993597931703217,1.0,0.0,-1.2273480955634595,0.6236219940260357,Germany_2016
2016,Italy,Hungary,0.0,0.0,0.0,1,5.0,0.0,0.0,True,-0.672050757540032,0.10146935853294069,1.0,0.0,-1.2291793597080105,-0.354384783888014,Hungary_2016
2016,Italy,Israel,8.0,0.0,8.0,1,2.0,0.0,0.0,True,-0.6700349269503646,0.268240118573446,1.0,0.0,-1.2266695937344596,1.311793676568104,Israel_2016
2016,Italy,Latvia,0.0,0.0,0.0,1,9.0,0.0,0.0,True,-0.6707800894246454,0.06133064550661487,1.0,0.0,-1.2275973420444133,-0.755403877754649,Latvia_2016
2016,Italy,Lithuania,0.0,2.0,2.0,1,9.0,0.0,0.0,True,-0.6712672686176898,0.11215045116510308,1.0,0.0,-1.2282038938885973,-0.24767179371201983,Lithuania_2016
2016,Italy,Malta,5.0,0.0,5.0,1,3.0,0.0,1.0,True,-0.670497569163769,0.07060796195125349,1.0,0.0,-1.2272455963465256,-0.6627157780713603,Malta_2016
2016,Italy,Netherlands,4.0,0.0,4.0,1,7.0,0.0,0.0,False,-0.6700349269503646,0.0578179549620689,1.0,0.0,-1.2266695937344596,-0.7904985749434659,Netherlands_2016
2016,Italy,Poland,0.0,10.0,10.0,1,9.0,0.0,0.0,True,-0.672050757540032,0.1638523407374957,1.0,0.0,-1.2291793597080105,0.2688730415425447,Poland_2016
2016,Italy,Russia,0.0,8.0,8.0,1,4.0,0.0,0.0,True,-0.6710993768283663,0.15572037857890725,1.0,0.0,-1.2279948638727602,0.1876279828368493,Russia_2016
2016,Italy,Serbia,0.0,4.0,4.0,1,6.0,0.0,0.0,True,-0.672050757540032,0.0806722371902728,1.0,0.0,-1.2291793597080105,-0.5621653061584002,Serbia_2016
2016,Italy,Spain,12.0,0.0,12.0,1,5.0,0.0,0.0,True,-0.6710993768283663,0.09673757525478016,1.0,0.0,-1.2279948638727602,-0.4016592304139076,Spain_2016
2016,Italy,Sweden,2.0,0.0,2.0,1,8.0,0.0,0.0,True,-0.6703019565914551,0.0993544832493389,1.0,0.0,-1.2270020531735482,-0.3755141451935118,Sweden_2016
2016,Italy,Ukraine,10.0,12.0,22.0,1,9.0,0.0,0.0,True,-0.672050757540032,0.12700433355388646,1.0,0.0,-1.2291793597080105,-0.0992691667507453,Ukraine_2016
2016,Italy,United Kingdom,0.0,0.0,0.0,1,8.0,0.0,0.0,True,-0.6700349269503646,0.09997282314299548,1.0,0.0,-1.2266695937344596,-0.36933641588532207,United Kingdom_2016
2016,Latvia,Armenia,6.0,0.0,6.0,9,3.0,0.0,0.0,True,1.0000000000000002,0.19058879528566755,1.0,0.0,0.852571020921196,0.5359924374504857,Armenia_2016
2016,Latvia,Australia,5.0,6.0,11.0,9,8.0,0.0,0.0,False,0.9999569731974741,0.2052457981534942,1.0,0.0,0.8525174513377773,0.6824280744127739,Australia_2016
2016,Latvia,Austria,0.0,4.0,4.0,9,7.0,0.0,0.0,True,-0.7995870694354934,0.006224397836913614,0.0,0.0,-1.3879656672618739,-1.3059610790381109,Austria_2016
2016,Latvia,Azerbaijan,0.0,3.0,3.0,9,2.0,0.0,0.0,True,0.9999879749259529,0.10940729420998091,1.0,0.0,0.8525560493646434,-0.2750782109470606,Azerbaijan_2016
2016,Latvia,Belgium,0.0,0.0,0.0,9,7.0,0.0,0.0,True,0.9999569731974741,0.1958963291639811,1.0,0.0,0.8525174513377773,0.5890191108555795,Belgium_2016
2016,Latvia,Bulgaria,1.0,1.0,2.0,9,3.0,0.0,0.0,False,0.9999879749259529,0.1495293708954264,1.0,0.0,0.8525560493646434,0.12577467205126114,Bulgaria_2016
2016,Latvia,Croatia,0.0,0.0,0.0,9,6.0,0.0,0.0,True,0.9999394352389174,0.18287291716913046,1.0,0.0,0.8524956160844297,0.45890440404369215,Croatia_2016
2016,Latvia,Cyprus,0.0,0.0,0.0,9,3.0,0.0,0.0,True,0.9999115319140994,0.1529646869736431,1.0,0.0,0.8524608756575626,0.16009633403201273,Cyprus_2016
2016,Latvia,Czech Republic,0.0,0.0,0.0,9,2.0,0.0,0.0,False,0.9999879749259529,0.18166623834407403,1.0,0.0,0.8525560493646434,0.4468486799676659,Czech Republic_2016
2016,Latvia,France,0.0,0.0,0.0,9,7.0,0.0,0.0,True,-0.7894364339782302,0.11294891992432646,1.0,0.0,-1.3753278396531747,-0.23969442737009042,France_2016
2016,Latvia,Georgia,0.0,2.0,2.0,9,4.0,0.0,0.0,True,0.9999879749259529,0.2431639013444632,1.0,0.0,0.8525560493646434,1.061261430948417,Georgia_2016
2016,Latvia,Germany,0.0,0.0,0.0,9,7.0,0.0,0.0,True,0.9999783312803154,0.17310842305640328,1.0,0.0,0.8525440427536684,0.36134899466662224,Germany_2016
2016,Latvia,Hungary,0.0,0.0,0.0,9,5.0,0.0,0.0,True,0.9999569731974741,0.17643459074755977,1.0,0.0,0.8525174513377773,0.39458017357066966,Hungary_2016
2016,Latvia,Israel,2.0,0.0,2.0,9,2.0,0.0,0.0,True,0.9999879749259529,0.16875346690599205,1.0,0.0,0.8525560493646434,0.3178393642476944,Israel_2016
2016,Latvia,Italy,0.0,0.0,0.0,9,1.0,0.0,0.0,True,-0.6707800894246454,0.06133064550661487,1.0,0.0,-1.2275973420444133,-0.755403877754649,Italy_2016
2016,Latvia,Lithuania,10.0,8.0,18.0,9,9.0,1.0,1.0,True,0.9999870263306387,0.15740914634738742,1.0,0.0,0.8525548683367067,0.2045001760191002,Lithuania_2016
2016,Latvia,Malta,4.0,0.0,4.0,9,3.0,0.0,0.0,True,0.9999740903895503,0.12524615624873134,1.0,0.0,0.8525387627249821,-0.11683481887585853,Malta_2016
2016,Latvia,Netherlands,3.0,0.0,3.0,9,7.0,0.0,0.0,False,0.9999879749259529,0.07327545804954627,1.0,0.0,0.8525560493646434,-0.6360652756616652,Netherlands_2016
2016,Latvia,Poland,0.0,5.0,5.0,9,9.0,1.0,0.0,True,0.9999569731974741,0.27685920505246847,1.0,0.0,0.8525174513377773,1.397905511980186,Poland_2016
2016,Latvia,Russia,7.0,12.0,19.0,9,4.0,0.0,0.0,True,0.9999394352389174,0.18932169073861904,1.0,0.0,0.8524956160844297,0.5233330102048136,Russia_2016
2016,Latvia,Serbia,0.0,0.0,0.0,9,6.0,0.0,0.0,True,0.9999569731974741,0.24014781152856254,1.0,0.0,0.8525174513377773,1.0311281876578415,Serbia_2016
2016,Latvia,Spain,0.0,0.0,0.0,9,5.0,0.0,0.0,True,0.9999394352389174,0.20081262454954324,1.0,0.0,0.8524956160844297,0.6381369866431212,Spain_2016
2016,Latvia,Sweden,8.0,7.0,15.0,9,8.0,0.0,0.0,True,0.9999878924342012,0.20098185226353987,1.0,0.0,0.8525559466600845,0.6398277121150501,Sweden_2016
2016,Latvia,Ukraine,12.0,10.0,22.0,9,9.0,1.0,0.0,True,0.9999569731974741,0.16845448051348794,1.0,0.0,0.8525174513377773,0.3148522417626806,Ukraine_2016
2016,Latvia,United Kingdom,0.0,0.0,0.0,9,8.0,0.0,0.0,True,0.9999879749259529,0.3646772499517486,1.0,0.0,0.8525560493646434,2.2752807473932193,United Kingdom_2016
2016,Lithuania,Armenia,4.0,0.0,4.0,9,3.0,0.0,0.0,True,0.9999870263306387,0.216261882586525,1.0,0.0,0.8525548683367067,0.7924879110197659,Armenia_2016
2016,Lithuania,Australia,12.0,5.0,17.0,9,8.0,0.0,0.0,False,0.9999833986871589,0.20775273516202203,1.0,0.0,0.8525503518181974,0.7074744581092616,Australia_2016
2016,Lithuania,Austria,0.0,1.0,1.0,9,7.0,0.0,0.0,True,-0.7995338423240154,0.008285585841753589,0.0,0.0,-1.3878993980059442,-1.2853680982555038,Austria_2016
2016,Lithuania,Azerbaijan,0.0,0.0,0.0,9,2.0,0.0,0.0,True,0.999975086342286,0.22625570711110124,1.0,0.0,0.8525400027142452,0.8923345217588589,Azerbaijan_2016
2016,Lithuania,Belgium,5.0,0.0,5.0,9,7.0,0.0,0.0,True,0.9999833986871589,0.1724686185166616,1.0,0.0,0.8525503518181974,0.35495681570934745,Belgium_2016
2016,Lithuania,Bulgaria,2.0,0.0,2.0,9,3.0,0.0,0.0,False,0.999975086342286,0.18182211114017197,1.0,0.0,0.8525400027142452,0.4484059787133596,Bulgaria_2016
2016,Lithuania,Croatia,0.0,0.0,0.0,9,6.0,0.0,0.0,True,0.9999660613920944,0.1695038600141435,1.0,0.0,0.8525287663965606,0.32533641488998316,Croatia_2016
2016,Lithuania,Cyprus,0.0,0.0,0.0,9,3.0,0.0,0.0,True,0.9998983646807891,0.2922384253045475,1.0,0.0,0.8524444820804944,1.5515567006921696,Cyprus_2016
2016,Lithuania,Czech Republic,0.0,0.0,0.0,9,2.0,0.0,0.0,False,0.999975086342286,0.21869529812964675,1.0,0.0,0.8525400027142452,0.8167997541888191,Czech Republic_2016
2016,Lithuania,France,1.0,3.0,4.0,9,7.0,0.0,0.0,True,-0.7892226723879717,0.0606944439694411,1.0,0.0,-1.3750617004406671,-0.7617600597225825,France_2016
2016,Lithuania,Georgia,10.0,4.0,14.0,9,4.0,0.0,0.0,True,0.999975086342286,0.23344012582498208,1.0,0.0,0.8525400027142452,0.9641128341504238,Georgia_2016
2016,Lithuania,Germany,0.0,0.0,0.0,9,7.0,0.0,0.0,True,0.9999651701094507,0.24090432513033133,1.0,0.0,0.852527656724516,1.038686387116806,Germany_2016
2016,Lithuania,Hungary,0.0,2.0,2.0,9,5.0,0.0,0.0,True,0.9999833986871589,0.28006207958565127,1.0,0.0,0.8525503518181974,1.4299048897933977,Hungary_2016
2016,Lithuania,Israel,6.0,0.0,6.0,9,2.0,0.0,0.0,True,0.999975086342286,0.17846469008043886,1.0,0.0,0.8525400027142452,0.41486255268921496,Israel_2016
2016,Lithuania,Italy,0.0,0.0,0.0,9,1.0,0.0,0.0,True,-0.6712672686176898,0.11215045116510308,1.0,0.0,-1.2282038938885973,-0.24767179371201983,Italy_2016
2016,Lithuania,Latvia,7.0,12.0,19.0,9,9.0,1.0,1.0,True,0.9999870263306387,0.15740914634738742,1.0,0.0,0.8525548683367067,0.2045001760191002,Latvia_2016
2016,Lithuania,Malta,0.0,0.0,0.0,9,3.0,0.0,0.0,True,0.9999874123664523,0.18735054908588883,1.0,0.0,0.852555348962189,0.5036396672981237,Malta_2016
2016,Lithuania,Netherlands,0.0,0.0,0.0,9,7.0,0.0,0.0,False,0.999975086342286,0.153926446748461,1.0,0.0,0.8525400027142452,0.16970511329610868,Netherlands_2016
2016,Lithuania,Poland,3.0,6.0,9.0,9,9.0,1.0,0.0,True,0.9999833986871589,0.2797912452317136,1.0,0.0,0.8525503518181974,1.427199029564825,Poland_2016
2016,Lithuania,Russia,0.0,8.0,8.0,9,4.0,0.0,0.0,True,0.9999660613920944,0.24582864991418976,1.0,0.0,0.8525287663965606,1.08788448326485,Russia_2016
2016,Lithuania,Serbia,0.0,0.0,0.0,9,6.0,0.0,0.0,True,0.9999833986871589,0.2562800704088228,1.0,0.0,0.8525503518181974,1.1923028579553392,Serbia_2016
2016,Lithuania,Spain,0.0,0.0,0.0,9,5.0,0.0,0.0,True,0.9999660613920944,0.17461408989998112,1.0,0.0,0.8525287663965606,0.3763918574729261,Spain_2016
2016,Lithuania,Sweden,0.0,7.0,7.0,9,8.0,0.0,0.0,True,0.999981995183509,0.1837608329374858,1.0,0.0,0.8525486044165445,0.46777542032720426,Sweden_2016
2016,Lithuania,Ukraine,8.0,10.0,18.0,9,9.0,1.0,0.0,True,0.9999833986871589,0.130907920659914,1.0,0.0,0.8525503518181974,-0.06026908812186817,Ukraine_2016
2016,Lithuania,United Kingdom,0.0,0.0,0.0,9,8.0,0.0,0.0,True,0.999975086342286,0.3586166335742243,1.0,0.0,0.8525400027142452,2.214730154094574,United Kingdom_2016
2016,Malta,Armenia,7.0,0.0,7.0,3,3.0,1.0,0.0,True,0.9999740903895503,0.2209298318325341,1.0,0.0,0.8525387627249821,0.8391246025256011,Armenia_2016
2016,Malta,Australia,3.0,12.0,15.0,3,8.0,0.0,0.0,False,0.9999705520635489,0.202496651766942,1.0,0.0,0.8525343574092542,0.6549618177812068,Australia_2016
2016,Malta,Austria,0.0,0.0,0.0,3,7.0,0.0,0.0,True,-0.7995934865520659,0.04219667974262029,0.0,0.0,-1.3879736567531065,-0.9465680938997899,Austria_2016
2016,Malta,Azerbaijan,0.0,6.0,6.0,3,2.0,0.0,0.0,True,0.9999812833867429,0.21571424159273686,1.0,0.0,0.8525477182094827,0.7870165224640564,Azerbaijan_2016
2016,Malta,Belgium,0.0,0.0,0.0,3,7.0,0.0,0.0,True,0.9999705520635489,0.1478353333929637,1.0,0.0,0.8525343574092542,0.1088498298479716,Belgium_2016
2016,Malta,Bulgaria,10.0,8.0,18.0,3,3.0,1.0,0.0,False,0.9999812833867429,0.1403100177568959,1.0,0.0,0.8525477182094827,0.033665673956948104,Bulgaria_2016
2016,Malta,Croatia,0.0,0.0,0.0,3,6.0,0.0,0.0,True,0.9999745713987931,0.1883578845348258,1.0,0.0,0.8525393615950642,0.5137037854149029,Croatia_2016
2016,Malta,Cyprus,5.0,0.0,5.0,3,3.0,1.0,0.0,True,0.9998856438106234,0.2447463255444236,1.0,0.0,0.8524286442381384,1.07707116352167,Cyprus_2016
2016,Malta,Czech Republic,0.0,0.0,0.0,3,2.0,0.0,0.0,False,0.9999812833867429,0.1673040982720903,1.0,0.0,0.8525477182094827,0.30335896733350354,Czech Republic_2016
2016,Malta,France,6.0,2.0,8.0,3,7.0,0.0,0.0,True,-0.7899630887989014,0.08494358675309989,1.0,0.0,-1.3759835397678086,-0.5194909750170622,France_2016
2016,Malta,Georgia,0.0,0.0,0.0,3,4.0,0.0,0.0,True,0.9999812833867429,0.20211532197918677,1.0,0.0,0.8525477182094827,0.6511520163595801,Georgia_2016
2016,Malta,Germany,0.0,0.0,0.0,3,7.0,0.0,0.0,True,0.9999525411041333,0.2076047573048703,1.0,0.0,0.8525119332564884,0.7059960363634424,Germany_2016
2016,Malta,Hungary,0.0,5.0,5.0,3,5.0,0.0,0.0,True,0.9999705520635489,0.12690232945857252,1.0,0.0,0.8525343574092542,-0.10028827241680524,Hungary_2016
2016,Malta,Israel,1.0,0.0,1.0,3,2.0,0.0,0.0,True,0.9999812833867429,0.10047615802253812,1.0,0.0,0.8525477182094827,-0.36430768222429816,Israel_2016
2016,Malta,Italy,8.0,7.0,15.0,3,1.0,0.0,1.0,True,-0.670497569163769,0.07060796195125349,1.0,0.0,-1.2272455963465256,-0.6627157780713603,Italy_2016
2016,Malta,Latvia,0.0,0.0,0.0,3,9.0,0.0,0.0,True,0.9999740903895503,0.12524615624873134,1.0,0.0,0.8525387627249821,-0.11683481887585853,Latvia_2016
2016,Malta,Lithuania,0.0,0.0,0.0,3,9.0,0.0,0.0,True,0.9999874123664523,0.18735054908588883,1.0,0.0,0.852555348962189,0.5036396672981237,Lithuania_2016
2016,Malta,Netherlands,0.0,3.0,3.0,3,7.0,0.0,0.0,False,0.9999812833867429,0.17918151846292674,1.0,0.0,0.8525477182094827,0.4220242638336315,Netherlands_2016
2016,Malta,Poland,0.0,0.0,0.0,3,9.0,0.0,0.0,True,0.9999705520635489,0.12787206052539293,1.0,0.0,0.8525343574092542,-0.09059985332236165,Poland_2016
2016,Malta,Russia,4.0,10.0,14.0,3,4.0,0.0,0.0,True,0.9999745713987931,0.14942549233169167,1.0,0.0,0.8525393615950642,0.12473683888820615,Russia_2016
2016,Malta,Serbia,0.0,0.0,0.0,3,6.0,0.0,0.0,True,0.9999705520635489,0.2088867535105293,1.0,0.0,0.8525343574092542,0.7188042436519185,Serbia_2016
2016,Malta,Spain,2.0,0.0,2.0,3,5.0,0.0,0.0,True,0.9999745713987931,0.1684307893794784,1.0,0.0,0.8525393615950642,0.3146155476492707,Spain_2016
2016,Malta,Sweden,0.0,0.0,0.0,3,8.0,0.0,0.0,True,0.9999916295275294,0.21203899101075252,1.0,0.0,0.8525605994467438,0.7502977154322134,Sweden_2016
2016,Malta,Ukraine,0.0,4.0,4.0,3,9.0,0.0,0.0,True,0.9999705520635489,0.22389199513364935,1.0,0.0,0.8525343574092542,0.868719075126632,Ukraine_2016
2016,Malta,United Kingdom,12.0,1.0,13.0,3,8.0,0.0,0.0,True,0.9999812833867429,0.17865652319780395,1.0,0.0,0.8525477182094827,0.41677912492332986,United Kingdom_2016
2016,Netherlands,Armenia,2.0,8.0,10.0,7,3.0,0.0,0.0,False,0.9999879749259529,0.18121259012857194,1.0,0.0,0.8525560493646434,0.4423163573644089,Armenia_2016
2016,Netherlands,Australia,12.0,5.0,17.0,7,8.0,0.0,0.0,False,0.9999450542907872,0.14278932462430577,1.0,0.0,0.8525026119625847,0.05843600958614321,Australia_2016
2016,Netherlands,Austria,8.0,6.0,14.0,7,7.0,1.0,0.0,False,-0.7998278265416107,0.04086488312322817,0.0,0.0,-1.3882654166534751,-0.9598738486999747,Austria_2016
2016,Netherlands,Azerbaijan,1.0,0.0,1.0,7,2.0,0.0,0.0,False,0.9999999999999997,0.16712035631765526,1.0,0.0,0.8525710209211951,0.3015232325399017,Azerbaijan_2016
2016,Netherlands,Belgium,4.0,12.0,16.0,7,7.0,1.0,0.0,False,0.9999450542907872,0.16627142903206746,1.0,0.0,0.8525026119625847,0.2930417435942596,Belgium_2016
2016,Netherlands,Bulgaria,0.0,1.0,1.0,7,3.0,0.0,0.0,False,0.9999999999999997,0.1920297772650217,1.0,0.0,0.8525710209211951,0.5503890447173843,Bulgaria_2016
2016,Netherlands,Croatia,0.0,0.0,0.0,7,6.0,0.0,0.0,False,0.9999486317348045,0.13072119081408456,1.0,0.0,0.8525070659813466,-0.06213467443309996,Croatia_2016
2016,Netherlands,Cyprus,0.0,0.0,0.0,7,3.0,0.0,0.0,False,0.9998997375407082,0.12196148506639518,1.0,0.0,0.8524461913298376,-0.14965141317788244,Cyprus_2016
2016,Netherlands,Czech Republic,0.0,0.0,0.0,7,2.0,0.0,0.0,False,0.9999999999999997,0.1211634377940093,1.0,0.0,0.8525710209211951,-0.1576245685160973,Czech Republic_2016
2016,Netherlands,France,5.0,4.0,9.0,7,7.0,1.0,0.0,False,-0.7900538562744406,0.07466708604839897,1.0,0.0,-1.3760965478364333,-0.6221617556675555,France_2016
2016,Netherlands,Georgia,0.0,0.0,0.0,7,4.0,0.0,0.0,False,0.9999999999999997,0.1278280744980993,1.0,0.0,0.8525710209211951,-0.091039310282442,Georgia_2016
2016,Netherlands,Germany,0.0,0.0,0.0,7,7.0,1.0,0.0,False,0.9999666283227705,0.16627187686211473,1.0,0.0,0.8525294722412518,0.29304621778852796,Germany_2016
2016,Netherlands,Hungary,0.0,0.0,0.0,7,5.0,0.0,0.0,False,0.9999450542907872,0.1326141269677466,1.0,0.0,0.8525026119625847,-0.043222669442031354,Hungary_2016
2016,Netherlands,Israel,7.0,0.0,7.0,7,2.0,0.0,0.0,False,0.9999999999999997,0.12829048769032877,1.0,0.0,0.8525710209211951,-0.08641941827897341,Israel_2016
2016,Netherlands,Italy,6.0,0.0,6.0,7,1.0,0.0,0.0,False,-0.6700349269503646,0.0578179549620689,1.0,0.0,-1.2266695937344596,-0.7904985749434659,Italy_2016
2016,Netherlands,Latvia,0.0,0.0,0.0,7,9.0,0.0,0.0,False,0.9999879749259529,0.07327545804954627,1.0,0.0,0.8525560493646434,-0.6360652756616652,Latvia_2016
2016,Netherlands,Lithuania,0.0,0.0,0.0,7,9.0,0.0,0.0,False,0.999975086342286,0.153926446748461,1.0,0.0,0.8525400027142452,0.16970511329610868,Lithuania_2016
2016,Netherlands,Malta,0.0,0.0,0.0,7,3.0,0.0,0.0,False,0.9999812833867429,0.17918151846292674,1.0,0.0,0.8525477182094827,0.4220242638336315,Malta_2016
2016,Netherlands,Poland,0.0,10.0,10.0,7,9.0,0.0,0.0,False,0.9999450542907872,0.114527371192784,1.0,0.0,0.8525026119625847,-0.22392438768360806,Poland_2016
2016,Netherlands,Russia,0.0,3.0,3.0,7,4.0,0.0,0.0,False,0.9999486317348045,0.24952263448426612,1.0,0.0,0.8525070659813466,1.1247904584035588,Russia_2016
2016,Netherlands,Serbia,0.0,0.0,0.0,7,6.0,0.0,0.0,False,0.9999450542907872,0.16520186161175232,1.0,0.0,0.8525026119625847,0.28235587637567844,Serbia_2016
2016,Netherlands,Spain,0.0,0.0,0.0,7,5.0,0.0,0.0,False,0.9999486317348045,0.23239187368392672,1.0,0.0,0.8525070659813466,0.9536399242822357,Spain_2016
2016,Netherlands,Sweden,10.0,2.0,12.0,7,8.0,0.0,0.0,False,0.9999960598452231,0.16036340465350352,1.0,0.0,0.852566115317302,0.2340156711519321,Sweden_2016
2016,Netherlands,Ukraine,3.0,7.0,10.0,7,9.0,0.0,0.0,False,0.9999450542907872,0.11454596284513457,1.0,0.0,0.8525026119625847,-0.22373864162906415,Ukraine_2016
2016,Netherlands,United Kingdom,0.0,0.0,0.0,7,8.0,0.0,0.0,False,0.9999999999999997,0.26298957093883274,1.0,0.0,0.8525710209211951,1.2593363430867033,United Kingdom_2016
2016,Poland,Armenia,0.0,2.0,2.0,9,3.0,0.0,0.0,True,0.9999569731974741,0.2911852116544533,1.0,0.0,0.8525174513377773,1.5410342212262302,Armenia_2016
2016,Poland,Australia,10.0,7.0,17.0,9,8.0,0.0,0.0,False,0.9999999999999997,0.17000645895979477,1.0,0.0,0.8525710209211951,0.3303577959599544,Australia_2016
2016,Poland,Austria,0.0,4.0,4.0,9,7.0,0.0,0.0,True,-0.7995379327009485,0.016023642298768577,0.0,0.0,-1.387904490640662,-1.208058484799642,Austria_2016
2016,Poland,Azerbaijan,0.0,0.0,0.0,9,2.0,0.0,0.0,True,0.9999450542907872,0.16446456691515357,1.0,0.0,0.8525026119625847,0.2749896897481006,Azerbaijan_2016
2016,Poland,Belgium,0.0,0.0,0.0,9,7.0,0.0,1.0,True,0.9999999999999997,0.3007381278579761,1.0,0.0,0.8525710209211951,1.6364757914930204,Belgium_2016
2016,Poland,Bulgaria,3.0,3.0,6.0,9,3.0,0.0,0.0,False,0.9999450542907872,0.1550088295184416,1.0,0.0,0.8525026119625847,0.18051901650595484,Bulgaria_2016
2016,Poland,Croatia,0.0,0.0,0.0,9,6.0,0.0,0.0,True,0.9999629449531463,0.2112984398304019,1.0,0.0,0.8525248863421201,0.7428989938261843,Croatia_2016
2016,Poland,Cyprus,0.0,1.0,1.0,9,3.0,0.0,0.0,True,0.9998682667026022,0.15276696179507,1.0,0.0,0.8524070092482469,0.15812089521079287,Cyprus_2016
2016,Poland,Czech Republic,4.0,0.0,4.0,9,2.0,0.0,0.0,False,0.9999450542907872,0.2052311081760253,1.0,0.0,0.8525026119625847,0.6822813093321488,Czech Republic_2016
2016,Poland,France,1.0,0.0,1.0,9,7.0,0.0,0.0,True,-0.7893967836758673,0.08511028452512619,1.0,0.0,-1.3752784739077486,-0.5178255257675127,France_2016
2016,Poland,Georgia,8.0,0.0,8.0,9,4.0,0.0,0.0,True,0.9999450542907872,0.19409899350939616,1.0,0.0,0.8525026119625847,0.5710622342835002,Georgia_2016
2016,Poland,Germany,0.0,0.0,0.0,9,7.0,0.0,0.0,True,0.9999350718142186,0.29328608433243497,1.0,0.0,0.8524901834975382,1.5620236848670004,Germany_2016
2016,Poland,Hungary,0.0,6.0,6.0,9,5.0,0.0,0.0,True,0.9999999999999997,0.2474552241600135,1.0,0.0,0.8525710209211951,1.1041353114799755,Hungary_2016
2016,Poland,Israel,7.0,0.0,7.0,9,2.0,0.0,0.0,True,0.9999450542907872,0.21497359326400112,1.0,0.0,0.8525026119625847,0.7796168302649408,Israel_2016
2016,Poland,Italy,0.0,0.0,0.0,9,1.0,0.0,0.0,True,-0.672050757540032,0.1638523407374957,1.0,0.0,-1.2291793597080105,0.2688730415425447,Italy_2016
2016,Poland,Latvia,6.0,5.0,11.0,9,9.0,1.0,0.0,True,0.9999569731974741,0.27685920505246847,1.0,0.0,0.8525174513377773,1.397905511980186,Latvia_2016
2016,Poland,Lithuania,2.0,0.0,2.0,9,9.0,1.0,0.0,True,0.9999833986871589,0.2797912452317136,1.0,0.0,0.8525503518181974,1.427199029564825,Lithuania_2016
2016,Poland,Malta,0.0,0.0,0.0,9,3.0,0.0,0.0,True,0.9999705520635489,0.12787206052539293,1.0,0.0,0.8525343574092542,-0.09059985332236165,Malta_2016
2016,Poland,Netherlands,0.0,0.0,0.0,9,7.0,0.0,0.0,False,0.9999450542907872,0.114527371192784,1.0,0.0,0.8525026119625847,-0.22392438768360806,Netherlands_2016
2016,Poland,Russia,0.0,8.0,8.0,9,4.0,0.0,0.0,True,0.9999629449531463,0.23059870693871903,1.0,0.0,0.8525248863421201,0.9357246985787275,Russia_2016
2016,Poland,Serbia,0.0,0.0,0.0,9,6.0,0.0,0.0,True,0.9999999999999997,0.18871383063417502,1.0,0.0,0.8525710209211951,0.5172599826983775,Serbia_2016
2016,Poland,Spain,5.0,0.0,5.0,9,5.0,0.0,0.0,True,0.9999629449531463,0.20568329557582063,1.0,0.0,0.8525248863421201,0.6867990371727225,Spain_2016
2016,Poland,Sweden,0.0,10.0,10.0,9,8.0,0.0,0.0,True,0.9999563434974452,0.1957647068684375,1.0,0.0,0.8525166673434705,0.5877040947598487,Sweden_2016
2016,Poland,Ukraine,12.0,12.0,24.0,9,9.0,1.0,0.0,True,0.9999999999999997,0.16055139199036203,1.0,0.0,0.8525710209211951,0.23589382084337734,Ukraine_2016
2016,Poland,United Kingdom,0.0,0.0,0.0,9,8.0,0.0,0.0,True,0.9999450542907872,0.22669135183466826,1.0,0.0,0.8525026119625847,0.8966869745188177,United Kingdom_2016
2016,Russia,Armenia,12.0,12.0,24.0,4,3.0,0.0,1.0,True,0.9999394352389174,0.2219693931590114,1.0,0.0,0.8524956160844297,0.8495106839350699,Armenia_2016
2016,Russia,Australia,2.0,4.0,6.0,4,8.0,0.0,0.0,False,0.9999629449531463,0.23938850212067284,1.0,0.0,0.8525248863421201,1.0235420557727304,Australia_2016
2016,Russia,Austria,0.0,8.0,8.0,4,7.0,0.0,0.0,True,-0.799918487671188,0.019049694206145752,0.0,0.0,-1.3883782923183763,-1.1778257119378441,Austria_2016
2016,Russia,Azerbaijan,10.0,6.0,16.0,4,2.0,0.0,1.0,True,0.9999486317348045,0.23177174237879472,1.0,0.0,0.8525070659813466,0.947444297284946,Azerbaijan_2016
2016,Russia,Belgium,0.0,0.0,0.0,4,7.0,0.0,0.0,True,0.9999629449531463,0.21109060932929538,1.0,0.0,0.8525248863421201,0.7408225944364749,Belgium_2016
2016,Russia,Bulgaria,0.0,0.0,0.0,4,3.0,0.0,0.0,False,0.9999486317348045,0.3007508275865223,1.0,0.0,0.8525070659813466,1.6366026723332356,Bulgaria_2016
2016,Russia,Croatia,0.0,0.0,0.0,4,6.0,0.0,0.0,True,1.0,0.21851250011489068,1.0,0.0,0.8525710209211956,0.8149734501369174,Croatia_2016
2016,Russia,Cyprus,4.0,7.0,11.0,4,3.0,0.0,0.0,True,0.9998506330826251,0.2064023196274301,1.0,0.0,0.8523850548937313,0.6939826848760167,Cyprus_2016
2016,Russia,Czech Republic,0.0,0.0,0.0,4,2.0,0.0,0.0,False,0.9999486317348045,0.24368216312030366,1.0,0.0,0.8525070659813466,1.06643929670602,Czech Republic_2016
2016,Russia,France,7.0,3.0,10.0,4,7.0,0.0,0.0,True,-0.7887612453825443,0.1661839175852353,1.0,0.0,-1.3744872107968273,0.29216743152828534,France_2016
2016,Russia,Georgia,5.0,0.0,5.0,4,4.0,1.0,1.0,True,0.9999486317348045,0.2441964177124649,1.0,0.0,0.8525070659813466,1.0715771273691503,Georgia_2016
2016,Russia,Germany,0.0,0.0,0.0,4,7.0,0.0,0.0,True,0.9999176743454533,0.31310473317642473,1.0,0.0,0.8524685231579456,1.7600284538755426,Germany_2016
2016,Russia,Hungary,1.0,0.0,1.0,4,5.0,0.0,0.0,True,0.9999629449531463,0.17632669820271402,1.0,0.0,0.8525248863421201,0.3935022374011509,Hungary_2016
2016,Russia,Israel,0.0,0.0,0.0,4,2.0,0.0,0.0,True,0.9999486317348045,0.21660823923594755,1.0,0.0,0.8525070659813466,0.795948301730724,Israel_2016
2016,Russia,Italy,0.0,0.0,0.0,4,1.0,0.0,0.0,True,-0.6710993768283663,0.15572037857890725,1.0,0.0,-1.2279948638727602,0.1876279828368493,Italy_2016
2016,Russia,Latvia,3.0,1.0,4.0,4,9.0,0.0,0.0,True,0.9999394352389174,0.18932169073861904,1.0,0.0,0.8524956160844297,0.5233330102048136,Latvia_2016
2016,Russia,Lithuania,0.0,0.0,0.0,4,9.0,0.0,0.0,True,0.9999660613920944,0.24582864991418976,1.0,0.0,0.8525287663965606,1.08788448326485,Lithuania_2016
2016,Russia,Malta,8.0,0.0,8.0,4,3.0,0.0,0.0,True,0.9999745713987931,0.14942549233169167,1.0,0.0,0.8525393615950642,0.12473683888820615,Malta_2016
2016,Russia,Netherlands,0.0,0.0,0.0,4,7.0,0.0,0.0,False,0.9999486317348045,0.24952263448426612,1.0,0.0,0.8525070659813466,1.1247904584035588,Netherlands_2016
2016,Russia,Poland,0.0,5.0,5.0,4,9.0,0.0,0.0,True,0.9999629449531463,0.23059870693871903,1.0,0.0,0.8525248863421201,0.9357246985787275,Poland_2016
2016,Russia,Serbia,0.0,0.0,0.0,4,6.0,0.0,0.0,True,0.9999629449531463,0.2836864468131572,1.0,0.0,0.8525248863421201,1.4661153298356853,Serbia_2016
2016,Russia,Spain,0.0,0.0,0.0,4,5.0,0.0,0.0,True,1.0,0.257519550491081,1.0,0.0,0.8525710209211956,1.2046862938449485,Spain_2016
2016,Russia,Sweden,0.0,2.0,2.0,4,8.0,0.0,0.0,True,0.9999602501915448,0.2633503409752135,1.0,0.0,0.8525215312878766,1.2629407355092692,Sweden_2016
2016,Russia,Ukraine,0.0,10.0,10.0,4,9.0,0.0,1.0,True,0.9999629449531463,0.19639581731660283,1.0,0.0,0.8525248863421201,0.5940094125184683,Ukraine_2016
2016,Russia,United Kingdom,6.0,0.0,6.0,4,8.0,0.0,0.0,True,0.9999486317348045,0.2528079597286989,1.0,0.0,0.8525070659813466,1.1576135873293798,United Kingdom_2016
2016,Serbia,Armenia,3.0,2.0,5.0,6,3.0,0.0,0.0,True,0.9999569731974741,0.18969567122525738,1.0,0.0,0.8525174513377773,0.5270693860018438,Armenia_2016
2016,Serbia,Australia,6.0,6.0,12.0,6,8.0,0.0,0.0,False,0.9999999999999997,0.1903416938122977,1.0,0.0,0.8525710209211951,0.5335236884181266,Australia_2016
2016,Serbia,Austria,0.0,0.0,0.0,6,7.0,0.0,0.0,True,-0.7995379327009485,0.019307855891419437,0.0,0.0,-1.387904490640662,-1.1752464621987795,Austria_2016
2016,Serbia,Azerbaijan,0.0,0.0,0.0,6,2.0,0.0,0.0,True,0.9999450542907872,0.27792729320275295,1.0,0.0,0.8525026119625847,1.4085766000620545,Azerbaijan_2016
2016,Serbia,Belgium,0.0,5.0,5.0,6,7.0,0.0,0.0,True,0.9999999999999997,0.20524294990869696,1.0,0.0,0.8525710209211951,0.68239961808068,Belgium_2016
2016,Serbia,Bulgaria,4.0,8.0,12.0,6,3.0,0.0,0.0,False,0.9999450542907872,0.1889362668753468,1.0,0.0,0.8525026119625847,0.5194823055670579,Bulgaria_2016
2016,Serbia,Croatia,0.0,4.0,4.0,6,6.0,1.0,0.0,True,0.9999629449531463,0.21670121340428486,1.0,0.0,0.8525248863421201,0.7968771909234388,Croatia_2016
2016,Serbia,Cyprus,0.0,3.0,3.0,6,3.0,0.0,0.0,True,0.9998682667026022,0.23446857181712782,1.0,0.0,0.8524070092482469,0.9743878641343339,Cyprus_2016
2016,Serbia,Czech Republic,0.0,0.0,0.0,6,2.0,0.0,0.0,False,0.9999450542907872,0.1538585329180701,1.0,0.0,0.8525026119625847,0.16902659770178685,Czech Republic_2016
2016,Serbia,France,0.0,0.0,0.0,6,7.0,0.0,0.0,True,-0.7893967836758673,0.09085510907801865,1.0,0.0,-1.3752784739077486,-0.460429955184252,France_2016
2016,Serbia,Georgia,0.0,0.0,0.0,6,4.0,0.0,0.0,True,0.9999450542907872,0.2601488982721208,1.0,0.0,0.8525026119625847,1.2309556628683467,Georgia_2016
2016,Serbia,Germany,0.0,0.0,0.0,6,7.0,0.0,0.0,True,0.9999350718142186,0.21981289735785725,1.0,0.0,0.8524901834975382,0.8279654990772782,Germany_2016
2016,Serbia,Hungary,0.0,10.0,10.0,6,5.0,0.0,0.0,True,0.9999999999999997,0.2202239841465969,1.0,0.0,0.8525710209211951,0.8320725976634438,Hungary_2016
2016,Serbia,Israel,7.0,0.0,7.0,6,2.0,0.0,0.0,True,0.9999450542907872,0.13452144144002434,1.0,0.0,0.8525026119625847,-0.024167013101234324,Israel_2016
2016,Serbia,Italy,0.0,0.0,0.0,6,1.0,0.0,0.0,True,-0.672050757540032,0.0806722371902728,1.0,0.0,-1.2291793597080105,-0.5621653061584002,Italy_2016
2016,Serbia,Latvia,0.0,0.0,0.0,6,9.0,0.0,0.0,True,0.9999569731974741,0.24014781152856254,1.0,0.0,0.8525174513377773,1.0311281876578415,Latvia_2016
2016,Serbia,Lithuania,8.0,0.0,8.0,6,9.0,0.0,0.0,True,0.9999833986871589,0.2562800704088228,1.0,0.0,0.8525503518181974,1.1923028579553392,Lithuania_2016
2016,Serbia,Malta,10.0,0.0,10.0,6,3.0,0.0,0.0,True,0.9999705520635489,0.2088867535105293,1.0,0.0,0.8525343574092542,0.7188042436519185,Malta_2016
2016,Serbia,Netherlands,5.0,0.0,5.0,6,7.0,0.0,0.0,False,0.9999450542907872,0.16520186161175232,1.0,0.0,0.8525026119625847,0.28235587637567844,Netherlands_2016
2016,Serbia,Poland,0.0,0.0,0.0,6,9.0,0.0,0.0,True,0.9999999999999997,0.18871383063417502,1.0,0.0,0.8525710209211951,0.5172599826983775,Poland_2016
2016,Serbia,Russia,1.0,12.0,13.0,6,4.0,0.0,0.0,True,0.9999629449531463,0.2836864468131572,1.0,0.0,0.8525248863421201,1.4661153298356853,Russia_2016
2016,Serbia,Spain,0.0,0.0,0.0,6,5.0,0.0,0.0,True,0.9999629449531463,0.29278738561662826,1.0,0.0,0.8525248863421201,1.5570412703338263,Spain_2016
2016,Serbia,Sweden,0.0,1.0,1.0,6,8.0,0.0,0.0,True,0.9999563434974452,0.26401552458660765,1.0,0.0,0.8525166673434705,1.2695864724794923,Sweden_2016
2016,Serbia,Ukraine,12.0,7.0,19.0,6,9.0,0.0,0.0,True,0.9999999999999997,0.15348781702788206,1.0,0.0,0.8525710209211951,0.16532283793580552,Ukraine_2016
2016,Serbia,United Kingdom,2.0,0.0,2.0,6,8.0,0.0,0.0,True,0.9999450542907872,0.16719697489031304,1.0,0.0,0.8525026119625847,0.3022887157421266,United Kingdom_2016
2016,Spain,Armenia,12.0,6.0,18.0,5,3.0,0.0,0.0,True,0.9999394352389174,0.23279110226917923,1.0,0.0,0.8524956160844297,0.9576285495627378,Armenia_2016
2016,Spain,Australia,8.0,4.0,12.0,5,8.0,0.0,0.0,False,0.9999629449531463,0.19729557006691653,1.0,0.0,0.8525248863421201,0.6029986900869385,Australia_2016
2016,Spain,Austria,0.0,2.0,2.0,5,7.0,0.0,0.0,True,-0.799918487671188,0.025245387997710537,0.0,0.0,-1.3883782923183763,-1.1159255830388712,Austria_2016
2016,Spain,Azerbaijan,2.0,0.0,2.0,5,2.0,0.0,0.0,True,0.9999486317348045,0.22338195187093618,1.0,0.0,0.8525070659813466,0.8636233191438264,Azerbaijan_2016
2016,Spain,Belgium,0.0,0.0,0.0,5,7.0,0.0,0.0,True,0.9999629449531463,0.20884380574346795,1.0,0.0,0.8525248863421201,0.7183751597742356,Belgium_2016
2016,Spain,Bulgaria,0.0,12.0,12.0,5,3.0,0.0,0.0,False,0.9999486317348045,0.18682247905890598,1.0,0.0,0.8525070659813466,0.49836380896206045,Bulgaria_2016
2016,Spain,Croatia,0.0,0.0,0.0,5,6.0,0.0,0.0,True,1.0,0.18354409118123124,1.0,0.0,0.8525710209211956,0.4656099900943202,Croatia_2016
2016,Spain,Cyprus,0.0,0.0,0.0,5,3.0,0.0,0.0,True,0.9998506330826251,0.20961446537919762,1.0,0.0,0.8523850548937313,0.7260746898662245,Cyprus_2016
2016,Spain,Czech Republic,0.0,0.0,0.0,5,2.0,0.0,0.0,False,0.9999486317348045,0.18623423629850744,1.0,0.0,0.8525070659813466,0.4924867750224343,Czech Republic_2016
2016,Spain,France,7.0,10.0,17.0,5,7.0,0.0,0.0,True,-0.7887612453825443,0.06969242667270707,1.0,0.0,-1.3744872107968273,-0.6718627362103723,France_2016
2016,Spain,Georgia,0.0,0.0,0.0,5,4.0,0.0,0.0,True,0.9999486317348045,0.22896556176246347,1.0,0.0,0.8525070659813466,0.9194082213088876,Georgia_2016
2016,Spain,Germany,0.0,0.0,0.0,5,7.0,0.0,0.0,True,0.9999176743454533,0.17990822146679974,1.0,0.0,0.8524685231579456,0.42928463065037975,Germany_2016
2016,Spain,Hungary,10.0,0.0,10.0,5,5.0,1.0,0.0,True,0.9999629449531463,0.23278230379204523,1.0,0.0,0.8525248863421201,0.957540645465629,Hungary_2016
2016,Spain,Israel,1.0,0.0,1.0,5,2.0,0.0,1.0,True,0.9999486317348045,0.14072546738559366,1.0,0.0,0.8525070659813466,0.03781636093932197,Israel_2016
2016,Spain,Italy,5.0,3.0,8.0,5,1.0,0.0,0.0,True,-0.6710993768283663,0.09673757525478016,1.0,0.0,-1.2279948638727602,-0.4016592304139076,Italy_2016
2016,Spain,Latvia,0.0,0.0,0.0,5,9.0,0.0,0.0,True,0.9999394352389174,0.20081262454954324,1.0,0.0,0.8524956160844297,0.6381369866431212,Latvia_2016
2016,Spain,Lithuania,0.0,0.0,0.0,5,9.0,0.0,0.0,True,0.9999660613920944,0.17461408989998112,1.0,0.0,0.8525287663965606,0.3763918574729261,Lithuania_2016
2016,Spain,Malta,6.0,0.0,6.0,5,3.0,0.0,0.0,True,0.9999745713987931,0.1684307893794784,1.0,0.0,0.8525393615950642,0.3146155476492707,Malta_2016
2016,Spain,Netherlands,3.0,0.0,3.0,5,7.0,0.0,0.0,False,0.9999486317348045,0.23239187368392672,1.0,0.0,0.8525070659813466,0.9536399242822357,Netherlands_2016
2016,Spain,Poland,0.0,5.0,5.0,5,9.0,0.0,0.0,True,0.9999629449531463,0.20568329557582063,1.0,0.0,0.8525248863421201,0.6867990371727225,Poland_2016
2016,Spain,Russia,4.0,8.0,12.0,5,4.0,0.0,0.0,True,1.0,0.257519550491081,1.0,0.0,0.8525710209211956,1.2046862938449485,Russia_2016
2016,Spain,Serbia,0.0,0.0,0.0,5,6.0,0.0,0.0,True,0.9999629449531463,0.29278738561662826,1.0,0.0,0.8525248863421201,1.5570412703338263,Serbia_2016
2016,Spain,Sweden,0.0,1.0,1.0,5,8.0,0.0,0.0,True,0.9999602501915448,0.2346644164362394,1.0,0.0,0.8525215312878766,0.9763445146040006,Sweden_2016
2016,Spain,Ukraine,0.0,7.0,7.0,5,9.0,0.0,0.0,True,0.9999629449531463,0.19573084526988851,1.0,0.0,0.8525248863421201,0.5873657892551833,Ukraine_2016
2016,Spain,United Kingdom,0.0,0.0,0.0,5,8.0,0.0,0.0,True,0.9999486317348045,0.2801794136812496,1.0,0.0,0.8525070659813466,1.4310771548997963,United Kingdom_2016
2016,Sweden,Armenia,4.0,0.0,4.0,8,3.0,0.0,0.0,True,0.9999878924342012,0.21345925537204852,1.0,0.0,0.8525559466600845,0.7644873364807119,Armenia_2016
2016,Sweden,Australia,12.0,12.0,24.0,8,8.0,1.0,0.0,False,0.9999563434974452,0.24015305889572383,1.0,0.0,0.8525166673434705,1.031180613215752,Australia_2016
2016,Sweden,Austria,0.0,5.0,5.0,8,7.0,0.0,0.0,True,-0.7998230814581755,0.02101404120794285,0.0,0.0,-1.3882595088906857,-1.158200253239563,Austria_2016
2016,Sweden,Azerbaijan,10.0,0.0,10.0,8,2.0,0.0,0.0,True,0.9999960598452231,0.2170590055817356,1.0,0.0,0.852566115317302,0.8004518320610299,Azerbaijan_2016
2016,Sweden,Belgium,0.0,0.0,0.0,8,7.0,0.0,0.0,True,0.9999563434974452,0.1356440600012766,1.0,0.0,0.8525166673434705,-0.0129511209051896,Belgium_2016
2016,Sweden,Bulgaria,0.0,4.0,4.0,8,3.0,0.0,0.0,False,0.9999960598452231,0.22030055752992952,1.0,0.0,0.852566115317302,0.832837629386763,Bulgaria_2016
2016,Sweden,Croatia,0.0,0.0,0.0,8,6.0,0.0,0.0,True,0.9999602501915448,0.13062128213402555,1.0,0.0,0.8525215312878766,-0.06313284515971,Croatia_2016
2016,Sweden,Cyprus,0.0,0.0,0.0,8,3.0,0.0,0.0,True,0.9998995528114815,0.24414163178378903,1.0,0.0,0.8524459613367369,1.0710297704207643,Cyprus_2016
2016,Sweden,Czech Republic,3.0,0.0,3.0,8,2.0,0.0,0.0,False,0.9999960598452231,0.14080558821758463,1.0,0.0,0.852566115317302,0.038616834622267025,Czech Republic_2016
2016,Sweden,France,8.0,3.0,11.0,8,7.0,0.0,0.0,True,-0.7899938316066092,0.11941242670819101,1.0,0.0,-1.3760218154310075,-0.1751186241557173,France_2016
2016,Sweden,Georgia,0.0,0.0,0.0,8,4.0,0.0,0.0,True,0.9999960598452231,0.14470158058430474,1.0,0.0,0.852566115317302,0.07754103549509311,Georgia_2016
2016,Sweden,Germany,0.0,0.0,0.0,8,7.0,0.0,0.0,True,0.9999664472033013,0.18080332379865763,1.0,0.0,0.8525292467424012,0.4382274466745042,Germany_2016
2016,Sweden,Hungary,0.0,0.0,0.0,8,5.0,0.0,1.0,True,0.9999563434974452,0.21368001261094727,1.0,0.0,0.8525166673434705,0.7666928847216237,Hungary_2016
2016,Sweden,Israel,0.0,0.0,0.0,8,2.0,0.0,0.0,True,0.9999960598452231,0.17086556948931994,1.0,0.0,0.852566115317302,0.3389410239736555,Israel_2016
2016,Sweden,Italy,0.0,0.0,0.0,8,1.0,0.0,0.0,True,-0.6703019565914551,0.0993544832493389,1.0,0.0,-1.2270020531735482,-0.3755141451935118,Italy_2016
2016,Sweden,Latvia,0.0,0.0,0.0,8,9.0,0.0,0.0,True,0.9999878924342012,0.20098185226353987,1.0,0.0,0.8525559466600845,0.6398277121150501,Latvia_2016
2016,Sweden,Lithuania,2.0,6.0,8.0,8,9.0,0.0,0.0,True,0.999981995183509,0.1837608329374858,1.0,0.0,0.8525486044165445,0.46777542032720426,Lithuania_2016
2016,Sweden,Malta,7.0,0.0,7.0,8,3.0,0.0,0.0,True,0.9999916295275294,0.21203899101075252,1.0,0.0,0.8525605994467438,0.7502977154322134,Malta_2016
2016,Sweden,Netherlands,5.0,2.0,7.0,8,7.0,0.0,0.0,False,0.9999960598452231,0.16036340465350352,1.0,0.0,0.852566115317302,0.2340156711519321,Netherlands_2016
2016,Sweden,Poland,0.0,10.0,10.0,8,9.0,0.0,0.0,True,0.9999563434974452,0.1957647068684375,1.0,0.0,0.8525166673434705,0.5877040947598487,Poland_2016
2016,Sweden,Russia,6.0,8.0,14.0,8,4.0,0.0,0.0,True,0.9999602501915448,0.2633503409752135,1.0,0.0,0.8525215312878766,1.2629407355092692,Russia_2016
2016,Sweden,Serbia,0.0,0.0,0.0,8,6.0,0.0,0.0,True,0.9999563434974452,0.26401552458660765,1.0,0.0,0.8525166673434705,1.2695864724794923,Serbia_2016
2016,Sweden,Spain,1.0,1.0,2.0,8,5.0,0.0,0.0,True,0.9999602501915448,0.2346644164362394,1.0,0.0,0.8525215312878766,0.9763445146040006,Spain_2016
2016,Sweden,Ukraine,0.0,7.0,7.0,8,9.0,0.0,0.0,True,0.9999563434974452,0.11034714874099806,1.0,0.0,0.8525166673434705,-0.2656882832693159,Ukraine_2016
2016,Sweden,United Kingdom,0.0,0.0,0.0,8,8.0,1.0,1.0,True,0.9999960598452231,0.12548726812183086,1.0,0.0,0.852566115317302,-0.11442591092688063,United Kingdom_2016
2016,Ukraine,Armenia,0.0,7.0,7.0,9,3.0,0.0,1.0,True,0.9999569731974741,0.2158818316384784,1.0,0.0,0.8525174513377773,0.7886908862693998,Armenia_2016
2016,Ukraine,Australia,5.0,4.0,9.0,9,8.0,0.0,0.0,False,0.9999999999999997,0.1734171334131038,1.0,0.0,0.8525710209211951,0.3644332676334733,Australia_2016
2016,Ukraine,Austria,0.0,0.0,0.0,9,7.0,0.0,0.0,True,-0.7995379327009485,0.008029049358733498,0.0,0.0,-1.387904490640662,-1.2879311108736955,Austria_2016
2016,Ukraine,Azerbaijan,7.0,10.0,17.0,9,2.0,0.0,1.0,True,0.9999450542907872,0.14604739998982574,1.0,0.0,0.8525026119625847,0.09098688958005575,Azerbaijan_2016
2016,Ukraine,Belgium,10.0,0.0,10.0,9,7.0,0.0,0.0,True,0.9999999999999997,0.21615438927844885,1.0,0.0,0.8525710209211951,0.7914139635572961,Belgium_2016
2016,Ukraine,Bulgaria,1.0,2.0,3.0,9,3.0,0.0,0.0,False,0.9999450542907872,0.19585473890269733,1.0,0.0,0.8525026119625847,0.5886035895885486,Bulgaria_2016
2016,Ukraine,Croatia,0.0,0.0,0.0,9,6.0,0.0,0.0,True,0.9999629449531463,0.09929318434372673,1.0,0.0,0.8525248863421201,-0.3761265721930393,Croatia_2016
2016,Ukraine,Cyprus,0.0,0.0,0.0,9,3.0,0.0,0.0,True,0.9998682667026022,0.10389909485586644,1.0,0.0,0.8524070092482469,-0.3301096991857348,Cyprus_2016
2016,Ukraine,Czech Republic,0.0,0.0,0.0,9,2.0,0.0,0.0,False,0.9999450542907872,0.139109031643828,1.0,0.0,0.8525026119625847,0.021666824803687708,Czech Republic_2016
2016,Ukraine,France,0.0,0.0,0.0,9,7.0,0.0,0.0,True,-0.7893967836758673,0.09163261216144372,1.0,0.0,-1.3752784739077486,-0.4526620533636545,France_2016
2016,Ukraine,Georgia,3.0,6.0,9.0,9,4.0,0.0,1.0,True,0.9999450542907872,0.178334653010243,1.0,0.0,0.8525026119625847,0.41356337431185125,Georgia_2016
2016,Ukraine,Germany,0.0,0.0,0.0,9,7.0,0.0,0.0,True,0.9999350718142186,0.17861917057573157,1.0,0.0,0.8524901834975382,0.41640594119301977,Germany_2016
2016,Ukraine,Hungary,2.0,0.0,2.0,9,5.0,0.0,0.0,True,0.9999999999999997,0.20187573292282698,1.0,0.0,0.8525710209211951,0.6487583226151207,Hungary_2016
2016,Ukraine,Israel,6.0,0.0,6.0,9,2.0,0.0,0.0,True,0.9999450542907872,0.15540907734664292,1.0,0.0,0.8525026119625847,0.18451782487039103,Israel_2016
2016,Ukraine,Italy,0.0,0.0,0.0,9,1.0,0.0,0.0,True,-0.672050757540032,0.12700433355388646,1.0,0.0,-1.2291793597080105,-0.0992691667507453,Italy_2016
2016,Ukraine,Latvia,8.0,5.0,13.0,9,9.0,1.0,0.0,True,0.9999569731974741,0.16845448051348794,1.0,0.0,0.8525174513377773,0.3148522417626806,Latvia_2016
2016,Ukraine,Lithuania,12.0,3.0,15.0,9,9.0,1.0,0.0,True,0.9999833986871589,0.130907920659914,1.0,0.0,0.8525503518181974,-0.06026908812186817,Lithuania_2016
2016,Ukraine,Malta,0.0,0.0,0.0,9,3.0,0.0,0.0,True,0.9999705520635489,0.22389199513364935,1.0,0.0,0.8525343574092542,0.868719075126632,Malta_2016
2016,Ukraine,Netherlands,0.0,0.0,0.0,9,7.0,0.0,0.0,False,0.9999450542907872,0.11454596284513457,1.0,0.0,0.8525026119625847,-0.22373864162906415,Netherlands_2016
2016,Ukraine,Poland,0.0,8.0,8.0,9,9.0,1.0,0.0,True,0.9999999999999997,0.16055139199036203,1.0,0.0,0.8525710209211951,0.23589382084337734,Poland_2016
2016,Ukraine,Russia,0.0,12.0,12.0,9,4.0,0.0,1.0,True,0.9999629449531463,0.19639581731660283,1.0,0.0,0.8525248863421201,0.5940094125184683,Russia_2016
2016,Ukraine,Serbia,0.0,0.0,0.0,9,6.0,0.0,0.0,True,0.9999999999999997,0.15348781702788206,1.0,0.0,0.8525710209211951,0.16532283793580552,Serbia_2016
2016,Ukraine,Spain,0.0,0.0,0.0,9,5.0,0.0,0.0,True,0.9999629449531463,0.19573084526988851,1.0,0.0,0.8525248863421201,0.5873657892551833,Spain_2016
2016,Ukraine,Sweden,4.0,1.0,5.0,9,8.0,0.0,0.0,True,0.9999563434974452,0.11034714874099806,1.0,0.0,0.8525166673434705,-0.2656882832693159,Sweden_2016
2016,Ukraine,United Kingdom,0.0,0.0,0.0,9,8.0,0.0,0.0,True,0.9999450542907872,0.2554607204936292,1.0,0.0,0.8525026119625847,1.1841168715153874,United Kingdom_2016
2016,United Kingdom,Armenia,0.0,0.0,0.0,8,3.0,0.0,0.0,True,0.9999879749259529,0.2265003342031914,1.0,0.0,0.8525560493646434,0.894778549666303,Armenia_2016
2016,United Kingdom,Australia,8.0,6.0,14.0,8,8.0,1.0,0.0,False,0.9999450542907872,0.21433714954879726,1.0,0.0,0.8525026119625847,0.7732582287372642,Australia_2016
2016,United Kingdom,Austria,0.0,0.0,0.0,8,7.0,0.0,0.0,True,-0.7998278265416107,0.01174143902246621,0.0,0.0,-1.3882654166534751,-1.2508412535568072,Austria_2016
2016,United Kingdom,Azerbaijan,0.0,0.0,0.0,8,2.0,0.0,0.0,True,0.9999999999999997,0.13107071683634677,1.0,0.0,0.8525710209211951,-0.058642619054082974,Azerbaijan_2016
2016,United Kingdom,Belgium,0.0,0.0,0.0,8,7.0,0.0,0.0,True,0.9999450542907872,0.24595572908312194,1.0,0.0,0.8525026119625847,1.089154109750908,Belgium_2016
2016,United Kingdom,Bulgaria,5.0,8.0,13.0,8,3.0,0.0,0.0,False,0.9999999999999997,0.27087552756195354,1.0,0.0,0.8525710209211951,1.3381236020902831,Bulgaria_2016
2016,United Kingdom,Croatia,1.0,0.0,1.0,8,6.0,0.0,0.0,True,0.9999486317348045,0.22634786610880908,1.0,0.0,0.8525070659813466,0.8932552667196706,Croatia_2016
2016,United Kingdom,Cyprus,7.0,2.0,9.0,8,3.0,0.0,0.0,True,0.9998997375407082,0.19666946396738555,1.0,0.0,0.8524461913298376,0.5967433699292242,Cyprus_2016
2016,United Kingdom,Czech Republic,0.0,0.0,0.0,8,2.0,0.0,0.0,False,0.9999999999999997,0.21697644365401025,1.0,0.0,0.8525710209211951,0.7996269698034236,Czech Republic_2016
2016,United Kingdom,France,6.0,0.0,6.0,8,7.0,0.0,0.0,True,-0.7900538562744406,0.1849965313074115,1.0,0.0,-1.3760965478364333,0.4801210737684363,France_2016
2016,United Kingdom,Georgia,12.0,0.0,12.0,8,4.0,0.0,0.0,True,0.9999999999999997,0.21808712659343996,1.0,0.0,0.8525710209211951,0.8107236152203083,Georgia_2016
2016,United Kingdom,Germany,0.0,0.0,0.0,8,7.0,0.0,0.0,True,0.9999666283227705,0.22376830366973788,1.0,0.0,0.8525294722412518,0.8674832946285307,Germany_2016
2016,United Kingdom,Hungary,0.0,0.0,0.0,8,5.0,0.0,1.0,True,0.9999450542907872,0.2887078637961006,1.0,0.0,0.8525026119625847,1.516283457725231,Hungary_2016
2016,United Kingdom,Israel,3.0,0.0,3.0,8,2.0,0.0,0.0,True,0.9999999999999997,0.19119220396591502,1.0,0.0,0.8525710209211951,0.5420209915305678,Israel_2016
2016,United Kingdom,Italy,0.0,0.0,0.0,8,1.0,0.0,0.0,True,-0.6700349269503646,0.09997282314299548,1.0,0.0,-1.2266695937344596,-0.36933641588532207,Italy_2016
2016,United Kingdom,Latvia,0.0,3.0,3.0,8,9.0,0.0,0.0,True,0.9999879749259529,0.3646772499517486,1.0,0.0,0.8525560493646434,2.2752807473932193,Latvia_2016
2016,United Kingdom,Lithuania,4.0,12.0,16.0,8,9.0,0.0,0.0,True,0.999975086342286,0.3586166335742243,1.0,0.0,0.8525400027142452,2.214730154094574,Lithuania_2016
2016,United Kingdom,Malta,0.0,0.0,0.0,8,3.0,0.0,0.0,True,0.9999812833867429,0.17865652319780395,1.0,0.0,0.8525477182094827,0.41677912492332986,Malta_2016
2016,United Kingdom,Netherlands,0.0,0.0,0.0,8,7.0,0.0,0.0,False,0.9999999999999997,0.26298957093883274,1.0,0.0,0.8525710209211951,1.2593363430867033,Netherlands_2016
2016,United Kingdom,Poland,0.0,10.0,10.0,8,9.0,0.0,0.0,True,0.9999450542907872,0.22669135183466826,1.0,0.0,0.8525026119625847,0.8966869745188177,Poland_2016
2016,United Kingdom,Russia,0.0,7.0,7.0,8,4.0,0.0,0.0,True,0.9999486317348045,0.2528079597286989,1.0,0.0,0.8525070659813466,1.1576135873293798,Russia_2016
2016,United Kingdom,Serbia,2.0,0.0,2.0,8,6.0,0.0,0.0,True,0.9999450542907872,0.16719697489031304,1.0,0.0,0.8525026119625847,0.3022887157421266,Serbia_2016
2016,United Kingdom,Spain,0.0,4.0,4.0,8,5.0,0.0,0.0,True,0.9999486317348045,0.2801794136812496,1.0,0.0,0.8525070659813466,1.4310771548997963,Spain_2016
2016,United Kingdom,Sweden,0.0,1.0,1.0,8,8.0,1.0,1.0,True,0.9999960598452231,0.12548726812183086,1.0,0.0,0.852566115317302,-0.11442591092688063,Sweden_2016
2016,United Kingdom,Ukraine,10.0,5.0,15.0,8,9.0,0.0,0.0,True,0.9999450542907872,0.2554607204936292,1.0,0.0,0.8525026119625847,1.1841168715153874,Ukraine_2016
2017,Armenia,Australia,0.0,0.0,0.0,3,8.0,0.0,0.0,False,0.9999575096482091,0.23515781263796331,1.0,0.0,0.8525181192340817,0.9812739526156975,Australia_2017
2017,Armenia,Austria,1.0,0.0,1.0,3,7.0,0.0,0.0,True,0.9999999999999998,0.20242316929706253,1.0,0.0,0.8525710209211954,0.654227666851484,Austria_2017
2017,Armenia,Azerbaijan,0.0,0.0,0.0,3,2.0,0.0,1.0,True,0.9999837671881182,0.19043289598814506,1.0,0.0,0.8525508106122913,0.534434873933541,Azerbaijan_2017
2017,Armenia,Belarus,0.0,0.0,0.0,3,4.0,0.0,1.0,True,-0.7324564798742071,0.0,0.0,0.0,-1.3043861887437258,-1.3681479851999356,Belarus_2017
2017,Armenia,Belgium,0.0,5.0,5.0,3,7.0,0.0,0.0,True,0.9999793086852943,0.16239145522456494,1.0,0.0,0.8525452596504505,0.2542775814376294,Belgium_2017
2017,Armenia,Bulgaria,0.0,7.0,7.0,3,3.0,1.0,0.0,False,0.9999782357725866,0.10720670694349314,1.0,0.0,0.8525439238438506,-0.2970639061785591,Bulgaria_2017
2017,Armenia,Croatia,0.0,0.0,0.0,3,6.0,0.0,0.0,True,0.9999793086852943,0.12771867224879485,1.0,0.0,0.8525452596504505,-0.09213232965389684,Croatia_2017
2017,Armenia,Cyprus,7.0,12.0,19.0,3,3.0,1.0,0.0,True,0.9999575096482091,0.23745755372941807,1.0,0.0,0.8525181192340817,1.0042502769442374,Cyprus_2017
2017,Armenia,Denmark,0.0,0.0,0.0,3,8.0,0.0,0.0,True,0.9999347468133256,0.19146913505892338,1.0,0.0,0.8524897788622543,0.5447877632481581,Denmark_2017
2017,Armenia,France,3.0,8.0,11.0,3,7.0,0.0,0.0,True,-0.8081666453895193,0.13642089464951365,1.0,0.0,-1.3986474814516583,-0.0051898973075145075,France_2017
2017,Armenia,Greece,10.0,1.0,11.0,3,3.0,1.0,0.0,True,0.9999347468133256,0.1798983160258704,1.0,0.0,0.8524897788622543,0.4291856670651937,Greece_2017
2017,Armenia,Hungary,0.0,0.0,0.0,3,5.0,0.0,0.0,True,-0.6218340616949259,0.03688789587520678,0.0,0.0,-1.166658156199039,-0.9996072557345921,Hungary_2017
2017,Armenia,Israel,0.0,0.0,0.0,3,2.0,0.0,0.0,True,0.9999871525706684,0.14814137909478198,1.0,0.0,0.8525550255091061,0.111907480698522,Israel_2017
2017,Armenia,Italy,2.0,4.0,6.0,3,1.0,0.0,0.0,True,-0.5760356183303118,0.023175957099842298,0.0,0.0,-1.1096378017172295,-1.136600917171743,Italy_2017
2017,Armenia,Moldova,8.0,6.0,14.0,3,2.0,0.0,1.0,True,0.9999999999999998,0.234650940367524,1.0,0.0,0.8525710209211954,0.9762098774804441,Moldova_2017
2017,Armenia,Netherlands,0.0,0.0,0.0,3,7.0,0.0,0.0,False,0.9999837671881182,0.22194951872033455,1.0,0.0,0.8525508106122913,0.8493121217792761,Netherlands_2017
2017,Armenia,Norway,5.0,0.0,5.0,3,8.0,0.0,0.0,True,0.9999349155979359,0.21084395438434733,1.0,0.0,0.8524899890038575,0.7383583065940641,Norway_2017
2017,Armenia,Poland,0.0,0.0,0.0,3,9.0,0.0,0.0,True,0.9999575096482091,0.18139461832498321,1.0,0.0,0.8525181192340817,0.4441349702914141,Poland_2017
2017,Armenia,Portugal,12.0,10.0,22.0,3,1.0,0.0,0.0,False,-0.7715250334783876,0.022132496524408483,0.0,0.0,-1.353027640547373,-1.1470259553181223,Portugal_2017
2017,Armenia,Romania,0.0,2.0,2.0,3,5.0,0.0,0.0,True,0.9999575096482091,0.22019232815415127,1.0,0.0,0.8525181192340817,0.8317563279963601,Romania_2017
2017,Armenia,Spain,0.0,0.0,0.0,3,5.0,0.0,0.0,True,-0.8332017609696609,0.11141097660427296,1.0,0.0,-1.429816906873128,-0.25505975899448985,Spain_2017
2017,Armenia,Sweden,6.0,3.0,9.0,3,8.0,0.0,0.0,True,0.9999793086852943,0.18147453439398567,1.0,0.0,0.8525452596504505,0.44493339822196903,Sweden_2017
2017,Armenia,Ukraine,0.0,0.0,0.0,3,9.0,0.0,1.0,True,0.9999501210788823,0.16805064278477258,1.0,0.0,0.8525089202567545,0.3108175673093075,Ukraine_2017
2017,Armenia,United Kingdom,4.0,0.0,4.0,3,8.0,0.0,0.0,True,0.9999575096482091,0.13937417234403343,1.0,0.0,0.8525181192340817,0.024315800700692818,United Kingdom_2017
2017,Australia,Armenia,1.0,0.0,1.0,8,3.0,0.0,0.0,False,0.9999575096482091,0.23515781263796331,1.0,0.0,0.8525181192340817,0.9812739526156975,Armenia_2017
2017,Australia,Austria,3.0,0.0,3.0,8,7.0,0.0,0.0,False,0.9999575096482091,0.28514681518379753,1.0,0.0,0.8525181192340817,1.4807056232594327,Austria_2017
2017,Australia,Azerbaijan,0.0,0.0,0.0,8,2.0,0.0,0.0,False,0.9999411110775883,0.2899913109284373,1.0,0.0,0.8524977025508694,1.5291061609767733,Azerbaijan_2017
2017,Australia,Belarus,0.0,0.0,0.0,8,4.0,0.0,0.0,False,-0.7327535548211136,0.0,0.0,0.0,-1.3047560554364737,-1.3681479851999356,Belarus_2017
2017,Australia,Belgium,0.0,4.0,4.0,8,7.0,0.0,0.0,False,0.9999378874542112,0.12488834169661489,1.0,0.0,0.85249368904879,-0.12040968355495082,Belgium_2017
2017,Australia,Bulgaria,8.0,5.0,13.0,8,3.0,0.0,0.0,False,0.9999466744704166,0.19493038948251876,1.0,0.0,0.8525046291319471,0.5793685708510758,Bulgaria_2017
2017,Australia,Croatia,0.0,1.0,1.0,8,6.0,0.0,0.0,False,0.9999378874542112,0.09843883793306207,1.0,0.0,0.85249368904879,-0.38466220270087964,Croatia_2017
2017,Australia,Cyprus,0.0,0.0,0.0,8,3.0,0.0,0.0,False,1.0000000000000007,0.1009432936170345,1.0,0.0,0.8525710209211965,-0.35964060949840077,Cyprus_2017
2017,Australia,Denmark,5.0,8.0,13.0,8,8.0,1.0,0.0,False,0.9999493767142684,0.21051282723999973,1.0,0.0,0.8525079935018035,0.735050071292802,Denmark_2017
2017,Australia,France,0.0,0.0,0.0,8,7.0,0.0,0.0,False,-0.8078149955363852,0.12686691822605484,1.0,0.0,-1.398209667460481,-0.1006420600523886,France_2017
2017,Australia,Greece,0.0,0.0,0.0,8,3.0,0.0,0.0,False,0.9999493767142684,0.20519740000318631,1.0,0.0,0.8525079935018035,0.6819445366778057,Greece_2017
2017,Australia,Hungary,0.0,0.0,0.0,8,5.0,0.0,0.0,False,-0.6208312602685719,0.01356281043798916,0.0,0.0,-1.1654096401228407,-1.2326442397619566,Hungary_2017
2017,Australia,Israel,0.0,0.0,0.0,8,2.0,0.0,0.0,False,0.9999442188787674,0.20354494417546176,1.0,0.0,0.8525015718510436,0.6654351299548219,Israel_2017
2017,Australia,Italy,0.0,2.0,2.0,8,1.0,0.0,0.0,False,-0.5765743394188976,0.05023333212553525,0.0,0.0,-1.110308524675943,-0.8662752590447232,Italy_2017
2017,Australia,Moldova,10.0,12.0,22.0,8,2.0,0.0,0.0,False,0.9999575096482091,0.17300699717592605,1.0,0.0,0.8525181192340817,0.36033566584721216,Moldova_2017
2017,Australia,Netherlands,4.0,0.0,4.0,8,7.0,0.0,0.0,False,0.9999411110775883,0.2346728071435804,1.0,0.0,0.8524977025508694,0.9764283447420667,Netherlands_2017
2017,Australia,Norway,0.0,0.0,0.0,8,8.0,1.0,0.0,False,0.9999494172133299,0.20000316867852097,1.0,0.0,0.8525080439242779,0.6300498499252728,Norway_2017
2017,Australia,Poland,2.0,0.0,2.0,8,9.0,0.0,0.0,False,1.0000000000000007,0.205632988783101,1.0,0.0,0.8525710209211965,0.6862964305141948,Poland_2017
2017,Australia,Portugal,7.0,7.0,14.0,8,1.0,0.0,0.0,False,-0.7716964794892471,0.015421333645551465,0.0,0.0,-1.353241095669327,-1.2140760486956927,Portugal_2017
2017,Australia,Romania,0.0,10.0,10.0,8,5.0,0.0,0.0,False,1.0000000000000007,0.24890758553588171,1.0,0.0,0.8525710209211965,1.1186456083730416,Romania_2017
2017,Australia,Spain,0.0,0.0,0.0,8,5.0,0.0,0.0,False,-0.8335228725985869,0.08910830837469674,1.0,0.0,-1.4302166999133374,-0.4778819456043812,Spain_2017
2017,Australia,Sweden,6.0,6.0,12.0,8,8.0,1.0,0.0,False,0.9999378874542112,0.28368412482404615,1.0,0.0,0.85249368904879,1.4660921312351554,Sweden_2017
2017,Australia,Ukraine,0.0,0.0,0.0,8,9.0,0.0,0.0,False,0.9999088188492319,0.13422647778680785,1.0,0.0,0.852457497815236,-0.0271139450783231,Ukraine_2017
2017,Australia,United Kingdom,12.0,3.0,15.0,8,8.0,1.0,0.0,False,1.0000000000000007,0.18915727055245796,1.0,0.0,0.8525710209211965,0.5216903159304741,United Kingdom_2017
2017,Austria,Armenia,0.0,0.0,0.0,7,3.0,0.0,0.0,True,0.9999999999999998,0.20242316929706253,1.0,0.0,0.8525710209211954,0.654227666851484,Armenia_2017
2017,Austria,Australia,0.0,0.0,0.0,7,8.0,0.0,0.0,False,0.9999575096482091,0.28514681518379753,1.0,0.0,0.8525181192340817,1.4807056232594327,Australia_2017
2017,Austria,Azerbaijan,0.0,0.0,0.0,7,2.0,0.0,0.0,True,0.9999837671881182,0.2561971069728566,1.0,0.0,0.8525508106122913,1.191473984296799,Azerbaijan_2017
2017,Austria,Belarus,7.0,0.0,7.0,7,4.0,0.0,0.0,True,-0.7324564798742071,0.0,0.0,0.0,-1.3043861887437258,-1.3681479851999356,Belarus_2017
2017,Austria,Belgium,2.0,8.0,10.0,7,7.0,1.0,0.0,True,0.9999793086852943,0.13165403831891487,1.0,0.0,0.8525452596504505,-0.05281475276900861,Belgium_2017
2017,Austria,Bulgaria,10.0,7.0,17.0,7,3.0,0.0,0.0,False,0.9999782357725866,0.134756963502966,1.0,0.0,0.8525439238438506,-0.021813952000233852,Bulgaria_2017
2017,Austria,Croatia,0.0,4.0,4.0,7,6.0,0.0,1.0,True,0.9999793086852943,0.1589828102905569,1.0,0.0,0.8525452596504505,0.22022238634822844,Croatia_2017
2017,Austria,Cyprus,0.0,0.0,0.0,7,3.0,0.0,0.0,True,0.9999575096482091,0.2168326131336832,1.0,0.0,0.8525181192340817,0.7981899833984513,Cyprus_2017
2017,Austria,Denmark,0.0,0.0,0.0,7,8.0,0.0,0.0,True,0.9999347468133256,0.18743793970698097,1.0,0.0,0.8524897788622543,0.5045127722145626,Denmark_2017
2017,Austria,France,0.0,0.0,0.0,7,7.0,1.0,1.0,True,-0.8081666453895193,0.09237205788700682,1.0,0.0,-1.3986474814516583,-0.4452743761694608,France_2017
2017,Austria,Greece,0.0,0.0,0.0,7,3.0,0.0,0.0,True,0.9999347468133256,0.28685905814072216,1.0,0.0,0.8524897788622543,1.4978123530794718,Greece_2017
2017,Austria,Hungary,5.0,5.0,10.0,7,5.0,0.0,0.0,True,-0.6218340616949259,0.02017206673002872,0.0,0.0,-1.166658156199039,-1.1666122778595478,Hungary_2017
2017,Austria,Israel,0.0,0.0,0.0,7,2.0,0.0,0.0,True,0.9999871525706684,0.1991425178257443,1.0,0.0,0.8525550255091061,0.6214512328024547,Israel_2017
2017,Austria,Italy,6.0,6.0,12.0,7,1.0,0.0,0.0,True,-0.5760356183303118,0.02260529872084099,0.0,0.0,-1.1096378017172295,-1.1423022685305775,Italy_2017
2017,Austria,Moldova,0.0,3.0,3.0,7,2.0,0.0,0.0,True,0.9999999999999998,0.25669563724307953,1.0,0.0,0.8525710209211954,1.1964547159186318,Moldova_2017
2017,Austria,Netherlands,12.0,0.0,12.0,7,7.0,1.0,0.0,False,0.9999837671881182,0.25349150624016237,1.0,0.0,0.8525508106122913,1.1644427849287895,Netherlands_2017
2017,Austria,Norway,3.0,0.0,3.0,7,8.0,0.0,0.0,True,0.9999349155979359,0.2972071463091983,1.0,0.0,0.8524899890038575,1.6011983519741706,Norway_2017
2017,Austria,Poland,0.0,2.0,2.0,7,9.0,0.0,0.0,True,0.9999575096482091,0.18385371499043882,1.0,0.0,0.8525181192340817,0.4687033892106925,Poland_2017
2017,Austria,Portugal,8.0,12.0,20.0,7,1.0,0.0,0.0,False,-0.7715250334783876,0.059544165566814765,0.0,0.0,-1.353027640547373,-0.7732522967161559,Portugal_2017
2017,Austria,Romania,0.0,10.0,10.0,7,5.0,0.0,0.0,True,0.9999575096482091,0.31670349149292826,1.0,0.0,0.8525181192340817,1.7959830396188057,Romania_2017
2017,Austria,Spain,0.0,0.0,0.0,7,5.0,0.0,0.0,True,-0.8332017609696609,0.08971875643399725,1.0,0.0,-1.429816906873128,-0.4717830622786308,Spain_2017
2017,Austria,Sweden,4.0,1.0,5.0,7,8.0,0.0,0.0,True,0.9999793086852943,0.3244316985697097,1.0,0.0,0.8525452596504505,1.8731942495824128,Sweden_2017
2017,Austria,Ukraine,0.0,0.0,0.0,7,9.0,0.0,0.0,True,0.9999501210788823,0.19956865598633133,1.0,0.0,0.8525089202567545,0.6257087070993642,Ukraine_2017
2017,Austria,United Kingdom,1.0,0.0,1.0,7,8.0,0.0,0.0,True,0.9999575096482091,0.31110688154051974,1.0,0.0,0.8525181192340817,1.7400682560439598,United Kingdom_2017
2017,Azerbaijan,Armenia,0.0,0.0,0.0,2,3.0,0.0,1.0,True,0.9999837671881182,0.19043289598814506,1.0,0.0,0.8525508106122913,0.534434873933541,Armenia_2017
2017,Azerbaijan,Australia,0.0,0.0,0.0,2,8.0,0.0,0.0,False,0.9999411110775883,0.2899913109284373,1.0,0.0,0.8524977025508694,1.5291061609767733,Australia_2017
2017,Azerbaijan,Austria,0.0,0.0,0.0,2,7.0,0.0,0.0,True,0.9999837671881182,0.2561971069728566,1.0,0.0,0.8525508106122913,1.191473984296799,Austria_2017
2017,Azerbaijan,Belarus,12.0,0.0,12.0,2,4.0,0.0,1.0,True,-0.7328539827227478,0.0,0.0,0.0,-1.304881091008217,-1.3681479851999356,Belarus_2017
2017,Azerbaijan,Belgium,0.0,4.0,4.0,2,7.0,0.0,0.0,True,0.9999631063413638,0.15784140632946655,1.0,0.0,0.8525250872750054,0.20881881239925743,Belgium_2017
2017,Azerbaijan,Bulgaria,2.0,12.0,14.0,2,3.0,0.0,0.0,False,0.9999620544230509,0.18736718223748958,1.0,0.0,0.8525237776070193,0.5038058463028842,Bulgaria_2017
2017,Azerbaijan,Croatia,1.0,0.0,1.0,2,6.0,0.0,0.0,True,0.9999631063413638,0.16345084440851412,1.0,0.0,0.8525250872750054,0.2648617596179507,Croatia_2017
2017,Azerbaijan,Cyprus,0.0,0.0,0.0,2,3.0,0.0,0.0,True,0.9999411110775883,0.19856212791891123,1.0,0.0,0.8524977025508694,0.6156526553947813,Cyprus_2017
2017,Azerbaijan,Denmark,0.0,0.0,0.0,2,8.0,0.0,0.0,True,0.999918597787045,0.18331000187694574,1.0,0.0,0.8524696728687879,0.4632712434427553,Denmark_2017
2017,Azerbaijan,France,0.0,5.0,5.0,2,7.0,0.0,0.0,True,-0.808382311269917,0.11479242517635257,1.0,0.0,-1.398915991559131,-0.22127627815785675,France_2017
2017,Azerbaijan,Greece,5.0,0.0,5.0,2,3.0,0.0,0.0,True,0.999918597787045,0.20096162350467092,1.0,0.0,0.8524696728687879,0.6396256100061372,Greece_2017
2017,Azerbaijan,Hungary,0.0,7.0,7.0,2,5.0,0.0,0.0,True,-0.6211342630603576,0.040112652809561604,0.0,0.0,-1.1657868871497548,-0.9673892545518695,Hungary_2017
2017,Azerbaijan,Israel,4.0,1.0,5.0,2,2.0,1.0,0.0,True,0.9999966865921937,0.15142739364864793,1.0,0.0,0.852566895634968,0.14473749639831845,Israel_2017
2017,Azerbaijan,Italy,0.0,6.0,6.0,2,1.0,0.0,0.0,True,-0.5758264282870924,0.03627814382158807,0.0,0.0,-1.1093773542098004,-1.0056991853852792,Italy_2017
2017,Azerbaijan,Moldova,10.0,10.0,20.0,2,2.0,1.0,1.0,True,0.9999837671881182,0.1892496287255506,1.0,0.0,0.8525508106122913,0.5226130508188721,Moldova_2017
2017,Azerbaijan,Netherlands,0.0,0.0,0.0,2,7.0,0.0,0.0,False,1.0,0.25942715523204474,1.0,0.0,0.8525710209211956,1.2237448502110992,Netherlands_2017
2017,Azerbaijan,Norway,0.0,0.0,0.0,2,8.0,0.0,0.0,True,0.9999187576206936,0.22103688887695086,1.0,0.0,0.8524698718661914,0.8401941913516279,Norway_2017
2017,Azerbaijan,Poland,6.0,0.0,6.0,2,9.0,0.0,0.0,True,0.9999411110775883,0.2170994523003701,1.0,0.0,0.8524977025508694,0.8008559283868398,Poland_2017
2017,Azerbaijan,Portugal,8.0,8.0,16.0,2,1.0,0.0,0.0,False,-0.7714869032822466,0.029249995989637487,0.0,0.0,-1.3529801673770927,-1.0759162218229212,Portugal_2017
2017,Azerbaijan,Romania,3.0,2.0,5.0,2,5.0,0.0,0.0,True,0.9999411110775883,0.31130957043108354,1.0,0.0,0.8524977025508694,1.7420932864722503,Romania_2017
2017,Azerbaijan,Spain,0.0,0.0,0.0,2,5.0,0.0,0.0,True,-0.8333173942415522,0.06740244177978372,1.0,0.0,-1.429960873559957,-0.6947415880092853,Spain_2017
2017,Azerbaijan,Sweden,0.0,3.0,3.0,2,8.0,0.0,0.0,True,0.9999631063413638,0.22970738829948928,1.0,0.0,0.8525250872750054,0.926819684787779,Sweden_2017
2017,Azerbaijan,Ukraine,7.0,0.0,7.0,2,9.0,0.0,1.0,True,0.9999689734822962,0.08847261281065673,1.0,0.0,0.8525323920310447,-0.48423307248030184,Ukraine_2017
2017,Azerbaijan,United Kingdom,0.0,0.0,0.0,2,8.0,0.0,0.0,True,0.9999411110775883,0.24542736791624667,1.0,0.0,0.8524977025508694,1.083875342685415,United Kingdom_2017
2017,Belarus,Armenia,0.0,0.0,0.0,4,3.0,0.0,1.0,True,-0.7324564798742071,0.0,0.0,0.0,-1.3043861887437258,-1.3681479851999356,Armenia_2017
2017,Belarus,Australia,7.0,0.0,7.0,4,8.0,0.0,0.0,False,-0.7327535548211136,0.0,0.0,0.0,-1.3047560554364737,-1.3681479851999356,Australia_2017
2017,Belarus,Austria,4.0,0.0,4.0,4,7.0,0.0,0.0,True,-0.7324564798742071,0.0,0.0,0.0,-1.3043861887437258,-1.3681479851999356,Austria_2017
2017,Belarus,Azerbaijan,0.0,0.0,0.0,4,2.0,0.0,1.0,True,-0.7328539827227478,0.0,0.0,0.0,-1.304881091008217,-1.3681479851999356,Azerbaijan_2017
2017,Belarus,Belgium,0.0,6.0,6.0,4,7.0,0.0,0.0,True,-0.7332338784009473,0.0,0.0,0.0,-1.3053540718487355,-1.3681479851999356,Belgium_2017
2017,Belarus,Bulgaria,12.0,12.0,24.0,4,3.0,0.0,0.0,False,-0.7333123691438557,0.0,0.0,0.0,-1.3054517950387694,-1.3681479851999356,Bulgaria_2017
2017,Belarus,Croatia,0.0,0.0,0.0,4,6.0,0.0,0.0,True,-0.7332338784009473,0.0,0.0,0.0,-1.3053540718487355,-1.3681479851999356,Croatia_2017
2017,Belarus,Cyprus,0.0,0.0,0.0,4,3.0,0.0,0.0,True,-0.7327535548211136,0.0,0.0,0.0,-1.3047560554364737,-1.3681479851999356,Cyprus_2017
2017,Belarus,Denmark,3.0,0.0,3.0,4,8.0,0.0,0.0,True,-0.7334424690435889,0.0,0.0,0.0,-1.3056137730855293,-1.3681479851999356,Denmark_2017
2017,Belarus,France,0.0,4.0,4.0,4,7.0,0.0,0.0,True,0.5745591564603136,0.0,0.0,0.0,0.3228851642089491,-1.3681479851999356,France_2017
2017,Belarus,Greece,0.0,0.0,0.0,4,3.0,0.0,0.0,True,-0.7334424690435889,0.0,0.0,0.0,-1.3056137730855293,-1.3681479851999356,Greece_2017
2017,Belarus,Hungary,0.0,8.0,8.0,4,5.0,0.0,0.0,True,0.24513470870344312,0.0,0.0,0.0,-0.08725757004355009,-1.3681479851999356,Hungary_2017
2017,Belarus,Israel,1.0,0.0,1.0,4,2.0,0.0,0.0,True,-0.7327832246584179,0.0,0.0,0.0,-1.3047929952212398,-1.3681479851999356,Israel_2017
2017,Belarus,Italy,0.0,0.0,0.0,4,1.0,0.0,0.0,True,0.26136613732957875,0.0,0.0,0.0,-0.06704898333154971,-1.3681479851999356,Italy_2017
2017,Belarus,Moldova,0.0,10.0,10.0,4,2.0,0.0,1.0,True,-0.7324564798742071,0.0,0.0,0.0,-1.3043861887437258,-1.3681479851999356,Moldova_2017
2017,Belarus,Netherlands,5.0,0.0,5.0,4,7.0,0.0,0.0,False,-0.7328539827227478,0.0,0.0,0.0,-1.304881091008217,-1.3681479851999356,Netherlands_2017
2017,Belarus,Norway,6.0,5.0,11.0,4,8.0,0.0,0.0,True,-0.7334897572995882,0.0,0.0,0.0,-1.3056726482987857,-1.3681479851999356,Norway_2017
2017,Belarus,Poland,2.0,0.0,2.0,4,9.0,0.0,0.0,True,-0.7327535548211136,0.0,0.0,0.0,-1.3047560554364737,-1.3681479851999356,Poland_2017
2017,Belarus,Portugal,10.0,7.0,17.0,4,1.0,0.0,0.0,False,0.4879094471880623,0.0,0.0,0.0,0.2150038307951812,-1.3681479851999356,Portugal_2017
2017,Belarus,Romania,0.0,2.0,2.0,4,5.0,0.0,0.0,True,-0.7327535548211136,0.0,0.0,0.0,-1.3047560554364737,-1.3681479851999356,Romania_2017
2017,Belarus,Spain,0.0,0.0,0.0,4,5.0,0.0,0.0,True,0.5399622959001675,0.0,0.0,0.0,0.2798110964422381,-1.3681479851999356,Spain_2017
2017,Belarus,Sweden,8.0,3.0,11.0,4,8.0,0.0,0.0,True,-0.7332338784009473,0.0,0.0,0.0,-1.3053540718487355,-1.3681479851999356,Sweden_2017
2017,Belarus,Ukraine,0.0,1.0,1.0,4,9.0,0.0,1.0,True,-0.7333442902956262,0.0,0.0,0.0,-1.305491537773581,-1.3681479851999356,Ukraine_2017
2017,Belarus,United Kingdom,0.0,0.0,0.0,4,8.0,0.0,0.0,True,-0.7327535548211136,0.0,0.0,0.0,-1.3047560554364737,-1.3681479851999356,United Kingdom_2017
2017,Belgium,Armenia,0.0,0.0,0.0,7,3.0,0.0,0.0,True,0.9999793086852943,0.16239145522456494,1.0,0.0,0.8525452596504505,0.2542775814376294,Armenia_2017
2017,Belgium,Australia,6.0,0.0,6.0,7,8.0,0.0,0.0,False,0.9999378874542112,0.12488834169661489,1.0,0.0,0.85249368904879,-0.12040968355495082,Australia_2017
2017,Belgium,Austria,3.0,0.0,3.0,7,7.0,1.0,0.0,True,0.9999793086852943,0.13165403831891487,1.0,0.0,0.8525452596504505,-0.05281475276900861,Austria_2017
2017,Belgium,Azerbaijan,4.0,0.0,4.0,7,2.0,0.0,0.0,True,0.9999631063413638,0.15784140632946655,1.0,0.0,0.8525250872750054,0.20881881239925743,Azerbaijan_2017
2017,Belgium,Belarus,0.0,0.0,0.0,7,4.0,0.0,0.0,True,-0.7332338784009473,0.0,0.0,0.0,-1.3053540718487355,-1.3681479851999356,Belarus_2017
2017,Belgium,Bulgaria,10.0,8.0,18.0,7,3.0,0.0,0.0,False,0.9999987979027954,0.19922802759098332,1.0,0.0,0.8525695242762511,0.6223055464061423,Bulgaria_2017
2017,Belgium,Croatia,0.0,0.0,0.0,7,6.0,0.0,0.0,True,0.9999999999999996,0.1913959060939332,1.0,0.0,0.8525710209211951,0.5440561450429134,Croatia_2017
2017,Belgium,Cyprus,5.0,0.0,5.0,7,3.0,0.0,0.0,True,0.9999378874542112,0.10421504012313945,1.0,0.0,0.85249368904879,-0.3269531434508717,Cyprus_2017
2017,Belgium,Denmark,0.0,0.0,0.0,7,8.0,0.0,0.0,True,0.9999551133575285,0.14745273799036654,1.0,0.0,0.8525151357845578,0.1050273838824912,Denmark_2017
2017,Belgium,France,1.0,3.0,4.0,7,7.0,1.0,0.0,True,-0.8077077758451328,0.15815404572529299,1.0,0.0,-1.3980761759189893,0.2119423397315637,France_2017
2017,Belgium,Greece,0.0,0.0,0.0,7,3.0,0.0,0.0,True,0.9999551133575285,0.15639573008139565,1.0,0.0,0.8525151357845578,0.19437530548747195,Greece_2017
2017,Belgium,Hungary,0.0,1.0,1.0,7,5.0,0.0,0.0,True,-0.6218977361478456,0.011827256171779564,0.0,0.0,-1.1667374326899016,-1.2499838689308156,Hungary_2017
2017,Belgium,Israel,0.0,0.0,0.0,7,2.0,0.0,0.0,True,0.9999663709769238,0.10407210108811639,1.0,0.0,0.85252915183841,-0.32838122317693375,Israel_2017
2017,Belgium,Italy,0.0,5.0,5.0,7,1.0,0.0,0.0,True,-0.5765241105146819,0.04172368625679553,0.0,0.0,-1.110245988272668,-0.9512936918273033,Italy_2017
2017,Belgium,Moldova,0.0,7.0,7.0,7,2.0,0.0,0.0,True,0.9999793086852943,0.13150026404616022,1.0,0.0,0.8525452596504505,-0.05435108552286707,Moldova_2017
2017,Belgium,Netherlands,0.0,10.0,10.0,7,7.0,1.0,0.0,False,0.9999631063413638,0.26154380670097527,1.0,0.0,0.8525250872750054,1.2448919570838406,Netherlands_2017
2017,Belgium,Norway,7.0,0.0,7.0,7,8.0,0.0,0.0,True,0.9999553372427775,0.17448662488257952,1.0,0.0,0.8525154145280113,0.37511837604006204,Norway_2017
2017,Belgium,Poland,0.0,4.0,4.0,7,9.0,0.0,1.0,True,0.9999378874542112,0.2287618812803093,1.0,0.0,0.85249368904879,0.9173732840567088,Poland_2017
2017,Belgium,Portugal,8.0,12.0,20.0,7,1.0,0.0,0.0,False,-0.7711342929363639,0.0,0.0,0.0,-1.3525411575453368,-1.3681479851999356,Portugal_2017
2017,Belgium,Romania,0.0,6.0,6.0,7,5.0,0.0,0.0,True,0.9999378874542112,0.16364217241982415,1.0,0.0,0.85249368904879,0.2667732854228894,Romania_2017
2017,Belgium,Spain,0.0,0.0,0.0,7,5.0,0.0,0.0,True,-0.8327317850246951,0.06985846233715126,1.0,0.0,-1.4292317735583004,-0.6702039019657048,Spain_2017
2017,Belgium,Sweden,12.0,2.0,14.0,7,8.0,0.0,0.0,True,0.9999999999999996,0.1233442893498395,1.0,0.0,0.8525710209211951,-0.13583604943221267,Sweden_2017
2017,Belgium,Ukraine,0.0,0.0,0.0,7,9.0,0.0,0.0,True,0.999970374081475,0.19189967895648707,1.0,0.0,0.8525341358165492,0.5490892545181338,Ukraine_2017
2017,Belgium,United Kingdom,2.0,0.0,2.0,7,8.0,0.0,0.0,True,0.9999378874542112,0.28781905333336716,1.0,0.0,0.85249368904879,1.507403502701492,United Kingdom_2017
2017,Bulgaria,Armenia,4.0,0.0,4.0,3,3.0,1.0,0.0,False,0.9999782357725866,0.10720670694349314,1.0,0.0,0.8525439238438506,-0.2970639061785591,Armenia_2017
2017,Bulgaria,Australia,0.0,0.0,0.0,3,8.0,0.0,0.0,False,0.9999466744704166,0.19493038948251876,1.0,0.0,0.8525046291319471,0.5793685708510758,Australia_2017
2017,Bulgaria,Austria,12.0,0.0,12.0,3,7.0,0.0,0.0,False,0.9999782357725866,0.134756963502966,1.0,0.0,0.8525439238438506,-0.021813952000233852,Austria_2017
2017,Bulgaria,Azerbaijan,5.0,0.0,5.0,3,2.0,0.0,0.0,False,0.9999620544230509,0.18736718223748958,1.0,0.0,0.8525237776070193,0.5038058463028842,Azerbaijan_2017
2017,Bulgaria,Belarus,2.0,0.0,2.0,3,4.0,0.0,0.0,False,-0.7333123691438557,0.0,0.0,0.0,-1.3054517950387694,-1.3681479851999356,Belarus_2017
2017,Bulgaria,Belgium,0.0,4.0,4.0,3,7.0,0.0,0.0,False,0.9999987979027954,0.19922802759098332,1.0,0.0,0.8525695242762511,0.6223055464061423,Belgium_2017
2017,Bulgaria,Croatia,0.0,1.0,1.0,3,6.0,0.0,0.0,False,0.9999987979027954,0.15880074142922088,1.0,0.0,0.8525695242762511,0.2184033671448372,Croatia_2017
2017,Bulgaria,Cyprus,0.0,3.0,3.0,3,3.0,1.0,0.0,False,0.9999466744704166,0.11279430363325706,1.0,0.0,0.8525046291319471,-0.24123917258653532,Cyprus_2017
2017,Bulgaria,Denmark,0.0,0.0,0.0,3,8.0,0.0,0.0,False,0.9999640677698979,0.1856938623078159,1.0,0.0,0.8525262842806631,0.48708798986571816,Denmark_2017
2017,Bulgaria,France,0.0,12.0,12.0,3,7.0,0.0,0.0,False,-0.807666182722295,0.11917531688437412,1.0,0.0,-1.3980243913072432,-0.17748754830711105,France_2017
2017,Bulgaria,Greece,6.0,5.0,11.0,3,3.0,1.0,0.0,False,0.9999640677698979,0.2364163251021953,1.0,0.0,0.8525262842806631,0.9938475378149829,Greece_2017
2017,Bulgaria,Hungary,0.0,6.0,6.0,3,5.0,0.0,0.0,False,-0.6218606772299453,0.03246477812475525,0.0,0.0,-1.1666912932912636,-1.0437978771725078,Hungary_2017
2017,Bulgaria,Israel,8.0,0.0,8.0,3,2.0,0.0,0.0,False,0.9999652350435818,0.08630234169061111,1.0,0.0,0.8525277375693416,-0.5059158842195522,Israel_2017
2017,Bulgaria,Italy,0.0,0.0,0.0,3,1.0,0.0,0.0,False,-0.5765989439097036,0.029227206867789134,0.0,0.0,-1.110339157961368,-1.0761439040853706,Italy_2017
2017,Bulgaria,Moldova,0.0,10.0,10.0,3,2.0,0.0,0.0,False,0.9999782357725866,0.11936010135671987,1.0,0.0,0.8525439238438506,-0.1756413978933667,Moldova_2017
2017,Bulgaria,Netherlands,10.0,0.0,10.0,3,7.0,0.0,0.0,False,0.9999620544230509,0.24548962203486466,1.0,0.0,0.8525237776070193,1.0844973130565447,Netherlands_2017
2017,Bulgaria,Norway,0.0,0.0,0.0,3,8.0,0.0,0.0,False,0.9999639063379181,0.21706720776738803,1.0,0.0,0.8525260832932925,0.8005337787107867,Norway_2017
2017,Bulgaria,Poland,7.0,0.0,7.0,3,9.0,0.0,0.0,False,0.9999466744704166,0.2535442210756585,1.0,0.0,0.8525046291319471,1.1649694499354657,Poland_2017
2017,Bulgaria,Portugal,0.0,7.0,7.0,3,1.0,0.0,0.0,False,-0.7710253780874745,0.0347825637277007,0.0,0.0,-1.3524055554847476,-1.0206412731812264,Portugal_2017
2017,Bulgaria,Romania,3.0,8.0,11.0,3,5.0,0.0,0.0,False,0.9999466744704166,0.18182744831442096,1.0,0.0,0.8525046291319471,0.44845930151869556,Romania_2017
2017,Bulgaria,Spain,0.0,0.0,0.0,3,5.0,0.0,0.0,False,-0.8327709552896209,0.10891045549100917,1.0,0.0,-1.42928054164357,-0.280042042566406,Spain_2017
2017,Bulgaria,Sweden,0.0,2.0,2.0,3,8.0,0.0,0.0,False,0.9999987979027954,0.22553682189782664,1.0,0.0,0.8525695242762511,0.8851522611658892,Sweden_2017
2017,Bulgaria,Ukraine,1.0,0.0,1.0,3,9.0,0.0,0.0,False,0.9999692393711387,0.15567986854776789,1.0,0.0,0.8525327230701574,0.18722325396651007,Ukraine_2017
2017,Bulgaria,United Kingdom,0.0,0.0,0.0,3,8.0,0.0,0.0,False,0.9999466744704166,0.21362582364040258,1.0,0.0,0.8525046291319471,0.7661514918809728,United Kingdom_2017
2017,Croatia,Armenia,0.0,0.0,0.0,6,3.0,0.0,0.0,True,0.9999793086852943,0.12771867224879485,1.0,0.0,0.8525452596504505,-0.09213232965389684,Armenia_2017
2017,Croatia,Australia,6.0,0.0,6.0,6,8.0,0.0,0.0,False,0.9999378874542112,0.09843883793306207,1.0,0.0,0.85249368904879,-0.38466220270087964,Australia_2017
2017,Croatia,Austria,1.0,0.0,1.0,6,7.0,0.0,1.0,True,0.9999793086852943,0.1589828102905569,1.0,0.0,0.8525452596504505,0.22022238634822844,Austria_2017
2017,Croatia,Azerbaijan,0.0,0.0,0.0,6,2.0,0.0,0.0,True,0.9999631063413638,0.16345084440851412,1.0,0.0,0.8525250872750054,0.2648617596179507,Azerbaijan_2017
2017,Croatia,Belarus,5.0,0.0,5.0,6,4.0,0.0,0.0,True,-0.7332338784009473,0.0,0.0,0.0,-1.3053540718487355,-1.3681479851999356,Belarus_2017
2017,Croatia,Belgium,0.0,5.0,5.0,6,7.0,0.0,0.0,True,0.9999999999999996,0.1913959060939332,1.0,0.0,0.8525710209211951,0.5440561450429134,Belgium_2017
2017,Croatia,Bulgaria,10.0,8.0,18.0,6,3.0,0.0,0.0,False,0.9999987979027954,0.15880074142922088,1.0,0.0,0.8525695242762511,0.2184033671448372,Bulgaria_2017
2017,Croatia,Cyprus,0.0,0.0,0.0,6,3.0,0.0,0.0,True,0.9999378874542112,0.12928003686906886,1.0,0.0,0.85249368904879,-0.07653299977984132,Cyprus_2017
2017,Croatia,Denmark,3.0,0.0,3.0,6,8.0,0.0,0.0,True,0.9999551133575285,0.19923279832506122,1.0,0.0,0.8525151357845578,0.6223532100035213,Denmark_2017
2017,Croatia,France,0.0,3.0,3.0,6,7.0,0.0,1.0,True,-0.8077077758451328,0.2428007515995246,1.0,0.0,-1.3980761759189893,1.0576332632600893,France_2017
2017,Croatia,Greece,0.0,0.0,0.0,6,3.0,0.0,0.0,True,0.9999551133575285,0.2048060314854035,1.0,0.0,0.8525151357845578,0.6780344400021535,Greece_2017
2017,Croatia,Hungary,12.0,12.0,24.0,6,5.0,0.0,0.0,True,-0.6218977361478456,0.033347560558459104,0.0,0.0,-1.1667374326899016,-1.034978147167385,Hungary_2017
2017,Croatia,Israel,0.0,0.0,0.0,6,2.0,0.0,0.0,True,0.9999663709769238,0.13327265949885672,1.0,0.0,0.85252915183841,-0.036643382290141954,Israel_2017
2017,Croatia,Italy,0.0,7.0,7.0,6,1.0,0.0,0.0,True,-0.5765241105146819,0.3201469538937633,1.0,1.0,-1.110245988272668,1.8303860901311877,Italy_2017
2017,Croatia,Moldova,0.0,4.0,4.0,6,2.0,0.0,0.0,True,0.9999793086852943,0.10205530917869077,1.0,0.0,0.8525452596504505,-0.34853065007821415,Moldova_2017
2017,Croatia,Netherlands,8.0,1.0,9.0,6,7.0,0.0,0.0,False,0.9999631063413638,0.14962840298783808,1.0,0.0,0.8525250872750054,0.12676408493892907,Netherlands_2017
2017,Croatia,Norway,2.0,0.0,2.0,6,8.0,0.0,0.0,True,0.9999553372427775,0.14484682590577336,1.0,0.0,0.8525154145280113,0.07899215693900964,Norway_2017
2017,Croatia,Poland,0.0,0.0,0.0,6,9.0,0.0,0.0,True,0.9999378874542112,0.12926605042114037,1.0,0.0,0.85249368904879,-0.07667273601580431,Poland_2017
2017,Croatia,Portugal,7.0,10.0,17.0,6,1.0,0.0,0.0,False,-0.7711342929363639,0.11712636805811628,0.0,0.0,-1.3525411575453368,-0.19795824952630847,Portugal_2017
2017,Croatia,Romania,0.0,6.0,6.0,6,5.0,0.0,0.0,True,0.9999378874542112,0.20241994717781486,1.0,0.0,0.85249368904879,0.6541954752029829,Romania_2017
2017,Croatia,Spain,0.0,0.0,0.0,6,5.0,0.0,0.0,True,-0.8327317850246951,0.2592709578929835,1.0,0.0,-1.4292317735583004,1.2221843090115436,Spain_2017
2017,Croatia,Sweden,4.0,2.0,6.0,6,8.0,0.0,0.0,True,0.9999999999999996,0.12855586786072049,1.0,0.0,0.8525710209211951,-0.08376804987583458,Sweden_2017
2017,Croatia,Ukraine,0.0,0.0,0.0,6,9.0,0.0,0.0,True,0.999970374081475,0.19718036429094665,1.0,0.0,0.8525341358165492,0.6018476886620213,Ukraine_2017
2017,Croatia,United Kingdom,0.0,0.0,0.0,6,8.0,0.0,0.0,True,0.9999378874542112,0.19271562817280155,1.0,0.0,0.85249368904879,0.5572412651506874,United Kingdom_2017
2017,Cyprus,Armenia,0.0,1.0,1.0,3,3.0,1.0,0.0,True,0.9999575096482091,0.23745755372941807,1.0,0.0,0.8525181192340817,1.0042502769442374,Armenia_2017
2017,Cyprus,Australia,4.0,0.0,4.0,3,8.0,0.0,0.0,False,1.0000000000000007,0.1009432936170345,1.0,0.0,0.8525710209211965,-0.35964060949840077,Australia_2017
2017,Cyprus,Austria,0.0,0.0,0.0,3,7.0,0.0,0.0,True,0.9999575096482091,0.2168326131336832,1.0,0.0,0.8525181192340817,0.7981899833984513,Austria_2017
2017,Cyprus,Azerbaijan,1.0,0.0,1.0,3,2.0,0.0,0.0,True,0.9999411110775883,0.19856212791891123,1.0,0.0,0.8524977025508694,0.6156526553947813,Azerbaijan_2017
2017,Cyprus,Belarus,0.0,0.0,0.0,3,4.0,0.0,0.0,True,-0.7327535548211136,0.0,0.0,0.0,-1.3047560554364737,-1.3681479851999356,Belarus_2017
2017,Cyprus,Belgium,3.0,2.0,5.0,3,7.0,0.0,0.0,True,0.9999378874542112,0.10421504012313945,1.0,0.0,0.85249368904879,-0.3269531434508717,Belgium_2017
2017,Cyprus,Bulgaria,7.0,10.0,17.0,3,3.0,1.0,0.0,False,0.9999466744704166,0.11279430363325706,1.0,0.0,0.8525046291319471,-0.24123917258653532,Bulgaria_2017
2017,Cyprus,Croatia,0.0,0.0,0.0,3,6.0,0.0,0.0,True,0.9999378874542112,0.12928003686906886,1.0,0.0,0.85249368904879,-0.07653299977984132,Croatia_2017
2017,Cyprus,Denmark,0.0,0.0,0.0,3,8.0,0.0,0.0,True,0.9999493767142684,0.1893324905591774,1.0,0.0,0.8525079935018035,0.5234409093856216,Denmark_2017
2017,Cyprus,France,2.0,3.0,5.0,3,7.0,0.0,0.0,True,-0.8078149955363852,0.07231580067717724,1.0,0.0,-1.398209667460481,-0.645653050178438,France_2017
2017,Cyprus,Greece,12.0,12.0,24.0,3,3.0,1.0,0.0,True,0.9999493767142684,0.20452936017413614,1.0,0.0,0.8525079935018035,0.6752702637200052,Greece_2017
2017,Cyprus,Hungary,0.0,0.0,0.0,3,5.0,0.0,0.0,True,-0.6208312602685719,0.04355200282045275,0.0,0.0,-1.1654096401228407,-0.9330272902319584,Hungary_2017
2017,Cyprus,Israel,0.0,0.0,0.0,3,2.0,0.0,0.0,True,0.9999442188787674,0.07108643428934955,1.0,0.0,0.8525015718510436,-0.6579354418573494,Israel_2017
2017,Cyprus,Italy,10.0,8.0,18.0,3,1.0,0.0,0.0,True,-0.5765743394188976,0.015081753363891406,0.0,0.0,-1.110308524675943,-1.217468737862308,Italy_2017
2017,Cyprus,Moldova,0.0,6.0,6.0,3,2.0,0.0,0.0,True,0.9999575096482091,0.1665403481399329,1.0,0.0,0.8525181192340817,0.2957284689232181,Moldova_2017
2017,Cyprus,Netherlands,0.0,0.0,0.0,3,7.0,0.0,0.0,False,0.9999411110775883,0.23485082103819263,1.0,0.0,0.8524977025508694,0.9782068514586683,Netherlands_2017
2017,Cyprus,Norway,0.0,0.0,0.0,3,8.0,0.0,0.0,True,0.9999494172133299,0.14320972403437243,1.0,0.0,0.8525080439242779,0.06263614899710113,Norway_2017
2017,Cyprus,Poland,0.0,0.0,0.0,3,9.0,0.0,0.0,True,1.0000000000000007,0.21065172787888853,1.0,0.0,0.8525710209211965,0.736437804086032,Poland_2017
2017,Cyprus,Portugal,8.0,7.0,15.0,3,1.0,0.0,0.0,False,-0.7716964794892471,0.06417194171088085,0.0,0.0,-1.353241095669327,-0.7270169678780384,Portugal_2017
2017,Cyprus,Romania,0.0,4.0,4.0,3,5.0,0.0,1.0,True,1.0000000000000007,0.15586816854388058,1.0,0.0,0.8525710209211965,0.18910452738368907,Romania_2017
2017,Cyprus,Spain,0.0,0.0,0.0,3,5.0,0.0,0.0,True,-0.8335228725985869,0.09347376089154924,1.0,0.0,-1.4302166999133374,-0.434267447763411,Spain_2017
2017,Cyprus,Sweden,6.0,5.0,11.0,3,8.0,0.0,0.0,True,0.9999378874542112,0.16523212047155808,1.0,0.0,0.85249368904879,0.2826581875268303,Sweden_2017
2017,Cyprus,Ukraine,0.0,0.0,0.0,3,9.0,0.0,0.0,True,0.9999088188492319,0.11233684624355643,1.0,0.0,0.852457497815236,-0.24580955200502896,Ukraine_2017
2017,Cyprus,United Kingdom,5.0,0.0,5.0,3,8.0,0.0,0.0,True,1.0000000000000007,0.253872192029586,1.0,0.0,0.8525710209211965,1.1682461522719936,United Kingdom_2017
2017,Denmark,Armenia,1.0,0.0,1.0,8,3.0,0.0,0.0,True,0.9999347468133256,0.19146913505892338,1.0,0.0,0.8524897788622543,0.5447877632481581,Armenia_2017
2017,Denmark,Australia,8.0,2.0,10.0,8,8.0,1.0,0.0,False,0.9999493767142684,0.21051282723999973,1.0,0.0,0.8525079935018035,0.735050071292802,Australia_2017
2017,Denmark,Austria,7.0,0.0,7.0,8,7.0,0.0,0.0,True,0.9999347468133256,0.18743793970698097,1.0,0.0,0.8524897788622543,0.5045127722145626,Austria_2017
2017,Denmark,Azerbaijan,0.0,0.0,0.0,8,2.0,0.0,0.0,True,0.999918597787045,0.18331000187694574,1.0,0.0,0.8524696728687879,0.4632712434427553,Azerbaijan_2017
2017,Denmark,Belarus,0.0,0.0,0.0,8,4.0,0.0,0.0,True,-0.7334424690435889,0.0,0.0,0.0,-1.3056137730855293,-1.3681479851999356,Belarus_2017
2017,Denmark,Belgium,2.0,6.0,8.0,8,7.0,0.0,0.0,True,0.9999551133575285,0.14745273799036654,1.0,0.0,0.8525151357845578,0.1050273838824912,Belgium_2017
2017,Denmark,Bulgaria,4.0,10.0,14.0,8,3.0,0.0,0.0,False,0.9999640677698979,0.1856938623078159,1.0,0.0,0.8525262842806631,0.48708798986571816,Bulgaria_2017
2017,Denmark,Croatia,0.0,0.0,0.0,8,6.0,0.0,0.0,True,0.9999551133575285,0.19923279832506122,1.0,0.0,0.8525151357845578,0.6223532100035213,Croatia_2017
2017,Denmark,Cyprus,0.0,0.0,0.0,8,3.0,0.0,0.0,True,0.9999493767142684,0.1893324905591774,1.0,0.0,0.8525079935018035,0.5234409093856216,Cyprus_2017
2017,Denmark,France,0.0,0.0,0.0,8,7.0,0.0,0.0,True,-0.8077455085746951,0.09587033581834903,1.0,0.0,-1.3981231542321622,-0.4103236729618021,France_2017
2017,Denmark,Greece,0.0,0.0,0.0,8,3.0,0.0,0.0,True,0.9999999999999999,0.22467899787220103,1.0,0.0,0.8525710209211954,0.8765818863950839,Greece_2017
2017,Denmark,Hungary,0.0,3.0,3.0,8,5.0,0.0,1.0,True,-0.621661887253424,0.009688966351657597,0.0,0.0,-1.1664437941603778,-1.2713471609109834,Hungary_2017
2017,Denmark,Israel,0.0,0.0,0.0,8,2.0,0.0,0.0,True,0.9999216516351469,0.16639415996426155,1.0,0.0,0.8524734749958586,0.2942679275824109,Israel_2017
2017,Denmark,Italy,0.0,0.0,0.0,8,1.0,0.0,0.0,True,-0.5761151168478498,0.024597877019676744,0.0,0.0,-1.1097367796151179,-1.1223947557178633,Italy_2017
2017,Denmark,Moldova,3.0,8.0,11.0,8,2.0,0.0,0.0,True,0.9999347468133256,0.21479861732248326,1.0,0.0,0.8524897788622543,0.7778686752239475,Moldova_2017
2017,Denmark,Netherlands,5.0,1.0,6.0,8,7.0,0.0,0.0,False,0.999918597787045,0.25505628335851355,1.0,0.0,0.8524696728687879,1.1800762084940362,Netherlands_2017
2017,Denmark,Norway,6.0,7.0,13.0,8,8.0,1.0,1.0,True,0.9999996926993642,0.22383291918844728,1.0,0.0,0.8525706383232317,0.8681288573486302,Norway_2017
2017,Denmark,Poland,0.0,0.0,0.0,8,9.0,0.0,0.0,True,0.9999493767142684,0.18540118592406912,1.0,0.0,0.8525079935018035,0.48416390961109423,Poland_2017
2017,Denmark,Portugal,10.0,5.0,15.0,8,1.0,0.0,0.0,False,-0.7713203744837323,0.041550431641659225,0.0,0.0,-1.3527728343232786,-0.9530246493875173,Portugal_2017
2017,Denmark,Romania,0.0,4.0,4.0,8,5.0,0.0,0.0,True,0.9999493767142684,0.29802153063924053,1.0,0.0,0.8525079935018035,1.6093347280926207,Romania_2017
2017,Denmark,Spain,0.0,0.0,0.0,8,5.0,0.0,0.0,True,-0.8328676703072015,0.14958456700433065,1.0,0.0,-1.429400954569884,0.12632612704094232,Spain_2017
2017,Denmark,Sweden,12.0,12.0,24.0,8,8.0,1.0,1.0,True,0.9999551133575285,0.2073009595786535,1.0,0.0,0.8525151357845578,0.7029608446569644,Sweden_2017
2017,Denmark,Ukraine,0.0,0.0,0.0,8,9.0,0.0,0.0,True,0.9999256576385165,0.09229864633664378,1.0,0.0,0.8524784625831086,-0.4460078185542882,Ukraine_2017
2017,Denmark,United Kingdom,0.0,0.0,0.0,8,8.0,1.0,1.0,True,0.9999493767142684,0.29261203977142886,1.0,0.0,0.8525079935018035,1.5552894196477065,United Kingdom_2017
2017,France,Armenia,0.0,6.0,6.0,7,3.0,0.0,0.0,True,-0.8081666453895193,0.13642089464951365,1.0,0.0,-1.3986474814516583,-0.0051898973075145075,Armenia_2017
2017,France,Australia,2.0,0.0,2.0,7,8.0,0.0,0.0,False,-0.8078149955363852,0.12686691822605484,1.0,0.0,-1.398209667460481,-0.1006420600523886,Australia_2017
2017,France,Austria,1.0,0.0,1.0,7,7.0,1.0,1.0,True,-0.8081666453895193,0.09237205788700682,1.0,0.0,-1.3986474814516583,-0.4452743761694608,Austria_2017
2017,France,Azerbaijan,0.0,0.0,0.0,7,2.0,0.0,0.0,True,-0.808382311269917,0.11479242517635257,1.0,0.0,-1.398915991559131,-0.22127627815785675,Azerbaijan_2017
2017,France,Belarus,0.0,0.0,0.0,7,4.0,0.0,0.0,True,0.5745591564603136,0.0,0.0,0.0,0.3228851642089491,-1.3681479851999356,Belarus_2017
2017,France,Belgium,0.0,8.0,8.0,7,7.0,1.0,0.0,True,-0.8077077758451328,0.15815404572529299,1.0,0.0,-1.3980761759189893,0.2119423397315637,Belgium_2017
2017,France,Bulgaria,5.0,4.0,9.0,7,3.0,0.0,0.0,False,-0.807666182722295,0.11917531688437412,1.0,0.0,-1.3980243913072432,-0.17748754830711105,Bulgaria_2017
2017,France,Croatia,0.0,0.0,0.0,7,6.0,0.0,1.0,True,-0.8077077758451328,0.2428007515995246,1.0,0.0,-1.3980761759189893,1.0576332632600893,Croatia_2017
2017,France,Cyprus,0.0,0.0,0.0,7,3.0,0.0,0.0,True,-0.8078149955363852,0.07231580067717724,1.0,0.0,-1.398209667460481,-0.645653050178438,Cyprus_2017
2017,France,Denmark,0.0,0.0,0.0,7,8.0,0.0,0.0,True,-0.8077455085746951,0.09587033581834903,1.0,0.0,-1.3981231542321622,-0.4103236729618021,Denmark_2017
2017,France,Greece,0.0,0.0,0.0,7,3.0,0.0,0.0,True,-0.8077455085746951,0.1298222582230471,1.0,0.0,-1.3981231542321622,-0.07111575792894086,Greece_2017
2017,France,Hungary,0.0,2.0,2.0,7,5.0,0.0,0.0,True,0.3275270887501186,0.2746086494650595,0.0,0.0,0.015323268336893863,1.3754205917046576,Hungary_2017
2017,France,Israel,6.0,3.0,9.0,7,2.0,0.0,0.0,True,-0.8084501854652681,0.08256281503515192,1.0,0.0,-1.399000496847843,-0.543276862631561,Israel_2017
2017,France,Italy,10.0,5.0,15.0,7,1.0,0.0,0.0,True,0.21171159570156334,0.3658284047350331,0.0,0.0,-0.12887028897550534,2.286781740157741,Italy_2017
2017,France,Moldova,0.0,7.0,7.0,7,2.0,0.0,0.0,True,-0.8081666453895193,0.06744439240784791,1.0,0.0,-1.3986474814516583,-0.6943224663786938,Moldova_2017
2017,France,Netherlands,4.0,0.0,4.0,7,7.0,1.0,0.0,False,-0.808382311269917,0.12040786765972293,1.0,0.0,-1.398915991559131,-0.1651733419509975,Netherlands_2017
2017,France,Norway,7.0,0.0,7.0,7,8.0,0.0,0.0,True,-0.8077667408938317,0.1162965812346534,1.0,0.0,-1.3981495890686917,-0.206248509351762,Norway_2017
2017,France,Poland,0.0,1.0,1.0,7,9.0,0.0,0.0,True,-0.8078149955363852,0.13858025187799178,1.0,0.0,-1.398209667460481,0.016383875586766367,Poland_2017
2017,France,Portugal,12.0,12.0,24.0,7,1.0,0.0,0.0,False,0.5709833253236333,0.33857891391771316,0.0,0.0,0.31843315352908075,2.0145366856458597,Portugal_2017
2017,France,Romania,0.0,10.0,10.0,7,5.0,0.0,0.0,True,-0.8078149955363852,0.10878718026541444,1.0,0.0,-1.398209667460481,-0.281273664497876,Romania_2017
2017,France,Spain,0.0,0.0,0.0,7,5.0,0.0,0.0,True,0.7167330338469731,0.33823018603911453,1.0,0.0,0.4998956538908822,2.011052604385209,Spain_2017
2017,France,Sweden,8.0,0.0,8.0,7,8.0,0.0,0.0,True,-0.8077077758451328,0.1643430176215013,1.0,0.0,-1.3980761759189893,0.27377531131079014,Sweden_2017
2017,France,Ukraine,0.0,0.0,0.0,7,9.0,0.0,0.0,True,-0.8083173919349064,0.10135398071556725,1.0,0.0,-1.398835165154933,-0.35553750414949964,Ukraine_2017
2017,France,United Kingdom,3.0,0.0,3.0,7,8.0,0.0,0.0,True,-0.8078149955363852,0.10107132315900998,1.0,0.0,-1.398209667460481,-0.35836148799598755,United Kingdom_2017
2017,Germany,Armenia,0.0,0.0,0.0,7,3.0,0.0,0.0,True,0.9999999999999998,0.12010166318880791,1.0,0.0,0.8525710209211954,-0.16823257903674355,Armenia_2017
2017,Germany,Australia,5.0,0.0,5.0,7,8.0,0.0,0.0,False,0.9999575096482091,0.2647082400704165,1.0,0.0,0.8525181192340817,1.2765072757310119,Australia_2017
2017,Germany,Austria,2.0,0.0,2.0,7,7.0,1.0,1.0,True,0.9999999999999998,0.12645751293209698,1.0,0.0,0.8525710209211954,-0.10473235910855175,Austria_2017
2017,Germany,Azerbaijan,0.0,0.0,0.0,7,2.0,0.0,0.0,True,0.9999837671881182,0.14768008706267347,1.0,0.0,0.8525508106122913,0.10729879001621917,Azerbaijan_2017
2017,Germany,Belarus,0.0,0.0,0.0,7,4.0,0.0,0.0,True,-0.7324564798742071,0.0,0.0,0.0,-1.3043861887437258,-1.3681479851999356,Belarus_2017
2017,Germany,Belgium,0.0,10.0,10.0,7,7.0,1.0,0.0,True,0.9999793086852943,0.1300073413427919,1.0,0.0,0.8525452596504505,-0.06926662377953777,Belgium_2017
2017,Germany,Bulgaria,8.0,5.0,13.0,7,3.0,0.0,0.0,False,0.9999782357725866,0.08963893844012155,1.0,0.0,0.8525439238438506,-0.47258051035718013,Bulgaria_2017
2017,Germany,Croatia,3.0,8.0,11.0,7,6.0,0.0,1.0,True,0.9999793086852943,0.1825175231218956,1.0,0.0,0.8525452596504505,0.45535372221953285,Croatia_2017
2017,Germany,Cyprus,0.0,0.0,0.0,7,3.0,0.0,0.0,True,0.9999575096482091,0.05298379531590682,1.0,0.0,0.8525181192340817,-0.8387958464488852,Cyprus_2017
2017,Germany,Denmark,0.0,0.0,0.0,7,8.0,0.0,0.0,True,0.9999347468133256,0.2003798354901148,1.0,0.0,0.8524897788622543,0.6338130643406408,Denmark_2017
2017,Germany,France,0.0,0.0,0.0,7,7.0,1.0,1.0,True,-0.8081666453895193,0.10676026966599803,1.0,0.0,-1.3986474814516583,-0.3015241855196521,France_2017
2017,Germany,Greece,0.0,0.0,0.0,7,3.0,0.0,0.0,True,0.9999347468133256,0.10946255175511754,1.0,0.0,0.8524897788622543,-0.2745261421583714,Greece_2017
2017,Germany,Hungary,1.0,3.0,4.0,7,5.0,0.0,0.0,True,-0.6218340616949259,0.011946515712980922,0.0,0.0,-1.166658156199039,-1.2487923670230152,Hungary_2017
2017,Germany,Israel,0.0,0.0,0.0,7,2.0,0.0,0.0,True,0.9999871525706684,0.2519854240472417,1.0,0.0,0.8525550255091061,1.1493957724374426,Israel_2017
2017,Germany,Italy,0.0,4.0,4.0,7,1.0,0.0,0.0,True,-0.5760356183303118,0.03621228084570912,0.0,0.0,-1.1096378017172295,-1.0063572112389982,Italy_2017
2017,Germany,Moldova,0.0,7.0,7.0,7,2.0,0.0,0.0,True,0.9999999999999998,0.1630971578292432,1.0,0.0,0.8525710209211954,0.261328136817464,Moldova_2017
2017,Germany,Netherlands,7.0,1.0,8.0,7,7.0,1.0,0.0,False,0.9999837671881182,0.18710246290066743,1.0,0.0,0.8525508106122913,0.5011610801761832,Netherlands_2017
2017,Germany,Norway,12.0,0.0,12.0,7,8.0,0.0,0.0,True,0.9999349155979359,0.15092401954476242,1.0,0.0,0.8524899890038575,0.1397083708535183,Norway_2017
2017,Germany,Poland,0.0,2.0,2.0,7,9.0,0.0,0.0,True,0.9999575096482091,0.18317480997446353,1.0,0.0,0.8525181192340817,0.4619205640077678,Poland_2017
2017,Germany,Portugal,10.0,12.0,22.0,7,1.0,0.0,0.0,False,-0.7715250334783876,0.0,0.0,0.0,-1.353027640547373,-1.3681479851999356,Portugal_2017
2017,Germany,Romania,0.0,6.0,6.0,7,5.0,0.0,0.0,True,0.9999575096482091,0.17882592512837173,1.0,0.0,0.8525181192340817,0.4184715909635587,Romania_2017
2017,Germany,Spain,0.0,0.0,0.0,7,5.0,0.0,0.0,True,-0.8332017609696609,0.05606135147245217,1.0,0.0,-1.429816906873128,-0.8080485033436878,Spain_2017
2017,Germany,Sweden,4.0,0.0,4.0,7,8.0,0.0,0.0,True,0.9999793086852943,0.1880142480411661,1.0,0.0,0.8525452596504505,0.5102705713201574,Sweden_2017
2017,Germany,Ukraine,0.0,0.0,0.0,7,9.0,0.0,0.0,True,0.9999501210788823,0.1258218107942045,1.0,0.0,0.8525089202567545,-0.11108355166272053,Ukraine_2017
2017,Germany,United Kingdom,6.0,0.0,6.0,7,8.0,0.0,0.0,True,0.9999575096482091,0.184749654144018,1.0,0.0,0.8525181192340817,0.4776545657791171,United Kingdom_2017
2017,Greece,Armenia,8.0,2.0,10.0,3,3.0,1.0,0.0,True,0.9999347468133256,0.1798983160258704,1.0,0.0,0.8524897788622543,0.4291856670651937,Armenia_2017
2017,Greece,Australia,0.0,0.0,0.0,3,8.0,0.0,0.0,False,0.9999493767142684,0.20519740000318631,1.0,0.0,0.8525079935018035,0.6819445366778057,Australia_2017
2017,Greece,Austria,0.0,0.0,0.0,3,7.0,0.0,0.0,True,0.9999347468133256,0.28685905814072216,1.0,0.0,0.8524897788622543,1.4978123530794718,Austria_2017
2017,Greece,Azerbaijan,10.0,0.0,10.0,3,2.0,0.0,0.0,True,0.999918597787045,0.20096162350467092,1.0,0.0,0.8524696728687879,0.6396256100061372,Azerbaijan_2017
2017,Greece,Belarus,3.0,0.0,3.0,3,4.0,0.0,0.0,True,-0.7334424690435889,0.0,0.0,0.0,-1.3056137730855293,-1.3681479851999356,Belarus_2017
2017,Greece,Belgium,0.0,5.0,5.0,3,7.0,0.0,0.0,True,0.9999551133575285,0.15639573008139565,1.0,0.0,0.8525151357845578,0.19437530548747195,Belgium_2017
2017,Greece,Bulgaria,2.0,10.0,12.0,3,3.0,1.0,0.0,False,0.9999640677698979,0.2364163251021953,1.0,0.0,0.8525262842806631,0.9938475378149829,Bulgaria_2017
2017,Greece,Croatia,0.0,0.0,0.0,3,6.0,0.0,0.0,True,0.9999551133575285,0.2048060314854035,1.0,0.0,0.8525151357845578,0.6780344400021535,Croatia_2017
2017,Greece,Cyprus,12.0,12.0,24.0,3,3.0,1.0,0.0,True,0.9999493767142684,0.20452936017413614,1.0,0.0,0.8525079935018035,0.6752702637200052,Cyprus_2017
2017,Greece,Denmark,0.0,0.0,0.0,3,8.0,0.0,0.0,True,0.9999999999999999,0.22467899787220103,1.0,0.0,0.8525710209211954,0.8765818863950839,Denmark_2017
2017,Greece,France,0.0,4.0,4.0,3,7.0,0.0,0.0,True,-0.8077455085746951,0.1298222582230471,1.0,0.0,-1.3981231542321622,-0.07111575792894086,France_2017
2017,Greece,Hungary,0.0,0.0,0.0,3,5.0,0.0,0.0,True,-0.621661887253424,0.05315943747984616,0.0,0.0,-1.1664437941603778,-0.8370410352923459,Hungary_2017
2017,Greece,Israel,0.0,0.0,0.0,3,2.0,0.0,0.0,True,0.9999216516351469,0.19981331197521035,1.0,0.0,0.8524734749958586,0.6281530237097388,Israel_2017
2017,Greece,Italy,4.0,7.0,11.0,3,1.0,0.0,1.0,True,-0.5761151168478498,0.03345346726082614,0.0,0.0,-1.1097367796151179,-1.0339200512142392,Italy_2017
2017,Greece,Moldova,7.0,6.0,13.0,3,2.0,0.0,0.0,True,0.9999347468133256,0.14793331200938362,1.0,0.0,0.8524897788622543,0.10982871763516225,Moldova_2017
2017,Greece,Netherlands,0.0,0.0,0.0,3,7.0,0.0,0.0,False,0.999918597787045,0.3187890968770451,1.0,0.0,0.8524696728687879,1.8168199703084709,Netherlands_2017
2017,Greece,Norway,0.0,0.0,0.0,3,8.0,0.0,0.0,True,0.9999996926993642,0.17573322235019392,1.0,0.0,0.8525706383232317,0.3875729205231224,Norway_2017
2017,Greece,Poland,0.0,0.0,0.0,3,9.0,0.0,0.0,True,0.9999493767142684,0.1689619843051991,1.0,0.0,0.8525079935018035,0.3199226263201628,Poland_2017
2017,Greece,Portugal,5.0,8.0,13.0,3,1.0,0.0,0.0,False,-0.7713203744837323,0.06472321753287638,0.0,0.0,-1.3527728343232786,-0.7215092643684057,Portugal_2017
2017,Greece,Romania,6.0,1.0,7.0,3,5.0,0.0,0.0,True,0.9999493767142684,0.28284692213429985,1.0,0.0,0.8525079935018035,1.4577277807437838,Romania_2017
2017,Greece,Spain,0.0,0.0,0.0,3,5.0,0.0,0.0,True,-0.8328676703072015,0.12727907907269206,1.0,0.0,-1.429400954569884,-0.09652423073540574,Spain_2017
2017,Greece,Sweden,0.0,3.0,3.0,3,8.0,0.0,0.0,True,0.9999551133575285,0.18730716452461754,1.0,0.0,0.8525151357845578,0.503206219483357,Sweden_2017
2017,Greece,Ukraine,0.0,0.0,0.0,3,9.0,0.0,0.0,True,0.9999256576385165,0.21510589890089574,1.0,0.0,0.8524784625831086,0.7809386735085477,Ukraine_2017
2017,Greece,United Kingdom,1.0,0.0,1.0,3,8.0,0.0,0.0,True,0.9999493767142684,0.26166571963656776,1.0,0.0,0.8525079935018035,1.246109968606279,United Kingdom_2017
2017,Hungary,Armenia,2.0,0.0,2.0,5,3.0,0.0,0.0,True,-0.6218340616949259,0.03688789587520678,0.0,0.0,-1.166658156199039,-0.9996072557345921,Armenia_2017
2017,Hungary,Australia,7.0,0.0,7.0,5,8.0,0.0,0.0,False,-0.6208312602685719,0.01356281043798916,0.0,0.0,-1.1654096401228407,-1.2326442397619566,Australia_2017
2017,Hungary,Austria,0.0,0.0,0.0,5,7.0,0.0,0.0,True,-0.6218340616949259,0.02017206673002872,0.0,0.0,-1.166658156199039,-1.1666122778595478,Austria_2017
2017,Hungary,Azerbaijan,4.0,0.0,4.0,5,2.0,0.0,0.0,True,-0.6211342630603576,0.040112652809561604,0.0,0.0,-1.1657868871497548,-0.9673892545518695,Azerbaijan_2017
2017,Hungary,Belarus,0.0,0.0,0.0,5,4.0,0.0,0.0,True,0.24513470870344312,0.0,0.0,0.0,-0.08725757004355009,-1.3681479851999356,Belarus_2017
2017,Hungary,Belgium,0.0,8.0,8.0,5,7.0,0.0,0.0,True,-0.6218977361478456,0.011827256171779564,0.0,0.0,-1.1667374326899016,-1.2499838689308156,Belgium_2017
2017,Hungary,Bulgaria,10.0,12.0,22.0,5,3.0,0.0,0.0,False,-0.6218606772299453,0.03246477812475525,0.0,0.0,-1.1666912932912636,-1.0437978771725078,Bulgaria_2017
2017,Hungary,Croatia,0.0,5.0,5.0,5,6.0,0.0,0.0,True,-0.6218977361478456,0.033347560558459104,0.0,0.0,-1.1667374326899016,-1.034978147167385,Croatia_2017
2017,Hungary,Cyprus,0.0,2.0,2.0,5,3.0,0.0,0.0,True,-0.6208312602685719,0.04355200282045275,0.0,0.0,-1.1654096401228407,-0.9330272902319584,Cyprus_2017
2017,Hungary,Denmark,5.0,0.0,5.0,5,8.0,0.0,1.0,True,-0.621661887253424,0.009688966351657597,0.0,0.0,-1.1664437941603778,-1.2713471609109834,Denmark_2017
2017,Hungary,France,0.0,1.0,1.0,5,7.0,0.0,0.0,True,0.3275270887501186,0.2746086494650595,0.0,0.0,0.015323268336893863,1.3754205917046576,France_2017
2017,Hungary,Greece,0.0,0.0,0.0,5,3.0,0.0,0.0,True,-0.621661887253424,0.05315943747984616,0.0,0.0,-1.1664437941603778,-0.8370410352923459,Greece_2017
2017,Hungary,Israel,0.0,0.0,0.0,5,2.0,0.0,0.0,True,-0.6211501023879104,0.017109687048277453,0.0,0.0,-1.165806607559565,-1.1972079953716173,Israel_2017
2017,Hungary,Italy,0.0,4.0,4.0,5,1.0,0.0,0.0,True,0.42624832068489754,0.0,0.0,0.0,0.1382339881399019,-1.3681479851999356,Italy_2017
2017,Hungary,Moldova,0.0,10.0,10.0,5,2.0,0.0,0.0,True,-0.6218340616949259,0.055537172982504455,0.0,0.0,-1.166658156199039,-0.8132854819913425,Moldova_2017
2017,Hungary,Netherlands,8.0,0.0,8.0,5,7.0,0.0,0.0,False,-0.6211342630603576,0.04036805513915886,0.0,0.0,-1.1657868871497548,-0.9648375730687252,Netherlands_2017
2017,Hungary,Norway,6.0,0.0,6.0,5,8.0,0.0,1.0,True,-0.6215806877534522,0.023235882069668215,0.0,0.0,-1.166342698491355,-1.1360022169323056,Norway_2017
2017,Hungary,Poland,0.0,0.0,0.0,5,9.0,0.0,0.0,True,-0.6208312602685719,0.038778445814438546,0.0,0.0,-1.1654096401228407,-0.9807190910083564,Poland_2017
2017,Hungary,Portugal,12.0,7.0,19.0,5,1.0,0.0,0.0,False,0.40699011524742584,0.23938944874106405,0.0,0.0,0.11425697887812876,1.023551513296973,Portugal_2017
2017,Hungary,Romania,0.0,6.0,6.0,5,5.0,1.0,0.0,True,-0.6208312602685719,0.035665311018062015,0.0,0.0,-1.1654096401228407,-1.0118218942872956,Romania_2017
2017,Hungary,Spain,0.0,0.0,0.0,5,5.0,1.0,0.0,True,0.4036125308899267,0.04832778013391149,0.0,0.0,0.11005179103312834,-0.8853133067393649,Spain_2017
2017,Hungary,Sweden,1.0,3.0,4.0,5,8.0,0.0,1.0,True,-0.6218977361478456,0.0,0.0,0.0,-1.1667374326899016,-1.3681479851999356,Sweden_2017
2017,Hungary,Ukraine,0.0,0.0,0.0,5,9.0,0.0,0.0,True,-0.6213390274111799,0.0,0.0,0.0,-1.1660418245452504,-1.3681479851999356,Ukraine_2017
2017,Hungary,United Kingdom,3.0,0.0,3.0,5,8.0,0.0,1.0,True,-0.6208312602685719,0.007111680368583712,0.0,0.0,-1.1654096401228407,-1.2970963893152325,United Kingdom_2017
2017,Israel,Armenia,0.0,0.0,0.0,2,3.0,0.0,0.0,True,0.9999871525706684,0.14814137909478198,1.0,0.0,0.8525550255091061,0.111907480698522,Armenia_2017
2017,Israel,Australia,0.0,0.0,0.0,2,8.0,0.0,0.0,False,0.9999442188787674,0.20354494417546176,1.0,0.0,0.8525015718510436,0.6654351299548219,Australia_2017
2017,Israel,Austria,0.0,0.0,0.0,2,7.0,0.0,0.0,True,0.9999871525706684,0.1991425178257443,1.0,0.0,0.8525550255091061,0.6214512328024547,Austria_2017
2017,Israel,Azerbaijan,0.0,0.0,0.0,2,2.0,1.0,0.0,True,0.9999966865921937,0.15142739364864793,1.0,0.0,0.852566895634968,0.14473749639831845,Azerbaijan_2017
2017,Israel,Belarus,1.0,2.0,3.0,2,4.0,0.0,0.0,True,-0.7327832246584179,0.0,0.0,0.0,-1.3047929952212398,-1.3681479851999356,Belarus_2017
2017,Israel,Belgium,8.0,6.0,14.0,2,7.0,0.0,0.0,True,0.9999663709769238,0.10407210108811639,1.0,0.0,0.85252915183841,-0.32838122317693375,Belgium_2017
2017,Israel,Bulgaria,7.0,10.0,17.0,2,3.0,0.0,0.0,False,0.9999652350435818,0.08630234169061111,1.0,0.0,0.8525277375693416,-0.5059158842195522,Bulgaria_2017
2017,Israel,Croatia,0.0,0.0,0.0,2,6.0,0.0,0.0,True,0.9999663709769238,0.13327265949885672,1.0,0.0,0.85252915183841,-0.036643382290141954,Croatia_2017
2017,Israel,Cyprus,0.0,0.0,0.0,2,3.0,0.0,0.0,True,0.9999442188787674,0.07108643428934955,1.0,0.0,0.8525015718510436,-0.6579354418573494,Cyprus_2017
2017,Israel,Denmark,0.0,0.0,0.0,2,8.0,0.0,0.0,True,0.9999216516351469,0.16639415996426155,1.0,0.0,0.8524734749958586,0.2942679275824109,Denmark_2017
2017,Israel,France,6.0,4.0,10.0,2,7.0,0.0,0.0,True,-0.8084501854652681,0.08256281503515192,1.0,0.0,-1.399000496847843,-0.543276862631561,France_2017
2017,Israel,Greece,0.0,0.0,0.0,2,3.0,0.0,0.0,True,0.9999216516351469,0.19981331197521035,1.0,0.0,0.8524734749958586,0.6281530237097388,Greece_2017
2017,Israel,Hungary,0.0,1.0,1.0,2,5.0,0.0,0.0,True,-0.6211501023879104,0.017109687048277453,0.0,0.0,-1.165806607559565,-1.1972079953716173,Hungary_2017
2017,Israel,Italy,2.0,8.0,10.0,2,1.0,0.0,0.0,True,-0.5759623397087053,0.03908683857798888,0.0,0.0,-1.1095465677653094,-0.9776379910609596,Italy_2017
2017,Israel,Moldova,3.0,5.0,8.0,2,2.0,1.0,0.0,True,0.9999871525706684,0.10085143781669334,1.0,0.0,0.8525550255091061,-0.3605583252655965,Moldova_2017
2017,Israel,Netherlands,0.0,0.0,0.0,2,7.0,0.0,0.0,False,0.9999966865921937,0.2222321776619162,1.0,0.0,0.852566895634968,0.8521361194633081,Netherlands_2017
2017,Israel,Norway,5.0,0.0,5.0,2,8.0,0.0,0.0,True,0.9999218473063946,0.19249358703789682,1.0,0.0,0.852473718612084,0.5550228897219034,Norway_2017
2017,Israel,Poland,0.0,0.0,0.0,2,9.0,0.0,0.0,True,0.9999442188787674,0.12558158157750213,1.0,0.0,0.8525015718510436,-0.11348364114090331,Poland_2017
2017,Israel,Portugal,12.0,12.0,24.0,2,1.0,0.0,0.0,False,-0.771201531064038,0.017751375988974947,0.0,0.0,-1.3526248709118402,-1.19079698968307,Portugal_2017
2017,Israel,Romania,0.0,7.0,7.0,2,5.0,0.0,0.0,True,0.9999442188787674,0.25496923804373756,1.0,0.0,0.8525015718510436,1.1792065534746061,Romania_2017
2017,Israel,Spain,0.0,0.0,0.0,2,5.0,0.0,1.0,True,-0.8334262028568552,0.050599685477648926,1.0,0.0,-1.4300963433567329,-0.8626150846588809,Spain_2017
2017,Israel,Sweden,10.0,3.0,13.0,2,8.0,0.0,0.0,True,0.9999663709769238,0.16669649684752538,1.0,0.0,0.85252915183841,0.29728852425399344,Sweden_2017
2017,Israel,Ukraine,4.0,0.0,4.0,2,9.0,0.0,0.0,True,0.9999689422737682,0.1078940408180143,1.0,0.0,0.8525323531755467,-0.2901968696753324,Ukraine_2017
2017,Israel,United Kingdom,0.0,0.0,0.0,2,8.0,0.0,0.0,True,0.9999442188787674,0.14347081393530225,1.0,0.0,0.8525015718510436,0.0652446540435867,United Kingdom_2017
2017,Italy,Armenia,4.0,0.0,4.0,1,3.0,0.0,0.0,True,-0.5760356183303118,0.023175957099842298,0.0,0.0,-1.1096378017172295,-1.136600917171743,Armenia_2017
2017,Italy,Australia,0.0,0.0,0.0,1,8.0,0.0,0.0,False,-0.5765743394188976,0.05023333212553525,0.0,0.0,-1.110308524675943,-0.8662752590447232,Australia_2017
2017,Italy,Austria,1.0,0.0,1.0,1,7.0,0.0,0.0,True,-0.5760356183303118,0.02260529872084099,0.0,0.0,-1.1096378017172295,-1.1423022685305775,Austria_2017
2017,Italy,Azerbaijan,12.0,0.0,12.0,1,2.0,0.0,0.0,True,-0.5758264282870924,0.03627814382158807,0.0,0.0,-1.1093773542098004,-1.0056991853852792,Azerbaijan_2017
2017,Italy,Belarus,0.0,0.0,0.0,1,4.0,0.0,0.0,True,0.26136613732957875,0.0,0.0,0.0,-0.06704898333154971,-1.3681479851999356,Belarus_2017
2017,Italy,Belgium,7.0,2.0,9.0,1,7.0,0.0,0.0,True,-0.5765241105146819,0.04172368625679553,0.0,0.0,-1.110245988272668,-0.9512936918273033,Belgium_2017
2017,Italy,Bulgaria,2.0,8.0,10.0,1,3.0,0.0,0.0,False,-0.5765989439097036,0.029227206867789134,0.0,0.0,-1.110339157961368,-1.0761439040853706,Bulgaria_2017
2017,Italy,Croatia,0.0,6.0,6.0,1,6.0,0.0,0.0,True,-0.5765241105146819,0.3201469538937633,1.0,1.0,-1.110245988272668,1.8303860901311877,Croatia_2017
2017,Italy,Cyprus,0.0,0.0,0.0,1,3.0,0.0,0.0,True,-0.5765743394188976,0.015081753363891406,0.0,0.0,-1.110308524675943,-1.217468737862308,Cyprus_2017
2017,Italy,Denmark,0.0,0.0,0.0,1,8.0,0.0,0.0,True,-0.5761151168478498,0.024597877019676744,0.0,0.0,-1.1097367796151179,-1.1223947557178633,Denmark_2017
2017,Italy,France,6.0,1.0,7.0,1,7.0,0.0,0.0,True,0.21171159570156334,0.3658284047350331,0.0,0.0,-0.12887028897550534,2.286781740157741,France_2017
2017,Italy,Greece,0.0,0.0,0.0,1,3.0,0.0,1.0,True,-0.5761151168478498,0.03345346726082614,0.0,0.0,-1.1097367796151179,-1.0339200512142392,Greece_2017
2017,Italy,Hungary,0.0,4.0,4.0,1,5.0,0.0,0.0,True,0.42624832068489754,0.0,0.0,0.0,0.1382339881399019,-1.3681479851999356,Hungary_2017
2017,Italy,Israel,0.0,0.0,0.0,1,2.0,0.0,0.0,True,-0.5759623397087053,0.03908683857798888,0.0,0.0,-1.1095465677653094,-0.9776379910609596,Israel_2017
2017,Italy,Moldova,8.0,12.0,20.0,1,2.0,0.0,0.0,True,-0.5760356183303118,0.02341000104026921,0.0,0.0,-1.1096378017172295,-1.1342626237428177,Moldova_2017
2017,Italy,Netherlands,0.0,0.0,0.0,1,7.0,0.0,0.0,False,-0.5758264282870924,0.035797775083683654,0.0,0.0,-1.1093773542098004,-1.0104984682090694,Netherlands_2017
2017,Italy,Norway,3.0,0.0,3.0,1,8.0,0.0,0.0,True,-0.5760845239337058,0.036367547544273814,0.0,0.0,-1.109698690573636,-1.0048059679112602,Norway_2017
2017,Italy,Poland,0.0,3.0,3.0,1,9.0,0.0,0.0,True,-0.5765743394188976,0.040903422816722414,0.0,0.0,-1.110308524675943,-0.9594888051398381,Poland_2017
2017,Italy,Portugal,5.0,5.0,10.0,1,1.0,1.0,0.0,False,0.3619898352350939,0.0,0.0,0.0,0.05823036029513997,-1.3681479851999356,Portugal_2017
2017,Italy,Romania,0.0,10.0,10.0,1,5.0,0.0,0.0,True,-0.5765743394188976,0.048673005475460336,0.0,0.0,-1.110308524675943,-0.881864218734054,Romania_2017
2017,Italy,Spain,0.0,0.0,0.0,1,5.0,0.0,0.0,True,0.3403199482621975,0.20687892521937373,0.0,0.0,0.03125073946090886,0.6987443707449096,Spain_2017
2017,Italy,Sweden,10.0,0.0,10.0,1,8.0,0.0,0.0,True,-0.5765241105146819,0.023911453794871654,0.0,0.0,-1.110245988272668,-1.1292526940737795,Sweden_2017
2017,Italy,Ukraine,0.0,7.0,7.0,1,9.0,0.0,0.0,True,-0.5759541706075206,0.020712918968097536,0.0,0.0,-1.1095363970037915,-1.161208714614163,Ukraine_2017
2017,Italy,United Kingdom,0.0,0.0,0.0,1,8.0,0.0,0.0,True,-0.5765743394188976,0.025545575561404684,0.0,0.0,-1.110308524675943,-1.1129264598556314,United Kingdom_2017
2017,Moldova,Armenia,6.0,0.0,6.0,2,3.0,0.0,1.0,True,0.9999999999999998,0.234650940367524,1.0,0.0,0.8525710209211954,0.9762098774804441,Armenia_2017
2017,Moldova,Australia,4.0,0.0,4.0,2,8.0,0.0,0.0,False,0.9999575096482091,0.17300699717592605,1.0,0.0,0.8525181192340817,0.36033566584721216,Australia_2017
2017,Moldova,Austria,2.0,0.0,2.0,2,7.0,0.0,0.0,True,0.9999999999999998,0.25669563724307953,1.0,0.0,0.8525710209211954,1.1964547159186318,Austria_2017
2017,Moldova,Azerbaijan,5.0,10.0,15.0,2,2.0,1.0,1.0,True,0.9999837671881182,0.1892496287255506,1.0,0.0,0.8525508106122913,0.5226130508188721,Azerbaijan_2017
2017,Moldova,Belarus,3.0,1.0,4.0,2,4.0,0.0,1.0,True,-0.7324564798742071,0.0,0.0,0.0,-1.3043861887437258,-1.3681479851999356,Belarus_2017
2017,Moldova,Belgium,0.0,2.0,2.0,2,7.0,0.0,0.0,True,0.9999793086852943,0.13150026404616022,1.0,0.0,0.8525452596504505,-0.05435108552286707,Belgium_2017
2017,Moldova,Bulgaria,10.0,8.0,18.0,2,3.0,0.0,0.0,False,0.9999782357725866,0.11936010135671987,1.0,0.0,0.8525439238438506,-0.1756413978933667,Bulgaria_2017
2017,Moldova,Croatia,0.0,0.0,0.0,2,6.0,0.0,0.0,True,0.9999793086852943,0.10205530917869077,1.0,0.0,0.8525452596504505,-0.34853065007821415,Croatia_2017
2017,Moldova,Cyprus,0.0,0.0,0.0,2,3.0,0.0,0.0,True,0.9999575096482091,0.1665403481399329,1.0,0.0,0.8525181192340817,0.2957284689232181,Cyprus_2017
2017,Moldova,Denmark,0.0,0.0,0.0,2,8.0,0.0,0.0,True,0.9999347468133256,0.21479861732248326,1.0,0.0,0.8524897788622543,0.7778686752239475,Denmark_2017
2017,Moldova,France,0.0,5.0,5.0,2,7.0,0.0,0.0,True,-0.8081666453895193,0.06744439240784791,1.0,0.0,-1.3986474814516583,-0.6943224663786938,France_2017
2017,Moldova,Greece,0.0,7.0,7.0,2,3.0,0.0,0.0,True,0.9999347468133256,0.14793331200938362,1.0,0.0,0.8524897788622543,0.10982871763516225,Greece_2017
2017,Moldova,Hungary,1.0,0.0,1.0,2,5.0,0.0,0.0,True,-0.6218340616949259,0.055537172982504455,0.0,0.0,-1.166658156199039,-0.8132854819913425,Hungary_2017
2017,Moldova,Israel,0.0,0.0,0.0,2,2.0,1.0,0.0,True,0.9999871525706684,0.10085143781669334,1.0,0.0,0.8525550255091061,-0.3605583252655965,Israel_2017
2017,Moldova,Italy,0.0,4.0,4.0,2,1.0,0.0,0.0,True,-0.5760356183303118,0.02341000104026921,0.0,0.0,-1.1096378017172295,-1.1342626237428177,Italy_2017
2017,Moldova,Netherlands,0.0,0.0,0.0,2,7.0,0.0,0.0,False,0.9999837671881182,0.20380340562338473,1.0,0.0,0.8525508106122913,0.6680173745718216,Netherlands_2017
2017,Moldova,Norway,0.0,0.0,0.0,2,8.0,0.0,0.0,True,0.9999349155979359,0.13253450182043575,1.0,0.0,0.8524899890038575,-0.044018190823164195,Norway_2017
2017,Moldova,Poland,0.0,0.0,0.0,2,9.0,0.0,0.0,True,0.9999575096482091,0.15147059711825953,1.0,0.0,0.8525181192340817,0.1451691349569382,Poland_2017
2017,Moldova,Portugal,7.0,6.0,13.0,2,1.0,0.0,0.0,False,-0.7715250334783876,0.03298802368965736,0.0,0.0,-1.353027640547373,-1.0385702192212136,Portugal_2017
2017,Moldova,Romania,12.0,12.0,24.0,2,5.0,0.0,0.0,True,0.9999575096482091,0.24994062595451574,1.0,0.0,0.8525181192340817,1.1289665404950189,Romania_2017
2017,Moldova,Spain,0.0,0.0,0.0,2,5.0,0.0,0.0,True,-0.8332017609696609,0.07418521486619345,1.0,0.0,-1.429816906873128,-0.6269760491582752,Spain_2017
2017,Moldova,Sweden,8.0,3.0,11.0,2,8.0,0.0,0.0,True,0.9999793086852943,0.24166117500729123,1.0,0.0,0.8525452596504505,1.0462479462443364,Sweden_2017
2017,Moldova,Ukraine,0.0,0.0,0.0,2,9.0,0.0,1.0,True,0.9999501210788823,0.08172601445772265,1.0,0.0,0.8525089202567545,-0.5516371956867756,Ukraine_2017
2017,Moldova,United Kingdom,0.0,0.0,0.0,2,8.0,0.0,0.0,True,0.9999575096482091,0.19073310243838318,1.0,0.0,0.8525181192340817,0.5374341858090477,United Kingdom_2017
2017,Netherlands,Armenia,0.0,0.0,0.0,7,3.0,0.0,0.0,False,0.9999837671881182,0.22194951872033455,1.0,0.0,0.8525508106122913,0.8493121217792761,Armenia_2017
2017,Netherlands,Australia,4.0,0.0,4.0,7,8.0,0.0,0.0,False,0.9999411110775883,0.2346728071435804,1.0,0.0,0.8524977025508694,0.9764283447420667,Australia_2017
2017,Netherlands,Austria,3.0,0.0,3.0,7,7.0,1.0,0.0,False,0.9999837671881182,0.25349150624016237,1.0,0.0,0.8525508106122913,1.1644427849287895,Austria_2017
2017,Netherlands,Azerbaijan,0.0,0.0,0.0,7,2.0,0.0,0.0,False,1.0,0.25942715523204474,1.0,0.0,0.8525710209211956,1.2237448502110992,Azerbaijan_2017
2017,Netherlands,Belarus,0.0,0.0,0.0,7,4.0,0.0,0.0,False,-0.7328539827227478,0.0,0.0,0.0,-1.304881091008217,-1.3681479851999356,Belarus_2017
2017,Netherlands,Belgium,2.0,10.0,12.0,7,7.0,1.0,0.0,False,0.9999631063413638,0.26154380670097527,1.0,0.0,0.8525250872750054,1.2448919570838406,Belgium_2017
2017,Netherlands,Bulgaria,10.0,8.0,18.0,7,3.0,0.0,0.0,False,0.9999620544230509,0.24548962203486466,1.0,0.0,0.8525237776070193,1.0844973130565447,Bulgaria_2017
2017,Netherlands,Croatia,0.0,3.0,3.0,7,6.0,0.0,0.0,False,0.9999631063413638,0.14962840298783808,1.0,0.0,0.8525250872750054,0.12676408493892907,Croatia_2017
2017,Netherlands,Cyprus,0.0,0.0,0.0,7,3.0,0.0,0.0,False,0.9999411110775883,0.23485082103819263,1.0,0.0,0.8524977025508694,0.9782068514586683,Cyprus_2017
2017,Netherlands,Denmark,8.0,0.0,8.0,7,8.0,0.0,0.0,False,0.999918597787045,0.25505628335851355,1.0,0.0,0.8524696728687879,1.1800762084940362,Denmark_2017
2017,Netherlands,France,0.0,0.0,0.0,7,7.0,1.0,0.0,False,-0.808382311269917,0.12040786765972293,1.0,0.0,-1.398915991559131,-0.1651733419509975,France_2017
2017,Netherlands,Greece,0.0,0.0,0.0,7,3.0,0.0,0.0,False,0.999918597787045,0.3187890968770451,1.0,0.0,0.8524696728687879,1.8168199703084709,Greece_2017
2017,Netherlands,Hungary,0.0,6.0,6.0,7,5.0,0.0,0.0,False,-0.6211342630603576,0.04036805513915886,0.0,0.0,-1.1657868871497548,-0.9648375730687252,Hungary_2017
2017,Netherlands,Israel,0.0,0.0,0.0,7,2.0,0.0,0.0,False,0.9999966865921937,0.2222321776619162,1.0,0.0,0.852566895634968,0.8521361194633081,Israel_2017
2017,Netherlands,Italy,0.0,2.0,2.0,7,1.0,0.0,0.0,False,-0.5758264282870924,0.035797775083683654,0.0,0.0,-1.1093773542098004,-1.0104984682090694,Italy_2017
2017,Netherlands,Moldova,0.0,5.0,5.0,7,2.0,0.0,0.0,False,0.9999837671881182,0.20380340562338473,1.0,0.0,0.8525508106122913,0.6680173745718216,Moldova_2017
2017,Netherlands,Norway,7.0,0.0,7.0,7,8.0,0.0,0.0,False,0.9999187576206936,0.23403138440923166,1.0,0.0,0.8524698718661914,0.9700199986761305,Norway_2017
2017,Netherlands,Poland,0.0,1.0,1.0,7,9.0,0.0,0.0,False,0.9999411110775883,0.2334775777305624,1.0,0.0,0.8524977025508694,0.9644870098054716,Poland_2017
2017,Netherlands,Portugal,12.0,12.0,24.0,7,1.0,0.0,0.0,False,-0.7714869032822466,0.014417643605851347,0.0,0.0,-1.3529801673770927,-1.2241037461452726,Portugal_2017
2017,Netherlands,Romania,1.0,7.0,8.0,7,5.0,0.0,0.0,False,0.9999411110775883,0.27428211034546285,1.0,0.0,0.8524977025508694,1.3721581945827876,Romania_2017
2017,Netherlands,Spain,0.0,0.0,0.0,7,5.0,0.0,0.0,False,-0.8333173942415522,0.05458942090662242,1.0,0.0,-1.429960873559957,-0.8227543127042547,Spain_2017
2017,Netherlands,Sweden,6.0,4.0,10.0,7,8.0,0.0,0.0,False,0.9999631063413638,0.21813850420711117,1.0,0.0,0.8525250872750054,0.8112369202698736,Sweden_2017
2017,Netherlands,Ukraine,0.0,0.0,0.0,7,9.0,0.0,0.0,False,0.9999689734822962,0.22052074581251058,1.0,0.0,0.8525323920310447,0.8350374932813226,Ukraine_2017
2017,Netherlands,United Kingdom,5.0,0.0,5.0,7,8.0,0.0,0.0,False,0.9999411110775883,0.31715484703739105,1.0,0.0,0.8524977025508694,1.8004924565334297,United Kingdom_2017
2017,Norway,Armenia,0.0,0.0,0.0,8,3.0,0.0,0.0,True,0.9999349155979359,0.21084395438434733,1.0,0.0,0.8524899890038575,0.7383583065940641,Armenia_2017
2017,Norway,Australia,3.0,0.0,3.0,8,8.0,1.0,0.0,False,0.9999494172133299,0.20000316867852097,1.0,0.0,0.8525080439242779,0.6300498499252728,Australia_2017
2017,Norway,Austria,0.0,0.0,0.0,8,7.0,0.0,0.0,True,0.9999349155979359,0.2972071463091983,1.0,0.0,0.8524899890038575,1.6011983519741706,Austria_2017
2017,Norway,Azerbaijan,0.0,0.0,0.0,8,2.0,0.0,0.0,True,0.9999187576206936,0.22103688887695086,1.0,0.0,0.8524698718661914,0.8401941913516279,Azerbaijan_2017
2017,Norway,Belarus,0.0,0.0,0.0,8,4.0,0.0,0.0,True,-0.7334897572995882,0.0,0.0,0.0,-1.3056726482987857,-1.3681479851999356,Belarus_2017
2017,Norway,Belgium,0.0,7.0,7.0,8,7.0,0.0,0.0,True,0.9999553372427775,0.17448662488257952,1.0,0.0,0.8525154145280113,0.37511837604006204,Belgium_2017
2017,Norway,Bulgaria,12.0,8.0,20.0,8,3.0,0.0,0.0,False,0.9999639063379181,0.21706720776738803,1.0,0.0,0.8525260832932925,0.8005337787107867,Bulgaria_2017
2017,Norway,Croatia,0.0,1.0,1.0,8,6.0,0.0,0.0,True,0.9999553372427775,0.14484682590577336,1.0,0.0,0.8525154145280113,0.07899215693900964,Croatia_2017
2017,Norway,Cyprus,0.0,0.0,0.0,8,3.0,0.0,0.0,True,0.9999494172133299,0.14320972403437243,1.0,0.0,0.8525080439242779,0.06263614899710113,Cyprus_2017
2017,Norway,Denmark,8.0,0.0,8.0,8,8.0,1.0,1.0,True,0.9999996926993642,0.22383291918844728,1.0,0.0,0.8525706383232317,0.8681288573486302,Denmark_2017
2017,Norway,France,0.0,0.0,0.0,8,7.0,0.0,0.0,True,-0.8077667408938317,0.1162965812346534,1.0,0.0,-1.3981495890686917,-0.206248509351762,France_2017
2017,Norway,Greece,0.0,0.0,0.0,8,3.0,0.0,0.0,True,0.9999996926993642,0.17573322235019392,1.0,0.0,0.8525706383232317,0.3875729205231224,Greece_2017
2017,Norway,Hungary,0.0,4.0,4.0,8,5.0,0.0,1.0,True,-0.6215806877534522,0.023235882069668215,0.0,0.0,-1.166342698491355,-1.1360022169323056,Hungary_2017
2017,Norway,Israel,5.0,0.0,5.0,8,2.0,0.0,0.0,True,0.9999218473063946,0.19249358703789682,1.0,0.0,0.852473718612084,0.5550228897219034,Israel_2017
2017,Norway,Italy,7.0,2.0,9.0,8,1.0,0.0,0.0,True,-0.5760845239337058,0.036367547544273814,0.0,0.0,-1.109698690573636,-1.0048059679112602,Italy_2017
2017,Norway,Moldova,2.0,6.0,8.0,8,2.0,0.0,0.0,True,0.9999349155979359,0.13253450182043575,1.0,0.0,0.8524899890038575,-0.044018190823164195,Moldova_2017
2017,Norway,Netherlands,4.0,0.0,4.0,8,7.0,0.0,0.0,False,0.9999187576206936,0.23403138440923166,1.0,0.0,0.8524698718661914,0.9700199986761305,Netherlands_2017
2017,Norway,Poland,0.0,3.0,3.0,8,9.0,0.0,0.0,True,0.9999494172133299,0.2058422818348337,1.0,0.0,0.8525080439242779,0.688387441999874,Poland_2017
2017,Norway,Portugal,10.0,12.0,22.0,8,1.0,0.0,0.0,False,-0.7712767760344121,0.013471917383978502,0.0,0.0,-1.3527185530234689,-1.2335523368933772,Portugal_2017
2017,Norway,Romania,0.0,10.0,10.0,8,5.0,0.0,0.0,True,0.9999494172133299,0.27165479661859826,1.0,0.0,0.8525080439242779,1.345909147450669,Romania_2017
2017,Norway,Spain,0.0,0.0,0.0,8,5.0,0.0,0.0,True,-0.8329301984580713,0.09877897183862684,1.0,0.0,-1.4294788038823443,-0.3812639823714575,Spain_2017
2017,Norway,Sweden,6.0,5.0,11.0,8,8.0,1.0,1.0,True,0.9999553372427775,0.22702002332992932,1.0,0.0,0.8525154145280113,0.8999706758453385,Sweden_2017
2017,Norway,Ukraine,0.0,0.0,0.0,8,9.0,0.0,0.0,True,0.9999258527869062,0.0877821287582392,1.0,0.0,0.852478705548361,-0.4911315818781551,Ukraine_2017
2017,Norway,United Kingdom,1.0,0.0,1.0,8,8.0,1.0,1.0,True,0.9999494172133299,0.1971802781780318,1.0,0.0,0.8525080439242779,0.6018468283224518,United Kingdom_2017
2017,Poland,Armenia,2.0,0.0,2.0,9,3.0,0.0,0.0,True,0.9999575096482091,0.18139461832498321,1.0,0.0,0.8525181192340817,0.4441349702914141,Armenia_2017
2017,Poland,Australia,7.0,0.0,7.0,9,8.0,0.0,0.0,False,1.0000000000000007,0.205632988783101,1.0,0.0,0.8525710209211965,0.6862964305141948,Australia_2017
2017,Poland,Austria,0.0,0.0,0.0,9,7.0,0.0,0.0,True,0.9999575096482091,0.18385371499043882,1.0,0.0,0.8525181192340817,0.4687033892106925,Austria_2017
2017,Poland,Azerbaijan,1.0,0.0,1.0,9,2.0,0.0,0.0,True,0.9999411110775883,0.2170994523003701,1.0,0.0,0.8524977025508694,0.8008559283868398,Azerbaijan_2017
2017,Poland,Belarus,0.0,4.0,4.0,9,4.0,0.0,0.0,True,-0.7327535548211136,0.0,0.0,0.0,-1.3047560554364737,-1.3681479851999356,Belarus_2017
2017,Poland,Belgium,10.0,12.0,22.0,9,7.0,0.0,1.0,True,0.9999378874542112,0.2287618812803093,1.0,0.0,0.85249368904879,0.9173732840567088,Belgium_2017
2017,Poland,Bulgaria,6.0,8.0,14.0,9,3.0,0.0,0.0,False,0.9999466744704166,0.2535442210756585,1.0,0.0,0.8525046291319471,1.1649694499354657,Bulgaria_2017
2017,Poland,Croatia,0.0,1.0,1.0,9,6.0,0.0,0.0,True,0.9999378874542112,0.12926605042114037,1.0,0.0,0.85249368904879,-0.07667273601580431,Croatia_2017
2017,Poland,Cyprus,0.0,0.0,0.0,9,3.0,0.0,0.0,True,1.0000000000000007,0.21065172787888853,1.0,0.0,0.8525710209211965,0.736437804086032,Cyprus_2017
2017,Poland,Denmark,0.0,0.0,0.0,9,8.0,0.0,0.0,True,0.9999493767142684,0.18540118592406912,1.0,0.0,0.8525079935018035,0.48416390961109423,Denmark_2017
2017,Poland,France,0.0,0.0,0.0,9,7.0,0.0,0.0,True,-0.8078149955363852,0.13858025187799178,1.0,0.0,-1.398209667460481,0.016383875586766367,France_2017
2017,Poland,Greece,0.0,0.0,0.0,9,3.0,0.0,0.0,True,0.9999493767142684,0.1689619843051991,1.0,0.0,0.8525079935018035,0.3199226263201628,Greece_2017
2017,Poland,Hungary,0.0,5.0,5.0,9,5.0,0.0,0.0,True,-0.6208312602685719,0.038778445814438546,0.0,0.0,-1.1654096401228407,-0.9807190910083564,Hungary_2017
2017,Poland,Israel,0.0,0.0,0.0,9,2.0,0.0,0.0,True,0.9999442188787674,0.12558158157750213,1.0,0.0,0.8525015718510436,-0.11348364114090331,Israel_2017
2017,Poland,Italy,0.0,0.0,0.0,9,1.0,0.0,0.0,True,-0.5765743394188976,0.040903422816722414,0.0,0.0,-1.110308524675943,-0.9594888051398381,Italy_2017
2017,Poland,Moldova,0.0,6.0,6.0,9,2.0,0.0,0.0,True,0.9999575096482091,0.15147059711825953,1.0,0.0,0.8525181192340817,0.1451691349569382,Moldova_2017
2017,Poland,Netherlands,8.0,0.0,8.0,9,7.0,0.0,0.0,False,0.9999411110775883,0.2334775777305624,1.0,0.0,0.8524977025508694,0.9644870098054716,Netherlands_2017
2017,Poland,Norway,3.0,0.0,3.0,9,8.0,0.0,0.0,True,0.9999494172133299,0.2058422818348337,1.0,0.0,0.8525080439242779,0.688387441999874,Norway_2017
2017,Poland,Portugal,12.0,10.0,22.0,9,1.0,0.0,0.0,False,-0.7716964794892471,0.007993443242434894,0.0,0.0,-1.353241095669327,-1.2882868455601768,Portugal_2017
2017,Poland,Romania,0.0,7.0,7.0,9,5.0,0.0,0.0,True,1.0000000000000007,0.2028738327875898,1.0,0.0,0.8525710209211965,0.6587301695722735,Romania_2017
2017,Poland,Spain,0.0,0.0,0.0,9,5.0,0.0,0.0,True,-0.8335228725985869,0.06104167440113724,1.0,0.0,-1.4302166999133374,-0.7582909392006968,Spain_2017
2017,Poland,Sweden,4.0,3.0,7.0,9,8.0,0.0,0.0,True,0.9999378874542112,0.17324157430403353,1.0,0.0,0.85249368904879,0.3626792862640851,Sweden_2017
2017,Poland,Ukraine,0.0,2.0,2.0,9,9.0,1.0,0.0,True,0.9999088188492319,0.15693901565669705,1.0,0.0,0.852457497815236,0.1998031797936383,Ukraine_2017
2017,Poland,United Kingdom,5.0,0.0,5.0,9,8.0,0.0,0.0,True,1.0000000000000007,0.24946585189310816,1.0,0.0,0.8525710209211965,1.1242231531379758,United Kingdom_2017
2017,Portugal,Armenia,0.0,0.0,0.0,1,3.0,0.0,0.0,False,-0.7715250334783876,0.022132496524408483,0.0,0.0,-1.353027640547373,-1.1470259553181223,Armenia_2017
2017,Portugal,Australia,5.0,0.0,5.0,1,8.0,0.0,0.0,False,-0.7716964794892471,0.015421333645551465,0.0,0.0,-1.353241095669327,-1.2140760486956927,Australia_2017
2017,Portugal,Austria,10.0,0.0,10.0,1,7.0,0.0,0.0,False,-0.7715250334783876,0.059544165566814765,0.0,0.0,-1.353027640547373,-0.7732522967161559,Austria_2017
2017,Portugal,Azerbaijan,12.0,0.0,12.0,1,2.0,0.0,0.0,False,-0.7714869032822466,0.029249995989637487,0.0,0.0,-1.3529801673770927,-1.0759162218229212,Azerbaijan_2017
2017,Portugal,Belarus,0.0,0.0,0.0,1,4.0,0.0,0.0,False,0.4879094471880623,0.0,0.0,0.0,0.2150038307951812,-1.3681479851999356,Belarus_2017
2017,Portugal,Belgium,8.0,10.0,18.0,1,7.0,0.0,0.0,False,-0.7711342929363639,0.0,0.0,0.0,-1.3525411575453368,-1.3681479851999356,Belgium_2017
2017,Portugal,Bulgaria,0.0,8.0,8.0,1,3.0,0.0,0.0,False,-0.7710253780874745,0.0347825637277007,0.0,0.0,-1.3524055554847476,-1.0206412731812264,Bulgaria_2017
2017,Portugal,Croatia,0.0,0.0,0.0,1,6.0,0.0,0.0,False,-0.7711342929363639,0.11712636805811628,0.0,0.0,-1.3525411575453368,-0.19795824952630847,Croatia_2017
2017,Portugal,Cyprus,1.0,0.0,1.0,1,3.0,0.0,0.0,False,-0.7716964794892471,0.06417194171088085,0.0,0.0,-1.353241095669327,-0.7270169678780384,Cyprus_2017
2017,Portugal,Denmark,0.0,0.0,0.0,1,8.0,0.0,0.0,False,-0.7713203744837323,0.041550431641659225,0.0,0.0,-1.3527728343232786,-0.9530246493875173,Denmark_2017
2017,Portugal,France,4.0,6.0,10.0,1,7.0,0.0,0.0,False,0.5709833253236333,0.33857891391771316,0.0,0.0,0.31843315352908075,2.0145366856458597,France_2017
2017,Portugal,Greece,0.0,0.0,0.0,1,3.0,0.0,0.0,False,-0.7713203744837323,0.06472321753287638,0.0,0.0,-1.3527728343232786,-0.7215092643684057,Greece_2017
2017,Portugal,Hungary,0.0,2.0,2.0,1,5.0,0.0,0.0,False,0.40699011524742584,0.23938944874106405,0.0,0.0,0.11425697887812876,1.023551513296973,Hungary_2017
2017,Portugal,Israel,0.0,0.0,0.0,1,2.0,0.0,0.0,False,-0.771201531064038,0.017751375988974947,0.0,0.0,-1.3526248709118402,-1.19079698968307,Israel_2017
2017,Portugal,Italy,0.0,4.0,4.0,1,1.0,1.0,0.0,False,0.3619898352350939,0.0,0.0,0.0,0.05823036029513997,-1.3681479851999356,Italy_2017
2017,Portugal,Moldova,6.0,12.0,18.0,1,2.0,0.0,0.0,False,-0.7715250334783876,0.03298802368965736,0.0,0.0,-1.353027640547373,-1.0385702192212136,Moldova_2017
2017,Portugal,Netherlands,3.0,0.0,3.0,1,7.0,0.0,0.0,False,-0.7714869032822466,0.014417643605851347,0.0,0.0,-1.3529801673770927,-1.2241037461452726,Netherlands_2017
2017,Portugal,Norway,2.0,0.0,2.0,1,8.0,0.0,0.0,False,-0.7712767760344121,0.013471917383978502,0.0,0.0,-1.3527185530234689,-1.2335523368933772,Norway_2017
2017,Portugal,Poland,0.0,0.0,0.0,1,9.0,0.0,0.0,False,-0.7716964794892471,0.007993443242434894,0.0,0.0,-1.353241095669327,-1.2882868455601768,Poland_2017
2017,Portugal,Romania,0.0,7.0,7.0,1,5.0,0.0,0.0,False,-0.7716964794892471,0.03327719841874378,0.0,0.0,-1.353241095669327,-1.035681123406126,Romania_2017
2017,Portugal,Spain,0.0,5.0,5.0,1,5.0,0.0,0.0,False,0.5834327290509482,0.38838640682773173,0.0,0.0,0.33393301250828644,2.512154924213805,Spain_2017
2017,Portugal,Sweden,7.0,1.0,8.0,1,8.0,0.0,0.0,False,-0.7711342929363639,0.02286400332639344,0.0,0.0,-1.3525411575453368,-1.1397175945668228,Sweden_2017
2017,Portugal,Ukraine,0.0,3.0,3.0,1,9.0,0.0,0.0,False,-0.7712451943361056,0.007743746282783513,0.0,0.0,-1.3526792329177997,-1.290781525657044,Ukraine_2017
2017,Portugal,United Kingdom,0.0,0.0,0.0,1,8.0,0.0,0.0,False,-0.7716964794892471,0.02146682392617888,0.0,0.0,-1.353241095669327,-1.1536765776731244,United Kingdom_2017
2017,Romania,Armenia,0.0,0.0,0.0,5,3.0,0.0,0.0,True,0.9999575096482091,0.22019232815415127,1.0,0.0,0.8525181192340817,0.8317563279963601,Armenia_2017
2017,Romania,Australia,4.0,0.0,4.0,5,8.0,0.0,0.0,False,1.0000000000000007,0.24890758553588171,1.0,0.0,0.8525710209211965,1.1186456083730416,Australia_2017
2017,Romania,Austria,1.0,0.0,1.0,5,7.0,0.0,0.0,True,0.9999575096482091,0.31670349149292826,1.0,0.0,0.8525181192340817,1.7959830396188057,Austria_2017
2017,Romania,Azerbaijan,0.0,0.0,0.0,5,2.0,0.0,0.0,True,0.9999411110775883,0.31130957043108354,1.0,0.0,0.8524977025508694,1.7420932864722503,Azerbaijan_2017
2017,Romania,Belarus,0.0,0.0,0.0,5,4.0,0.0,0.0,True,-0.7327535548211136,0.0,0.0,0.0,-1.3047560554364737,-1.3681479851999356,Belarus_2017
2017,Romania,Belgium,0.0,5.0,5.0,5,7.0,0.0,0.0,True,0.9999378874542112,0.16364217241982415,1.0,0.0,0.85249368904879,0.2667732854228894,Belgium_2017
2017,Romania,Bulgaria,10.0,8.0,18.0,5,3.0,0.0,0.0,False,0.9999466744704166,0.18182744831442096,1.0,0.0,0.8525046291319471,0.44845930151869556,Bulgaria_2017
2017,Romania,Croatia,3.0,3.0,6.0,5,6.0,0.0,0.0,True,0.9999378874542112,0.20241994717781486,1.0,0.0,0.85249368904879,0.6541954752029829,Croatia_2017
2017,Romania,Cyprus,0.0,0.0,0.0,5,3.0,0.0,1.0,True,1.0000000000000007,0.15586816854388058,1.0,0.0,0.8525710209211965,0.18910452738368907,Cyprus_2017
2017,Romania,Denmark,5.0,0.0,5.0,5,8.0,0.0,0.0,True,0.9999493767142684,0.29802153063924053,1.0,0.0,0.8525079935018035,1.6093347280926207,Denmark_2017
2017,Romania,France,0.0,4.0,4.0,5,7.0,0.0,0.0,True,-0.8078149955363852,0.10878718026541444,1.0,0.0,-1.398209667460481,-0.281273664497876,France_2017
2017,Romania,Greece,0.0,1.0,1.0,5,3.0,0.0,0.0,True,0.9999493767142684,0.28284692213429985,1.0,0.0,0.8525079935018035,1.4577277807437838,Greece_2017
2017,Romania,Hungary,0.0,10.0,10.0,5,5.0,1.0,0.0,True,-0.6208312602685719,0.035665311018062015,0.0,0.0,-1.1654096401228407,-1.0118218942872956,Hungary_2017
2017,Romania,Israel,2.0,0.0,2.0,5,2.0,0.0,0.0,True,0.9999442188787674,0.25496923804373756,1.0,0.0,0.8525015718510436,1.1792065534746061,Israel_2017
2017,Romania,Italy,0.0,6.0,6.0,5,1.0,0.0,0.0,True,-0.5765743394188976,0.048673005475460336,0.0,0.0,-1.110308524675943,-0.881864218734054,Italy_2017
2017,Romania,Moldova,8.0,12.0,20.0,5,2.0,0.0,0.0,True,0.9999575096482091,0.24994062595451574,1.0,0.0,0.8525181192340817,1.1289665404950189,Moldova_2017
2017,Romania,Netherlands,12.0,0.0,12.0,5,7.0,0.0,0.0,False,0.9999411110775883,0.27428211034546285,1.0,0.0,0.8524977025508694,1.3721581945827876,Netherlands_2017
2017,Romania,Norway,0.0,0.0,0.0,5,8.0,0.0,0.0,True,0.9999494172133299,0.27165479661859826,1.0,0.0,0.8525080439242779,1.345909147450669,Norway_2017
2017,Romania,Poland,0.0,0.0,0.0,5,9.0,0.0,0.0,True,1.0000000000000007,0.2028738327875898,1.0,0.0,0.8525710209211965,0.6587301695722735,Poland_2017
2017,Romania,Portugal,6.0,7.0,13.0,5,1.0,0.0,0.0,False,-0.7716964794892471,0.03327719841874378,0.0,0.0,-1.353241095669327,-1.035681123406126,Portugal_2017
2017,Romania,Spain,0.0,0.0,0.0,5,5.0,1.0,0.0,True,-0.8335228725985869,0.1205539730905637,1.0,0.0,-1.4302166999133374,-0.1637136272997995,Spain_2017
2017,Romania,Sweden,7.0,2.0,9.0,5,8.0,0.0,0.0,True,0.9999378874542112,0.34685896233104074,1.0,0.0,0.85249368904879,2.0972612490793385,Sweden_2017
2017,Romania,Ukraine,0.0,0.0,0.0,5,9.0,0.0,0.0,True,0.9999088188492319,0.18104092921502696,1.0,0.0,0.852457497815236,0.4406013222072782,Ukraine_2017
2017,Romania,United Kingdom,0.0,0.0,0.0,5,8.0,0.0,0.0,True,1.0000000000000007,0.3133980861856439,1.0,0.0,0.8525710209211965,1.7629592941808352,United Kingdom_2017
2017,Spain,Armenia,0.0,0.0,0.0,5,3.0,0.0,0.0,True,-0.8332017609696609,0.11141097660427296,1.0,0.0,-1.429816906873128,-0.25505975899448985,Armenia_2017
2017,Spain,Australia,8.0,0.0,8.0,5,8.0,0.0,0.0,False,-0.8335228725985869,0.08910830837469674,1.0,0.0,-1.4302166999133374,-0.4778819456043812,Australia_2017
2017,Spain,Austria,3.0,0.0,3.0,5,7.0,0.0,0.0,True,-0.8332017609696609,0.08971875643399725,1.0,0.0,-1.429816906873128,-0.4717830622786308,Austria_2017
2017,Spain,Azerbaijan,0.0,0.0,0.0,5,2.0,0.0,0.0,True,-0.8333173942415522,0.06740244177978372,1.0,0.0,-1.429960873559957,-0.6947415880092853,Azerbaijan_2017
2017,Spain,Belarus,0.0,0.0,0.0,5,4.0,0.0,0.0,True,0.5399622959001675,0.0,0.0,0.0,0.2798110964422381,-1.3681479851999356,Belarus_2017
2017,Spain,Belgium,4.0,4.0,8.0,5,7.0,0.0,0.0,True,-0.8327317850246951,0.06985846233715126,1.0,0.0,-1.4292317735583004,-0.6702039019657048,Belgium_2017
2017,Spain,Bulgaria,6.0,10.0,16.0,5,3.0,0.0,0.0,False,-0.8327709552896209,0.10891045549100917,1.0,0.0,-1.42928054164357,-0.280042042566406,Bulgaria_2017
2017,Spain,Croatia,0.0,0.0,0.0,5,6.0,0.0,0.0,True,-0.8327317850246951,0.2592709578929835,1.0,0.0,-1.4292317735583004,1.2221843090115436,Croatia_2017
2017,Spain,Cyprus,0.0,0.0,0.0,5,3.0,0.0,0.0,True,-0.8335228725985869,0.09347376089154924,1.0,0.0,-1.4302166999133374,-0.434267447763411,Cyprus_2017
2017,Spain,Denmark,0.0,0.0,0.0,5,8.0,0.0,0.0,True,-0.8328676703072015,0.14958456700433065,1.0,0.0,-1.429400954569884,0.12632612704094232,Denmark_2017
2017,Spain,France,0.0,3.0,3.0,5,7.0,0.0,0.0,True,0.7167330338469731,0.33823018603911453,1.0,0.0,0.4998956538908822,2.011052604385209,France_2017
2017,Spain,Greece,2.0,0.0,2.0,5,3.0,0.0,0.0,True,-0.8328676703072015,0.12727907907269206,1.0,0.0,-1.429400954569884,-0.09652423073540574,Greece_2017
2017,Spain,Hungary,0.0,0.0,0.0,5,5.0,1.0,0.0,True,0.4036125308899267,0.04832778013391149,0.0,0.0,0.11005179103312834,-0.8853133067393649,Hungary_2017
2017,Spain,Israel,0.0,0.0,0.0,5,2.0,0.0,1.0,True,-0.8334262028568552,0.050599685477648926,1.0,0.0,-1.4300963433567329,-0.8626150846588809,Israel_2017
2017,Spain,Italy,10.0,8.0,18.0,5,1.0,0.0,0.0,True,0.3403199482621975,0.20687892521937373,0.0,0.0,0.03125073946090886,0.6987443707449096,Italy_2017
2017,Spain,Moldova,7.0,6.0,13.0,5,2.0,0.0,0.0,True,-0.8332017609696609,0.07418521486619345,1.0,0.0,-1.429816906873128,-0.6269760491582752,Moldova_2017
2017,Spain,Netherlands,1.0,2.0,3.0,5,7.0,0.0,0.0,False,-0.8333173942415522,0.05458942090662242,1.0,0.0,-1.429960873559957,-0.8227543127042547,Netherlands_2017
2017,Spain,Norway,0.0,0.0,0.0,5,8.0,0.0,0.0,True,-0.8329301984580713,0.09877897183862684,1.0,0.0,-1.4294788038823443,-0.3812639823714575,Norway_2017
2017,Spain,Poland,0.0,0.0,0.0,5,9.0,0.0,0.0,True,-0.8335228725985869,0.06104167440113724,1.0,0.0,-1.4302166999133374,-0.7582909392006968,Poland_2017
2017,Spain,Portugal,12.0,12.0,24.0,5,1.0,0.0,0.0,False,0.5834327290509482,0.38838640682773173,0.0,0.0,0.33393301250828644,2.512154924213805,Portugal_2017
2017,Spain,Romania,0.0,7.0,7.0,5,5.0,1.0,0.0,True,-0.8335228725985869,0.1205539730905637,1.0,0.0,-1.4302166999133374,-0.1637136272997995,Romania_2017
2017,Spain,Sweden,5.0,5.0,10.0,5,8.0,0.0,0.0,True,-0.8327317850246951,0.13363515437412635,1.0,0.0,-1.4292317735583004,-0.03302175729392989,Sweden_2017
2017,Spain,Ukraine,0.0,0.0,0.0,5,9.0,0.0,0.0,True,-0.8327199657935949,0.08801896902289745,1.0,0.0,-1.4292170582820263,-0.48876535084672923,Ukraine_2017
2017,Spain,United Kingdom,0.0,1.0,1.0,5,8.0,0.0,0.0,True,-0.8335228725985869,0.12402064146984311,1.0,0.0,-1.4302166999133374,-0.12907872978121307,United Kingdom_2017
2017,Sweden,Armenia,0.0,0.0,0.0,8,3.0,0.0,0.0,True,0.9999793086852943,0.18147453439398567,1.0,0.0,0.8525452596504505,0.44493339822196903,Armenia_2017
2017,Sweden,Australia,10.0,0.0,10.0,8,8.0,1.0,0.0,False,0.9999378874542112,0.28368412482404615,1.0,0.0,0.85249368904879,1.4660921312351554,Australia_2017
2017,Sweden,Austria,4.0,0.0,4.0,8,7.0,0.0,0.0,True,0.9999793086852943,0.3244316985697097,1.0,0.0,0.8525452596504505,1.8731942495824128,Austria_2017
2017,Sweden,Azerbaijan,0.0,0.0,0.0,8,2.0,0.0,0.0,True,0.9999631063413638,0.22970738829948928,1.0,0.0,0.8525250872750054,0.926819684787779,Azerbaijan_2017
2017,Sweden,Belarus,0.0,0.0,0.0,8,4.0,0.0,0.0,True,-0.7332338784009473,0.0,0.0,0.0,-1.3053540718487355,-1.3681479851999356,Belarus_2017
2017,Sweden,Belgium,1.0,12.0,13.0,8,7.0,0.0,0.0,True,0.9999999999999996,0.1233442893498395,1.0,0.0,0.8525710209211951,-0.13583604943221267,Belgium_2017
2017,Sweden,Bulgaria,7.0,7.0,14.0,8,3.0,0.0,0.0,False,0.9999987979027954,0.22553682189782664,1.0,0.0,0.8525695242762511,0.8851522611658892,Bulgaria_2017
2017,Sweden,Croatia,0.0,2.0,2.0,8,6.0,0.0,0.0,True,0.9999999999999996,0.12855586786072049,1.0,0.0,0.8525710209211951,-0.08376804987583458,Croatia_2017
2017,Sweden,Cyprus,2.0,0.0,2.0,8,3.0,0.0,0.0,True,0.9999378874542112,0.16523212047155808,1.0,0.0,0.85249368904879,0.2826581875268303,Cyprus_2017
2017,Sweden,Denmark,5.0,0.0,5.0,8,8.0,1.0,1.0,True,0.9999551133575285,0.2073009595786535,1.0,0.0,0.8525151357845578,0.7029608446569644,Denmark_2017
2017,Sweden,France,0.0,0.0,0.0,8,7.0,0.0,0.0,True,-0.8077077758451328,0.1643430176215013,1.0,0.0,-1.3980761759189893,0.27377531131079014,France_2017
2017,Sweden,Greece,0.0,0.0,0.0,8,3.0,0.0,0.0,True,0.9999551133575285,0.18730716452461754,1.0,0.0,0.8525151357845578,0.503206219483357,Greece_2017
2017,Sweden,Hungary,0.0,4.0,4.0,8,5.0,0.0,1.0,True,-0.6218977361478456,0.0,0.0,0.0,-1.1667374326899016,-1.3681479851999356,Hungary_2017
2017,Sweden,Israel,0.0,0.0,0.0,8,2.0,0.0,0.0,True,0.9999663709769238,0.16669649684752538,1.0,0.0,0.85252915183841,0.29728852425399344,Israel_2017
2017,Sweden,Italy,6.0,1.0,7.0,8,1.0,0.0,0.0,True,-0.5765241105146819,0.023911453794871654,0.0,0.0,-1.110245988272668,-1.1292526940737795,Italy_2017
2017,Sweden,Moldova,8.0,8.0,16.0,8,2.0,0.0,0.0,True,0.9999793086852943,0.24166117500729123,1.0,0.0,0.8525452596504505,1.0462479462443364,Moldova_2017
2017,Sweden,Netherlands,3.0,0.0,3.0,8,7.0,0.0,0.0,False,0.9999631063413638,0.21813850420711117,1.0,0.0,0.8525250872750054,0.8112369202698736,Netherlands_2017
2017,Sweden,Norway,0.0,6.0,6.0,8,8.0,1.0,1.0,True,0.9999553372427775,0.22702002332992932,1.0,0.0,0.8525154145280113,0.8999706758453385,Norway_2017
2017,Sweden,Poland,0.0,5.0,5.0,8,9.0,0.0,0.0,True,0.9999378874542112,0.17324157430403353,1.0,0.0,0.85249368904879,0.3626792862640851,Poland_2017
2017,Sweden,Portugal,12.0,10.0,22.0,8,1.0,0.0,0.0,False,-0.7711342929363639,0.02286400332639344,0.0,0.0,-1.3525411575453368,-1.1397175945668228,Portugal_2017
2017,Sweden,Romania,0.0,3.0,3.0,8,5.0,0.0,0.0,True,0.9999378874542112,0.34685896233104074,1.0,0.0,0.85249368904879,2.0972612490793385,Romania_2017
2017,Sweden,Spain,0.0,0.0,0.0,8,5.0,0.0,0.0,True,-0.8327317850246951,0.13363515437412635,1.0,0.0,-1.4292317735583004,-0.03302175729392989,Spain_2017
2017,Sweden,Ukraine,0.0,0.0,0.0,8,9.0,0.0,0.0,True,0.999970374081475,0.21746791871832558,1.0,0.0,0.8525341358165492,0.8045372140561606,Ukraine_2017
2017,Sweden,United Kingdom,0.0,0.0,0.0,8,8.0,1.0,1.0,True,0.9999378874542112,0.26890439459085164,1.0,0.0,0.85249368904879,1.3184303459202735,United Kingdom_2017
2017,Ukraine,Armenia,0.0,0.0,0.0,9,3.0,0.0,1.0,True,0.9999501210788823,0.16805064278477258,1.0,0.0,0.8525089202567545,0.3108175673093075,Armenia_2017
2017,Ukraine,Australia,2.0,0.0,2.0,9,8.0,0.0,0.0,False,0.9999088188492319,0.13422647778680785,1.0,0.0,0.852457497815236,-0.0271139450783231,Australia_2017
2017,Ukraine,Austria,0.0,0.0,0.0,9,7.0,0.0,0.0,True,0.9999501210788823,0.19956865598633133,1.0,0.0,0.8525089202567545,0.6257087070993642,Austria_2017
2017,Ukraine,Azerbaijan,6.0,0.0,6.0,9,2.0,0.0,1.0,True,0.9999689734822962,0.08847261281065673,1.0,0.0,0.8525323920310447,-0.48423307248030184,Azerbaijan_2017
2017,Ukraine,Belarus,12.0,8.0,20.0,9,4.0,0.0,1.0,True,-0.7333442902956262,0.0,0.0,0.0,-1.305491537773581,-1.3681479851999356,Belarus_2017
2017,Ukraine,Belgium,1.0,5.0,6.0,9,7.0,0.0,0.0,True,0.999970374081475,0.19189967895648707,1.0,0.0,0.8525341358165492,0.5490892545181338,Belgium_2017
2017,Ukraine,Bulgaria,0.0,2.0,2.0,9,3.0,0.0,0.0,False,0.9999692393711387,0.15567986854776789,1.0,0.0,0.8525327230701574,0.18722325396651007,Bulgaria_2017
2017,Ukraine,Croatia,7.0,0.0,7.0,9,6.0,0.0,0.0,True,0.999970374081475,0.19718036429094665,1.0,0.0,0.8525341358165492,0.6018476886620213,Croatia_2017
2017,Ukraine,Cyprus,0.0,0.0,0.0,9,3.0,0.0,0.0,True,0.9999088188492319,0.11233684624355643,1.0,0.0,0.852457497815236,-0.24580955200502896,Cyprus_2017
2017,Ukraine,Denmark,0.0,0.0,0.0,9,8.0,0.0,0.0,True,0.9999256576385165,0.09229864633664378,1.0,0.0,0.8524784625831086,-0.4460078185542882,Denmark_2017
2017,Ukraine,France,5.0,6.0,11.0,9,7.0,0.0,0.0,True,-0.8083173919349064,0.10135398071556725,1.0,0.0,-1.398835165154933,-0.35553750414949964,France_2017
2017,Ukraine,Greece,0.0,0.0,0.0,9,3.0,0.0,0.0,True,0.9999256576385165,0.21510589890089574,1.0,0.0,0.8524784625831086,0.7809386735085477,Greece_2017
2017,Ukraine,Hungary,8.0,4.0,12.0,9,5.0,0.0,0.0,True,-0.6213390274111799,0.0,0.0,0.0,-1.1660418245452504,-1.3681479851999356,Hungary_2017
2017,Ukraine,Israel,0.0,0.0,0.0,9,2.0,0.0,0.0,True,0.9999689422737682,0.1078940408180143,1.0,0.0,0.8525323531755467,-0.2901968696753324,Israel_2017
2017,Ukraine,Italy,0.0,0.0,0.0,9,1.0,0.0,0.0,True,-0.5759541706075206,0.020712918968097536,0.0,0.0,-1.1095363970037915,-1.161208714614163,Italy_2017
2017,Ukraine,Moldova,4.0,12.0,16.0,9,2.0,0.0,1.0,True,0.9999501210788823,0.08172601445772265,1.0,0.0,0.8525089202567545,-0.5516371956867756,Moldova_2017
2017,Ukraine,Netherlands,3.0,0.0,3.0,9,7.0,0.0,0.0,False,0.9999689734822962,0.22052074581251058,1.0,0.0,0.8525323920310447,0.8350374932813226,Netherlands_2017
2017,Ukraine,Norway,0.0,1.0,1.0,9,8.0,0.0,0.0,True,0.9999258527869062,0.0877821287582392,1.0,0.0,0.852478705548361,-0.4911315818781551,Norway_2017
2017,Ukraine,Poland,0.0,0.0,0.0,9,9.0,1.0,0.0,True,0.9999088188492319,0.15693901565669705,1.0,0.0,0.852457497815236,0.1998031797936383,Poland_2017
2017,Ukraine,Portugal,10.0,10.0,20.0,9,1.0,0.0,0.0,False,-0.7712451943361056,0.007743746282783513,0.0,0.0,-1.3526792329177997,-1.290781525657044,Portugal_2017
2017,Ukraine,Romania,0.0,3.0,3.0,9,5.0,0.0,0.0,True,0.9999088188492319,0.18104092921502696,1.0,0.0,0.852457497815236,0.4406013222072782,Romania_2017
2017,Ukraine,Spain,0.0,0.0,0.0,9,5.0,0.0,0.0,True,-0.8327199657935949,0.08801896902289745,1.0,0.0,-1.4292170582820263,-0.48876535084672923,Spain_2017
2017,Ukraine,Sweden,0.0,7.0,7.0,9,8.0,0.0,0.0,True,0.999970374081475,0.21746791871832558,1.0,0.0,0.8525341358165492,0.8045372140561606,Sweden_2017
2017,Ukraine,United Kingdom,0.0,0.0,0.0,9,8.0,0.0,0.0,True,0.9999088188492319,0.1895222743234373,1.0,0.0,0.852457497815236,0.5253370068794349,United Kingdom_2017
2017,United Kingdom,Armenia,0.0,0.0,0.0,8,3.0,0.0,0.0,True,0.9999575096482091,0.13937417234403343,1.0,0.0,0.8525181192340817,0.024315800700692818,Armenia_2017
2017,United Kingdom,Australia,10.0,0.0,10.0,8,8.0,1.0,0.0,False,1.0000000000000007,0.18915727055245796,1.0,0.0,0.8525710209211965,0.5216903159304741,Australia_2017
2017,United Kingdom,Austria,3.0,0.0,3.0,8,7.0,0.0,0.0,True,0.9999575096482091,0.31110688154051974,1.0,0.0,0.8525181192340817,1.7400682560439598,Austria_2017
2017,United Kingdom,Azerbaijan,0.0,0.0,0.0,8,2.0,0.0,0.0,True,0.9999411110775883,0.24542736791624667,1.0,0.0,0.8524977025508694,1.083875342685415,Azerbaijan_2017
2017,United Kingdom,Belarus,1.0,0.0,1.0,8,4.0,0.0,0.0,True,-0.7327535548211136,0.0,0.0,0.0,-1.3047560554364737,-1.3681479851999356,Belarus_2017
2017,United Kingdom,Belgium,5.0,3.0,8.0,8,7.0,0.0,0.0,True,0.9999378874542112,0.28781905333336716,1.0,0.0,0.85249368904879,1.507403502701492,Belgium_2017
2017,United Kingdom,Bulgaria,7.0,12.0,19.0,8,3.0,0.0,0.0,False,0.9999466744704166,0.21362582364040258,1.0,0.0,0.8525046291319471,0.7661514918809728,Bulgaria_2017
2017,United Kingdom,Croatia,0.0,5.0,5.0,8,6.0,0.0,0.0,True,0.9999378874542112,0.19271562817280155,1.0,0.0,0.85249368904879,0.5572412651506874,Croatia_2017
2017,United Kingdom,Cyprus,0.0,0.0,0.0,8,3.0,0.0,0.0,True,1.0000000000000007,0.253872192029586,1.0,0.0,0.8525710209211965,1.1682461522719936,Cyprus_2017
2017,United Kingdom,Denmark,2.0,0.0,2.0,8,8.0,1.0,1.0,True,0.9999493767142684,0.29261203977142886,1.0,0.0,0.8525079935018035,1.5552894196477065,Denmark_2017
2017,United Kingdom,France,0.0,0.0,0.0,8,7.0,0.0,0.0,True,-0.8078149955363852,0.10107132315900998,1.0,0.0,-1.398209667460481,-0.35836148799598755,France_2017
2017,United Kingdom,Greece,0.0,0.0,0.0,8,3.0,0.0,0.0,True,0.9999493767142684,0.26166571963656776,1.0,0.0,0.8525079935018035,1.246109968606279,Greece_2017
2017,United Kingdom,Hungary,0.0,1.0,1.0,8,5.0,0.0,1.0,True,-0.6208312602685719,0.007111680368583712,0.0,0.0,-1.1654096401228407,-1.2970963893152325,Hungary_2017
2017,United Kingdom,Israel,0.0,0.0,0.0,8,2.0,0.0,0.0,True,0.9999442188787674,0.14347081393530225,1.0,0.0,0.8525015718510436,0.0652446540435867,Israel_2017
2017,United Kingdom,Italy,0.0,2.0,2.0,8,1.0,0.0,0.0,True,-0.5765743394188976,0.025545575561404684,0.0,0.0,-1.110308524675943,-1.1129264598556314,Italy_2017
2017,United Kingdom,Moldova,6.0,6.0,12.0,8,2.0,0.0,0.0,True,0.9999575096482091,0.19073310243838318,1.0,0.0,0.8525181192340817,0.5374341858090477,Moldova_2017
2017,United Kingdom,Netherlands,4.0,0.0,4.0,8,7.0,0.0,0.0,False,0.9999411110775883,0.31715484703739105,1.0,0.0,0.8524977025508694,1.8004924565334297,Netherlands_2017
2017,United Kingdom,Norway,0.0,0.0,0.0,8,8.0,1.0,1.0,True,0.9999494172133299,0.1971802781780318,1.0,0.0,0.8525080439242779,0.6018468283224518,Norway_2017
2017,United Kingdom,Poland,0.0,10.0,10.0,8,9.0,0.0,0.0,True,1.0000000000000007,0.24946585189310816,1.0,0.0,0.8525710209211965,1.1242231531379758,Poland_2017
2017,United Kingdom,Portugal,12.0,8.0,20.0,8,1.0,0.0,0.0,False,-0.7716964794892471,0.02146682392617888,0.0,0.0,-1.353241095669327,-1.1536765776731244,Portugal_2017
2017,United Kingdom,Romania,0.0,7.0,7.0,8,5.0,0.0,0.0,True,1.0000000000000007,0.3133980861856439,1.0,0.0,0.8525710209211965,1.7629592941808352,Romania_2017
2017,United Kingdom,Spain,0.0,0.0,0.0,8,5.0,0.0,0.0,True,-0.8335228725985869,0.12402064146984311,1.0,0.0,-1.4302166999133374,-0.12907872978121307,Spain_2017
2017,United Kingdom,Sweden,8.0,4.0,12.0,8,8.0,1.0,1.0,True,0.9999378874542112,0.26890439459085164,1.0,0.0,0.85249368904879,1.3184303459202735,Sweden_2017
2017,United Kingdom,Ukraine,0.0,0.0,0.0,8,9.0,0.0,0.0,True,0.9999088188492319,0.1895222743234373,1.0,0.0,0.852457497815236,0.5253370068794349,Ukraine_2017
2018,Albania,Australia,0.0,0.0,0.0,3,8.0,0.0,0.0,False,-0.6102788632425996,0.03500924233301914,0.0,0.0,-1.1522716080228539,-1.0183765655697956,Australia_2018
2018,Albania,Austria,0.0,2.0,2.0,3,7.0,0.0,0.0,True,-0.6100866371523503,0.014612247010964407,0.0,0.0,-1.152032281115618,-1.2221594964347595,Austria_2018
2018,Albania,Bulgaria,8.0,6.0,14.0,3,3.0,1.0,0.0,False,-0.6098279040504959,0.0,0.0,0.0,-1.1517101511020176,-1.3681479851999356,Bulgaria_2018
2018,Albania,Cyprus,10.0,10.0,20.0,3,3.0,1.0,1.0,True,-0.6101139938397765,0.019695559070299722,0.0,0.0,-1.1520663409635057,-1.171372985304246,Cyprus_2018
2018,Albania,Czech Republic,1.0,0.0,1.0,3,2.0,0.0,0.0,False,-0.6098904299743667,0.02305105581235667,0.0,0.0,-1.1517879976418015,-1.1378487848125767,Czech Republic_2018
2018,Albania,Denmark,0.0,0.0,0.0,3,8.0,0.0,0.0,True,-0.6102788632425996,0.0,0.0,0.0,-1.1522716080228539,-1.3681479851999356,Denmark_2018
2018,Albania,Estonia,0.0,4.0,4.0,3,8.0,0.0,0.0,True,0.5525540622682886,0.009934694718327093,0.0,0.0,0.29548820092691014,-1.2688921303554572,Estonia_2018
2018,Albania,Finland,0.0,0.0,0.0,3,8.0,0.0,0.0,True,-0.610415536022305,0.014087915650899896,0.0,0.0,-1.1524417694906743,-1.2273980023818991,Finland_2018
2018,Albania,France,7.0,5.0,12.0,3,7.0,0.0,0.0,True,0.16503959139766297,0.03764420550605733,0.0,0.0,-0.1869782514797754,-0.9920510941145777,France_2018
2018,Albania,Germany,6.0,8.0,14.0,3,7.0,0.0,0.0,True,-0.6102503836876055,0.015963342699913216,0.0,0.0,-1.1522361501731555,-1.208660927894358,Germany_2018
2018,Albania,Hungary,0.0,0.0,0.0,3,5.0,0.0,0.0,True,0.17766049083359595,0.0,0.0,0.0,-0.17126487550350372,-1.3681479851999356,Hungary_2018
2018,Albania,Ireland,0.0,7.0,7.0,3,9.0,0.0,0.0,True,-0.6098872295631662,0.02629796565273857,0.0,0.0,-1.1517840130395371,-1.105409457692083,Ireland_2018
2018,Albania,Israel,5.0,1.0,6.0,3,2.0,0.0,0.0,True,-0.6101139938397765,0.06936440878523652,0.0,0.0,-1.1520663409635057,-0.6751399074519918,Israel_2018
2018,Albania,Italy,12.0,12.0,24.0,3,1.0,0.0,0.0,True,0.3921769695690489,0.04690553160209733,0.0,0.0,0.09581419446191537,-0.8995227512999612,Italy_2018
2018,Albania,Lithuania,0.0,0.0,0.0,3,9.0,0.0,0.0,True,-0.6098872295631662,0.03644357315408153,0.0,0.0,-1.1517840130395371,-1.0040464089005927,Lithuania_2018
2018,Albania,Moldova,2.0,0.0,2.0,3,2.0,0.0,0.0,True,-0.6098872295631662,0.07104538216979525,0.0,0.0,-1.1517840130395371,-0.6583455866413681,Moldova_2018
2018,Albania,Netherlands,0.0,0.0,0.0,3,7.0,0.0,0.0,False,-0.6101139938397765,0.01419005110017994,0.0,0.0,-1.1520663409635057,-1.2263775843805773,Netherlands_2018
2018,Albania,Norway,0.0,0.0,0.0,3,8.0,0.0,0.0,True,-0.6102788632425996,0.02071340966938007,0.0,0.0,-1.1522716080228539,-1.1612038121006334,Norway_2018
2018,Albania,Portugal,0.0,0.0,0.0,3,1.0,0.0,0.0,False,0.36390262732365714,0.19289635317944911,0.0,0.0,0.060611840426932954,0.5590468581291497,Portugal_2018
2018,Albania,Serbia,3.0,0.0,3.0,3,6.0,0.0,0.0,True,0.347506944374543,0.08956780694814685,0.0,0.0,0.040198752447349315,-0.47329117306423724,Serbia_2018
2018,Albania,Slovenia,0.0,0.0,0.0,3,6.0,0.0,0.0,True,0.3359961467718027,0.42160344256864773,0.0,0.0,0.025867484581949776,2.8440207108677305,Slovenia_2018
2018,Albania,Spain,0.0,0.0,0.0,3,5.0,0.0,0.0,True,0.2870934847776769,0.17894335256460767,0.0,0.0,-0.03501770969877195,0.41964478862048243,Spain_2018
2018,Albania,Sweden,4.0,0.0,4.0,3,8.0,0.0,0.0,True,-0.6102270181016087,0.02350140770091664,0.0,0.0,-1.1522070593591813,-1.1333493952543467,Sweden_2018
2018,Albania,Ukraine,0.0,0.0,0.0,3,9.0,0.0,0.0,True,-0.6104840199294176,0.0070127959934142515,0.0,0.0,-1.1525270338877363,-1.2980843263849142,Ukraine_2018
2018,Albania,United Kingdom,0.0,3.0,3.0,3,8.0,0.0,0.0,True,-0.6102844384318746,0.02971785875371803,0.0,0.0,-1.1522785492908405,-1.0712418840686821,United Kingdom_2018
2018,Australia,Albania,0.0,0.0,0.0,8,3.0,0.0,0.0,False,-0.6102788632425996,0.03500924233301914,0.0,0.0,-1.1522716080228539,-1.0183765655697956,Albania_2018
2018,Australia,Austria,5.0,0.0,5.0,8,7.0,0.0,0.0,False,0.9999837385700803,0.21616582041205357,1.0,0.0,0.8525507749820265,0.7915281700799871,Austria_2018
2018,Australia,Bulgaria,0.0,0.0,0.0,8,3.0,0.0,0.0,False,0.999990086755792,0.26675273298158664,1.0,0.0,0.8525586786523919,1.2969334586561216,Bulgaria_2018
2018,Australia,Cyprus,0.0,7.0,7.0,8,3.0,0.0,0.0,False,0.9999911798603621,0.24323241047249508,1.0,0.0,0.8525600395984303,1.0619458940607973,Cyprus_2018
2018,Australia,Czech Republic,1.0,3.0,4.0,8,2.0,0.0,0.0,False,0.9999913989306233,0.27705859068972744,1.0,0.0,0.8525603123470881,1.399897540163331,Czech Republic_2018
2018,Australia,Denmark,0.0,10.0,10.0,8,8.0,1.0,0.0,False,1.0000000000000004,0.14947525456664074,1.0,0.0,0.8525710209211962,0.12523400496213996,Denmark_2018
2018,Australia,Estonia,8.0,0.0,8.0,8,8.0,1.0,0.0,False,-0.6500856093484416,0.0,0.0,0.0,-1.201832130323842,-1.3681479851999356,Estonia_2018
2018,Australia,Finland,0.0,4.0,4.0,8,8.0,1.0,0.0,False,0.9999896008052058,0.16183785641723186,1.0,0.0,0.8525580736301979,0.24874666937433643,Finland_2018
2018,Australia,France,0.0,0.0,0.0,8,7.0,0.0,0.0,False,-0.6453935061224255,0.0,0.0,0.0,-1.1959903293900707,-1.3681479851999356,France_2018
2018,Australia,Germany,10.0,2.0,12.0,8,7.0,0.0,0.0,False,0.9999848406891555,0.20066413945550965,1.0,0.0,0.8525521471513783,0.6366534971793958,Germany_2018
2018,Australia,Hungary,0.0,0.0,0.0,8,5.0,0.0,0.0,False,-0.5094287003426304,0.0,0.0,0.0,-1.0267103090869263,-1.3681479851999356,Hungary_2018
2018,Australia,Ireland,4.0,8.0,12.0,8,9.0,0.0,0.0,False,0.9999880122502228,0.2443805303170438,1.0,0.0,0.8525560958344127,1.0734165652656578,Ireland_2018
2018,Australia,Israel,6.0,12.0,18.0,8,2.0,0.0,0.0,False,0.9999911798603621,0.12879901625628637,1.0,0.0,0.8525600395984303,-0.08133879537529778,Israel_2018
2018,Australia,Italy,0.0,0.0,0.0,8,1.0,0.0,0.0,False,-0.6580399147540436,0.002688846696026494,0.0,0.0,-1.2117354650348735,-1.3412841725789475,Italy_2018
2018,Australia,Lithuania,3.0,0.0,3.0,8,9.0,0.0,0.0,False,0.9999880122502228,0.2256914209744354,1.0,0.0,0.8525560958344127,0.8866968343955689,Lithuania_2018
2018,Australia,Moldova,2.0,5.0,7.0,8,2.0,0.0,0.0,False,0.9999880122502228,0.24467418291795368,1.0,0.0,0.8525560958344127,1.0763503987408671,Moldova_2018
2018,Australia,Netherlands,0.0,0.0,0.0,8,7.0,0.0,0.0,False,0.9999911798603621,0.1711203083084615,1.0,0.0,0.8525600395984303,0.3414860764360453,Netherlands_2018
2018,Australia,Norway,0.0,1.0,1.0,8,8.0,1.0,0.0,False,1.0000000000000004,0.17437003538020407,1.0,0.0,0.8525710209211962,0.37395355003863295,Norway_2018
2018,Australia,Portugal,0.0,0.0,0.0,8,1.0,0.0,0.0,False,-0.7661297263099861,0.02232423897836188,0.0,0.0,-1.346310330859983,-1.1451102888868214,Portugal_2018
2018,Australia,Serbia,0.0,0.0,0.0,8,6.0,0.0,0.0,False,-0.7740950084323623,0.0,0.0,0.0,-1.356227331893176,-1.3681479851999356,Serbia_2018
2018,Australia,Slovenia,0.0,0.0,0.0,8,6.0,0.0,0.0,False,-0.5997124719613666,0.046378250499189914,0.0,0.0,-1.139116152680131,-0.904790727629004,Slovenia_2018
2018,Australia,Spain,7.0,0.0,7.0,8,5.0,0.0,0.0,False,-0.4362871389434431,0.0,0.0,0.0,-0.9356470009929868,-1.3681479851999356,Spain_2018
2018,Australia,Sweden,12.0,0.0,12.0,8,8.0,1.0,0.0,False,0.9999828624938224,0.232123464672608,1.0,0.0,0.8525496842423612,0.9509582952416116,Sweden_2018
2018,Australia,Ukraine,0.0,0.0,0.0,8,9.0,0.0,0.0,False,0.9999777920297557,0.22407151395254948,1.0,0.0,0.852543371371503,0.8705126172872918,Ukraine_2018
2018,Australia,United Kingdom,0.0,6.0,6.0,8,8.0,1.0,0.0,False,0.9999999400940912,0.29120090347181055,1.0,0.0,0.8525709463366484,1.5411909955197554,United Kingdom_2018
2018,Austria,Albania,7.0,2.0,9.0,7,3.0,0.0,0.0,True,-0.6100866371523503,0.014612247010964407,0.0,0.0,-1.152032281115618,-1.2221594964347595,Albania_2018
2018,Austria,Australia,0.0,0.0,0.0,7,8.0,0.0,0.0,False,0.9999837385700803,0.21616582041205357,1.0,0.0,0.8525507749820265,0.7915281700799871,Australia_2018
2018,Austria,Bulgaria,6.0,0.0,6.0,7,3.0,0.0,0.0,False,0.9999848792383919,0.20497771864950923,1.0,0.0,0.8525521951462656,0.6797497374241973,Bulgaria_2018
2018,Austria,Cyprus,0.0,1.0,1.0,7,3.0,0.0,0.0,True,0.9999798370910267,0.18133591428944904,1.0,0.0,0.8525459175304998,0.4435484682000094,Cyprus_2018
2018,Austria,Czech Republic,3.0,12.0,15.0,7,2.0,0.0,0.0,False,0.9999923420619365,0.2005380204887008,1.0,0.0,0.8525614865721894,0.6353934639103693,Czech Republic_2018
2018,Austria,Denmark,0.0,5.0,5.0,7,8.0,0.0,0.0,True,0.9999837385700803,0.18635263504688887,1.0,0.0,0.8525507749820265,0.4936696768947421,Denmark_2018
2018,Austria,Estonia,2.0,0.0,2.0,7,8.0,0.0,0.0,True,-0.6499911877978646,0.0044510560619471125,0.0,0.0,-1.201714572828672,-1.3236782368166,Estonia_2018
2018,Austria,Finland,0.0,0.0,0.0,7,8.0,0.0,0.0,True,0.9999887623151804,0.3788326735585504,1.0,0.0,0.8525570296864529,2.4167051907821966,Finland_2018
2018,Austria,France,0.0,0.0,0.0,7,7.0,1.0,1.0,True,-0.645109173076625,0.008474543043422988,0.0,0.0,-1.1956363267237928,-1.2834802588087497,France_2018
2018,Austria,Germany,10.0,6.0,16.0,7,7.0,1.0,1.0,True,0.9999990776566727,0.20049837678236768,1.0,0.0,0.8525698725777234,0.6349973903446623,Germany_2018
2018,Austria,Hungary,0.0,3.0,3.0,7,5.0,0.0,0.0,True,-0.5092458929948042,0.0,0.0,0.0,-1.0264827087798165,-1.3681479851999356,Hungary_2018
2018,Austria,Ireland,4.0,4.0,8.0,7,9.0,0.0,0.0,True,0.9999827901312731,0.20783145846183612,1.0,0.0,0.8525495941489452,0.7082609692845684,Ireland_2018
2018,Austria,Israel,12.0,7.0,19.0,7,2.0,0.0,0.0,True,0.9999798370910267,0.19484969240870242,1.0,0.0,0.8525459175304998,0.5785623400335035,Israel_2018
2018,Austria,Italy,0.0,10.0,10.0,7,1.0,0.0,0.0,True,-0.6575930270485942,0.01076493299126937,0.0,0.0,-1.211179077229825,-1.2605973601746008,Italy_2018
2018,Austria,Lithuania,0.0,0.0,0.0,7,9.0,0.0,0.0,True,0.9999827901312731,0.25527109176308904,1.0,0.0,0.8525495941489452,1.1822223229372497,Lithuania_2018
2018,Austria,Moldova,0.0,0.0,0.0,7,2.0,0.0,0.0,True,0.9999827901312731,0.23310933496580452,1.0,0.0,0.8525495941489452,0.9608079586174254,Moldova_2018
2018,Austria,Netherlands,1.0,0.0,1.0,7,7.0,1.0,0.0,False,0.9999798370910267,0.22493486298128104,1.0,0.0,0.8525459175304998,0.8791381914297784,Netherlands_2018
2018,Austria,Norway,0.0,0.0,0.0,7,8.0,0.0,0.0,True,0.9999837385700803,0.16487986743993246,1.0,0.0,0.8525507749820265,0.27913888705843637,Norway_2018
2018,Austria,Portugal,0.0,0.0,0.0,7,1.0,0.0,0.0,False,-0.7667973644446876,0.017662932696006654,0.0,0.0,-1.3471415591793208,-1.1916806116662026,Portugal_2018
2018,Austria,Serbia,0.0,8.0,8.0,7,6.0,0.0,0.0,True,-0.7744150301316388,0.0,0.0,0.0,-1.3566257679402123,-1.3681479851999356,Serbia_2018
2018,Austria,Slovenia,5.0,0.0,5.0,7,6.0,0.0,0.0,True,-0.5990418797440492,0.02564712163614791,0.0,0.0,-1.1382812464445684,-1.1119119301956364,Slovenia_2018
2018,Austria,Spain,0.0,0.0,0.0,7,5.0,0.0,0.0,True,-0.43655617888078835,0.025843316194572516,0.0,0.0,-0.9359819633076457,-1.1099517835414725,Spain_2018
2018,Austria,Sweden,8.0,0.0,8.0,7,8.0,0.0,0.0,True,0.9999881037479039,0.19261750537770495,1.0,0.0,0.852556209751608,0.5562609368987204,Sweden_2018
2018,Austria,Ukraine,0.0,0.0,0.0,7,9.0,0.0,0.0,True,0.99999781608355,0.1829642765723329,1.0,0.0,0.8525683018835822,0.4598171603910224,Ukraine_2018
2018,Austria,United Kingdom,0.0,0.0,0.0,7,8.0,0.0,0.0,True,0.9999837121850709,0.22219853956163454,1.0,0.0,0.852550742131945,0.8518000468920353,United Kingdom_2018
2018,Bulgaria,Albania,7.0,0.0,7.0,3,3.0,1.0,0.0,False,-0.6098279040504959,0.0,0.0,0.0,-1.1517101511020176,-1.3681479851999356,Albania_2018
2018,Bulgaria,Australia,0.0,0.0,0.0,3,8.0,0.0,0.0,False,0.999990086755792,0.26675273298158664,1.0,0.0,0.8525586786523919,1.2969334586561216,Australia_2018
2018,Bulgaria,Austria,12.0,4.0,16.0,3,7.0,0.0,0.0,False,0.9999848792383919,0.20497771864950923,1.0,0.0,0.8525521951462656,0.6797497374241973,Austria_2018
2018,Bulgaria,Cyprus,3.0,12.0,15.0,3,3.0,1.0,0.0,False,0.999996683375422,0.19700754268421364,1.0,0.0,0.8525668916299964,0.6001210572155373,Cyprus_2018
2018,Bulgaria,Czech Republic,8.0,3.0,11.0,3,2.0,0.0,0.0,False,0.9999924074537717,0.21362022101302736,1.0,0.0,0.8525615679868696,0.7660955169783442,Czech Republic_2018
2018,Bulgaria,Denmark,0.0,0.0,0.0,3,8.0,0.0,0.0,False,0.999990086755792,0.14115761443668687,1.0,0.0,0.8525586786523919,0.042133869045096924,Denmark_2018
2018,Bulgaria,Estonia,0.0,2.0,2.0,3,8.0,0.0,0.0,False,-0.649393731774918,0.0,0.0,0.0,-1.2009707232191016,-1.3681479851999356,Estonia_2018
2018,Bulgaria,Finland,0.0,0.0,0.0,3,8.0,0.0,0.0,False,0.99999136124704,0.13970810617184,1.0,0.0,0.8525602654299632,0.027652077101746886,Finland_2018
2018,Bulgaria,France,5.0,0.0,5.0,3,7.0,0.0,0.0,False,-0.6457207779176357,0.003326114255397779,0.0,0.0,-1.1963977920111517,-1.3349173401635168,France_2018
2018,Bulgaria,Germany,6.0,0.0,6.0,3,7.0,0.0,0.0,False,0.9999859772551489,0.17954992422111293,1.0,0.0,0.8525535622081156,0.4257049434614557,Germany_2018
2018,Bulgaria,Hungary,0.0,5.0,5.0,3,5.0,0.0,0.0,False,-0.5095984851004954,0.0,0.0,0.0,-1.0269216959020193,-1.3681479851999356,Hungary_2018
2018,Bulgaria,Ireland,1.0,0.0,1.0,3,9.0,0.0,0.0,False,0.9999994532484289,0.14584407256423068,1.0,0.0,0.8525703402000595,0.08895547965625254,Ireland_2018
2018,Bulgaria,Israel,4.0,10.0,14.0,3,2.0,0.0,0.0,False,0.999996683375422,0.09989778008780921,1.0,0.0,0.8525668916299964,-0.3700861583589296,Israel_2018
2018,Bulgaria,Italy,0.0,6.0,6.0,3,1.0,0.0,0.0,False,-0.6577300452967416,0.00793745828892897,0.0,0.0,-1.2113496688156051,-1.2888461817628691,Italy_2018
2018,Bulgaria,Lithuania,10.0,0.0,10.0,3,9.0,0.0,0.0,False,0.9999994532484289,0.24425503104551755,1.0,0.0,0.8525703402000595,1.0721627232674011,Lithuania_2018
2018,Bulgaria,Moldova,0.0,8.0,8.0,3,2.0,0.0,0.0,False,0.9999994532484289,0.22673495354263634,1.0,0.0,0.8525703402000595,0.8971225918095099,Moldova_2018
2018,Bulgaria,Netherlands,0.0,0.0,0.0,3,7.0,0.0,0.0,False,0.999996683375422,0.16711770869128142,1.0,0.0,0.8525668916299964,0.3014967805525488,Netherlands_2018
2018,Bulgaria,Norway,0.0,0.0,0.0,3,8.0,0.0,0.0,False,0.999990086755792,0.15965128961136815,1.0,0.0,0.8525586786523919,0.22690105019389026,Norway_2018
2018,Bulgaria,Portugal,0.0,0.0,0.0,3,1.0,0.0,0.0,False,-0.7664741896244388,0.008396939051458422,0.0,0.0,-1.3467391974076888,-1.2842555871686216,Portugal_2018
2018,Bulgaria,Serbia,0.0,7.0,7.0,3,6.0,0.0,0.0,False,-0.7742422401504477,0.0,0.0,0.0,-1.356410639537267,-1.3681479851999356,Serbia_2018
2018,Bulgaria,Slovenia,0.0,0.0,0.0,3,6.0,0.0,0.0,False,-0.5994742817824467,0.02348553533721379,0.0,0.0,-1.1388195991853327,-1.1335079733558784,Slovenia_2018
2018,Bulgaria,Spain,0.0,0.0,0.0,3,5.0,0.0,0.0,False,-0.4369308779657307,0.010599256580244252,0.0,0.0,-0.9364484742429047,-1.262252605179113,Spain_2018
2018,Bulgaria,Sweden,2.0,0.0,2.0,3,8.0,0.0,0.0,False,0.9999943952040968,0.22845514108372425,1.0,0.0,0.8525640427921214,0.9143086946263916,Sweden_2018
2018,Bulgaria,Ukraine,0.0,1.0,1.0,3,9.0,0.0,0.0,False,0.9999789656231082,0.18084897254287682,1.0,0.0,0.8525448325283473,0.43868351555820073,Ukraine_2018
2018,Bulgaria,United Kingdom,0.0,0.0,0.0,3,8.0,0.0,0.0,False,0.9999901333676352,0.10744211513107271,1.0,0.0,0.8525587366854519,-0.2947119827870436,United Kingdom_2018
2018,Cyprus,Albania,6.0,0.0,6.0,3,3.0,1.0,1.0,True,-0.6101139938397765,0.019695559070299722,0.0,0.0,-1.1520663409635057,-1.171372985304246,Albania_2018
2018,Cyprus,Australia,0.0,0.0,0.0,3,8.0,0.0,0.0,False,0.9999911798603621,0.24323241047249508,1.0,0.0,0.8525600395984303,1.0619458940607973,Australia_2018
2018,Cyprus,Austria,2.0,0.0,2.0,3,7.0,0.0,0.0,True,0.9999798370910267,0.18133591428944904,1.0,0.0,0.8525459175304998,0.4435484682000094,Austria_2018
2018,Cyprus,Bulgaria,0.0,12.0,12.0,3,3.0,1.0,0.0,False,0.999996683375422,0.19700754268421364,1.0,0.0,0.8525668916299964,0.6001210572155373,Bulgaria_2018
2018,Cyprus,Czech Republic,5.0,8.0,13.0,3,2.0,0.0,0.0,False,0.9999873670879447,0.22504930815592175,1.0,0.0,0.8525552925891692,0.8802815938154435,Czech Republic_2018
2018,Cyprus,Denmark,0.0,0.0,0.0,3,8.0,0.0,0.0,True,0.9999911798603621,0.2547829433189322,1.0,0.0,0.8525600395984303,1.1773453143839412,Denmark_2018
2018,Cyprus,Estonia,1.0,4.0,5.0,3,8.0,0.0,0.0,True,-0.6496029262065522,0.005999490531984175,0.0,0.0,-1.2012311761902308,-1.308208089886905,Estonia_2018
2018,Cyprus,Finland,0.0,0.0,0.0,3,8.0,0.0,0.0,True,0.9999937783030999,0.15878518254781554,1.0,0.0,0.8525632747329704,0.21824792099192605,Finland_2018
2018,Cyprus,France,3.0,1.0,4.0,3,7.0,0.0,0.0,True,-0.6458920802886519,0.00641784273871693,0.0,0.0,-1.1966110682974471,-1.3040284037382475,France_2018
2018,Cyprus,Germany,0.0,3.0,3.0,3,7.0,0.0,0.0,True,0.9999809351587448,0.1576769733839049,1.0,0.0,0.8525472846557978,0.20717599064790468,Germany_2018
2018,Cyprus,Hungary,4.0,0.0,4.0,3,5.0,0.0,0.0,True,-0.5091867544442269,0.0,0.0,0.0,-1.0264090796153795,-1.3681479851999356,Hungary_2018
2018,Cyprus,Ireland,0.0,0.0,0.0,3,9.0,0.0,0.0,True,0.9999968071185369,0.15347821887885268,1.0,0.0,0.8525670456936666,0.16522694445202513,Ireland_2018
2018,Cyprus,Israel,0.0,10.0,10.0,3,2.0,0.0,0.0,True,1.0000000000000002,0.14675827508765815,1.0,0.0,0.852571020921196,0.09808912246425751,Israel_2018
2018,Cyprus,Italy,8.0,7.0,15.0,3,1.0,0.0,0.0,True,-0.6580687407454112,0.0029257175846123776,0.0,0.0,-1.211771354207634,-1.3389176355890395,Italy_2018
2018,Cyprus,Lithuania,0.0,6.0,6.0,3,9.0,0.0,0.0,True,0.9999968071185369,0.2544692469047531,1.0,0.0,0.8525670456936666,1.1742112265600289,Lithuania_2018
2018,Cyprus,Moldova,10.0,0.0,10.0,3,2.0,0.0,0.0,True,0.9999968071185369,0.26087111242538696,1.0,0.0,0.8525670456936666,1.238171182337805,Moldova_2018
2018,Cyprus,Netherlands,0.0,0.0,0.0,3,7.0,0.0,0.0,False,1.0000000000000002,0.2768053429798038,1.0,0.0,0.852571020921196,1.3973673851209716,Netherlands_2018
2018,Cyprus,Norway,0.0,5.0,5.0,3,8.0,0.0,0.0,True,0.9999911798603621,0.10821344730518608,1.0,0.0,0.8525600395984303,-0.2870057334777982,Norway_2018
2018,Cyprus,Portugal,0.0,0.0,0.0,3,1.0,0.0,0.0,False,-0.7659714199935372,0.015517426974144651,0.0,0.0,-1.3461132350283898,-1.2131159965003522,Portugal_2018
2018,Cyprus,Serbia,0.0,0.0,0.0,3,6.0,0.0,0.0,True,-0.7743307672082123,0.0,0.0,0.0,-1.3565208582225348,-1.3681479851999356,Serbia_2018
2018,Cyprus,Slovenia,0.0,0.0,0.0,3,6.0,0.0,0.0,True,-0.5995318969594324,0.010406636650074765,0.0,0.0,-1.1388913317066567,-1.2641770383268962,Slovenia_2018
2018,Cyprus,Spain,7.0,0.0,7.0,3,5.0,0.0,0.0,True,-0.4369010658772141,0.025775171468005696,0.0,0.0,-0.9364113573513646,-1.1106326059804403,Spain_2018
2018,Cyprus,Sweden,12.0,0.0,12.0,3,8.0,0.0,0.0,True,0.9999917470407743,0.1866803262580163,1.0,0.0,0.85256074575405,0.4969435843682627,Sweden_2018
2018,Cyprus,Ukraine,0.0,2.0,2.0,3,9.0,0.0,0.0,True,0.9999739230521546,0.24322083266036207,1.0,0.0,0.8525385543852019,1.0618302220977354,Ukraine_2018
2018,Cyprus,United Kingdom,0.0,0.0,0.0,3,8.0,0.0,0.0,True,0.9999911377388232,0.10277313283052109,1.0,0.0,0.8525599871559256,-0.3413589953661103,United Kingdom_2018
2018,Czech Republic,Albania,6.0,0.0,6.0,2,3.0,0.0,0.0,False,-0.6098904299743667,0.02305105581235667,0.0,0.0,-1.1517879976418015,-1.1378487848125767,Albania_2018
2018,Czech Republic,Australia,0.0,0.0,0.0,2,8.0,0.0,0.0,False,0.9999913989306233,0.27705859068972744,1.0,0.0,0.8525603123470881,1.399897540163331,Australia_2018
2018,Czech Republic,Austria,5.0,0.0,5.0,2,7.0,0.0,0.0,False,0.9999923420619365,0.2005380204887008,1.0,0.0,0.8525614865721894,0.6353934639103693,Austria_2018
2018,Czech Republic,Bulgaria,4.0,1.0,5.0,2,3.0,0.0,0.0,False,0.9999924074537717,0.21362022101302736,1.0,0.0,0.8525615679868696,0.7660955169783442,Bulgaria_2018
2018,Czech Republic,Cyprus,0.0,8.0,8.0,2,3.0,0.0,0.0,False,0.9999873670879447,0.22504930815592175,1.0,0.0,0.8525552925891692,0.8802815938154435,Cyprus_2018
2018,Czech Republic,Denmark,0.0,7.0,7.0,2,8.0,0.0,0.0,False,0.9999913989306233,0.1590989515290072,1.0,0.0,0.8525603123470881,0.22138273382058865,Denmark_2018
2018,Czech Republic,Estonia,0.0,5.0,5.0,2,8.0,0.0,0.0,False,-0.6497212763286148,0.0070216128724681125,0.0,0.0,-1.201378525432196,-1.2979962384373362,Estonia_2018
2018,Czech Republic,Finland,3.0,0.0,3.0,2,8.0,0.0,0.0,False,0.9999856957502107,0.19608621831582856,1.0,0.0,0.852553211726523,0.5909162612589578,Finland_2018
2018,Czech Republic,France,0.0,0.0,0.0,2,7.0,0.0,0.0,False,-0.6449738836910629,0.04620245894142158,0.0,0.0,-1.195467887620722,-0.9065470313540246,France_2018
2018,Czech Republic,Germany,0.0,3.0,3.0,2,7.0,0.0,0.0,False,0.9999934441132255,0.2748371008551196,1.0,0.0,0.8525628586571455,1.3777030109086414,Germany_2018
2018,Czech Republic,Hungary,2.0,0.0,2.0,2,5.0,0.0,0.0,False,-0.5095797539935671,0.0,0.0,0.0,-1.026898375145277,-1.3681479851999356,Hungary_2018
2018,Czech Republic,Ireland,10.0,4.0,14.0,2,9.0,0.0,0.0,False,0.9999902854838446,0.2951579456900987,1.0,0.0,0.8525589260744255,1.5807251351352722,Ireland_2018
2018,Czech Republic,Israel,12.0,10.0,22.0,2,2.0,1.0,0.0,False,0.9999873670879447,0.24474626117062412,1.0,0.0,0.8525552925891692,1.077070520373926,Israel_2018
2018,Czech Republic,Italy,0.0,2.0,2.0,2,1.0,0.0,0.0,False,-0.6577291303665418,0.022299874657503858,0.0,0.0,-1.2113485297016857,-1.14535370869619,Italy_2018
2018,Czech Republic,Lithuania,1.0,0.0,1.0,2,9.0,0.0,0.0,False,0.9999902854838446,0.23150606073981225,1.0,0.0,0.8525589260744255,0.9447899169600992,Lithuania_2018
2018,Czech Republic,Moldova,0.0,6.0,6.0,2,2.0,1.0,0.0,False,0.9999902854838446,0.20669462359932092,1.0,0.0,0.8525589260744255,0.6969030444267674,Moldova_2018
2018,Czech Republic,Netherlands,0.0,0.0,0.0,2,7.0,0.0,0.0,False,0.9999873670879447,0.253908966117102,1.0,0.0,0.8525552925891692,1.1686135559613886,Netherlands_2018
2018,Czech Republic,Norway,0.0,0.0,0.0,2,8.0,0.0,0.0,False,0.9999913989306233,0.15314606275245868,1.0,0.0,0.8525603123470881,0.16190842876515163,Norway_2018
2018,Czech Republic,Portugal,0.0,0.0,0.0,2,1.0,0.0,0.0,False,-0.7667279473923052,0.013738956338359259,0.0,0.0,-1.3470551329900633,-1.2308843958599258,Portugal_2018
2018,Czech Republic,Serbia,0.0,0.0,0.0,2,6.0,0.0,0.0,False,-0.774295944885957,0.0,0.0,0.0,-1.3564775034485947,-1.3681479851999356,Serbia_2018
2018,Czech Republic,Slovenia,7.0,0.0,7.0,2,6.0,0.0,0.0,False,-0.5994102594001537,0.029364152515677533,0.0,0.0,-1.1387398895125813,-1.0747757032766112,Slovenia_2018
2018,Czech Republic,Spain,0.0,0.0,0.0,2,5.0,0.0,0.0,False,-0.4364695098462046,0.043193127757838026,0.0,0.0,-0.9358740579136737,-0.9366127502920927,Spain_2018
2018,Czech Republic,Sweden,8.0,0.0,8.0,2,8.0,0.0,0.0,False,0.9999850701265947,0.24453320857259914,1.0,0.0,0.8525524328074652,1.0749419478970288,Sweden_2018
2018,Czech Republic,Ukraine,0.0,12.0,12.0,2,9.0,0.0,0.0,False,0.999986396090538,0.27838012234249343,1.0,0.0,0.8525540836699951,1.4131007394178938,Ukraine_2018
2018,Czech Republic,United Kingdom,0.0,0.0,0.0,2,8.0,0.0,0.0,False,0.9999913973241035,0.18511803269701949,1.0,0.0,0.8525603103469256,0.4813349736045415,United Kingdom_2018
2018,Denmark,Albania,0.0,0.0,0.0,8,3.0,0.0,0.0,True,-0.6102788632425996,0.0,0.0,0.0,-1.1522716080228539,-1.3681479851999356,Albania_2018
2018,Denmark,Australia,10.0,2.0,12.0,8,8.0,1.0,0.0,False,1.0000000000000004,0.14947525456664074,1.0,0.0,0.8525710209211962,0.12523400496213996,Australia_2018
2018,Denmark,Austria,8.0,10.0,18.0,8,7.0,0.0,0.0,True,0.9999837385700803,0.18635263504688887,1.0,0.0,0.8525507749820265,0.4936696768947421,Austria_2018
2018,Denmark,Bulgaria,1.0,0.0,1.0,8,3.0,0.0,0.0,False,0.999990086755792,0.14115761443668687,1.0,0.0,0.8525586786523919,0.042133869045096924,Bulgaria_2018
2018,Denmark,Cyprus,5.0,1.0,6.0,8,3.0,0.0,0.0,True,0.9999911798603621,0.2547829433189322,1.0,0.0,0.8525600395984303,1.1773453143839412,Cyprus_2018
2018,Denmark,Czech Republic,0.0,6.0,6.0,8,2.0,0.0,0.0,False,0.9999913989306233,0.1590989515290072,1.0,0.0,0.8525603123470881,0.22138273382058865,Czech Republic_2018
2018,Denmark,Estonia,7.0,0.0,7.0,8,8.0,1.0,0.0,True,-0.6500856093484416,0.0,0.0,0.0,-1.201832130323842,-1.3681479851999356,Estonia_2018
2018,Denmark,Finland,0.0,0.0,0.0,8,8.0,1.0,1.0,True,0.9999896008052058,0.19597947891896225,1.0,0.0,0.8525580736301979,0.5898498459958893,Finland_2018
2018,Denmark,France,2.0,0.0,2.0,8,7.0,0.0,0.0,True,-0.6453935061224255,0.036290770767134495,0.0,0.0,-1.1959903293900707,-1.0055730317077058,France_2018
2018,Denmark,Germany,12.0,12.0,24.0,8,7.0,0.0,0.0,True,0.9999848406891555,0.09910881660562855,1.0,0.0,0.8525521471513783,-0.37796855908539145,Germany_2018
2018,Denmark,Hungary,0.0,0.0,0.0,8,5.0,0.0,1.0,True,-0.5094287003426304,0.0,0.0,0.0,-1.0267103090869263,-1.3681479851999356,Hungary_2018
2018,Denmark,Ireland,0.0,4.0,4.0,8,9.0,0.0,0.0,True,0.9999880122502228,0.21109110768798656,1.0,0.0,0.8525560958344127,0.7408275734538795,Ireland_2018
2018,Denmark,Israel,3.0,0.0,3.0,8,2.0,0.0,0.0,True,0.9999911798603621,0.17568769589600558,1.0,0.0,0.8525600395984303,0.38711807341844334,Israel_2018
2018,Denmark,Italy,0.0,0.0,0.0,8,1.0,0.0,0.0,True,-0.6580399147540436,0.0092904492444668,0.0,0.0,-1.2117354650348735,-1.2753286779344912,Italy_2018
2018,Denmark,Lithuania,0.0,0.0,0.0,8,9.0,0.0,0.0,True,0.9999880122502228,0.19821848937193848,1.0,0.0,0.8525560958344127,0.6122194207857325,Lithuania_2018
2018,Denmark,Moldova,0.0,0.0,0.0,8,2.0,0.0,0.0,True,0.9999880122502228,0.14703058699412358,1.0,0.0,0.8525560958344127,0.10080974467026195,Moldova_2018
2018,Denmark,Netherlands,0.0,5.0,5.0,8,7.0,0.0,0.0,False,0.9999911798603621,0.19627917682785487,1.0,0.0,0.8525600395984303,0.5928440771208139,Netherlands_2018
2018,Denmark,Norway,0.0,8.0,8.0,8,8.0,1.0,1.0,True,1.0000000000000004,0.11008402219875897,1.0,0.0,0.8525710209211962,-0.26831713605469976,Norway_2018
2018,Denmark,Portugal,0.0,0.0,0.0,8,1.0,0.0,0.0,False,-0.7661297263099861,0.0,0.0,0.0,-1.346310330859983,-1.3681479851999356,Portugal_2018
2018,Denmark,Serbia,0.0,0.0,0.0,8,6.0,0.0,0.0,True,-0.7740950084323623,0.0,0.0,0.0,-1.356227331893176,-1.3681479851999356,Serbia_2018
2018,Denmark,Slovenia,0.0,0.0,0.0,8,6.0,0.0,0.0,True,-0.5997124719613666,0.030703742364916364,0.0,0.0,-1.139116152680131,-1.0613920876349645,Slovenia_2018
2018,Denmark,Spain,6.0,0.0,6.0,8,5.0,0.0,0.0,True,-0.4362871389434431,0.0,0.0,0.0,-0.9356470009929868,-1.3681479851999356,Spain_2018
2018,Denmark,Sweden,4.0,7.0,11.0,8,8.0,1.0,1.0,True,0.9999828624938224,0.1060025627199419,1.0,0.0,0.8525496842423612,-0.30909430747958117,Sweden_2018
2018,Denmark,Ukraine,0.0,0.0,0.0,8,9.0,0.0,0.0,True,0.9999777920297557,0.17943342394828346,1.0,0.0,0.852543371371503,0.4245410089373306,Ukraine_2018
2018,Denmark,United Kingdom,0.0,3.0,3.0,8,8.0,1.0,1.0,True,0.9999999400940912,0.16238520554891517,1.0,0.0,0.8525709463366484,0.25421514198511413,United Kingdom_2018
2018,Estonia,Albania,0.0,0.0,0.0,8,3.0,0.0,0.0,True,0.5525540622682886,0.009934694718327093,0.0,0.0,0.29548820092691014,-1.2688921303554572,Albania_2018
2018,Estonia,Australia,0.0,0.0,0.0,8,8.0,1.0,0.0,False,-0.6500856093484416,0.0,0.0,0.0,-1.201832130323842,-1.3681479851999356,Australia_2018
2018,Estonia,Austria,12.0,6.0,18.0,8,7.0,0.0,0.0,True,-0.6499911877978646,0.0044510560619471125,0.0,0.0,-1.201714572828672,-1.3236782368166,Austria_2018
2018,Estonia,Bulgaria,7.0,0.0,7.0,8,3.0,0.0,0.0,False,-0.649393731774918,0.0,0.0,0.0,-1.2009707232191016,-1.3681479851999356,Bulgaria_2018
2018,Estonia,Cyprus,8.0,4.0,12.0,8,3.0,0.0,0.0,True,-0.6496029262065522,0.005999490531984175,0.0,0.0,-1.2012311761902308,-1.308208089886905,Cyprus_2018
2018,Estonia,Czech Republic,0.0,5.0,5.0,8,2.0,0.0,0.0,False,-0.6497212763286148,0.0070216128724681125,0.0,0.0,-1.201378525432196,-1.2979962384373362,Czech Republic_2018
2018,Estonia,Denmark,0.0,8.0,8.0,8,8.0,1.0,0.0,True,-0.6500856093484416,0.0,0.0,0.0,-1.201832130323842,-1.3681479851999356,Denmark_2018
2018,Estonia,Finland,2.0,10.0,12.0,8,8.0,1.0,0.0,True,-0.6498770270478728,0.00429133878664148,0.0,0.0,-1.2015724394731644,-1.3252739451039062,Finland_2018
2018,Estonia,France,0.0,0.0,0.0,8,7.0,0.0,0.0,True,0.4428183293410089,0.16677729985461495,0.0,0.0,0.15886411654439994,0.2980958134329839,France_2018
2018,Estonia,Germany,6.0,0.0,6.0,8,7.0,0.0,0.0,True,-0.6500910402388459,0.004862615122785169,0.0,0.0,-1.2018388919356622,-1.319566419839767,Germany_2018
2018,Estonia,Hungary,0.0,3.0,3.0,8,5.0,0.0,0.0,True,-0.10219772148659197,0.07631260206362253,0.0,0.0,-0.5196962478123746,-0.6057216834376564,Hungary_2018
2018,Estonia,Ireland,0.0,0.0,0.0,8,9.0,0.0,1.0,True,-0.6493594876122256,0.003498699123884817,0.0,0.0,-1.2009280882701339,-1.333193073928813,Ireland_2018
2018,Estonia,Israel,0.0,0.0,0.0,8,2.0,0.0,0.0,True,-0.6496029262065522,0.08109951965777336,0.0,0.0,-1.2012311761902308,-0.557896399284635,Israel_2018
2018,Estonia,Italy,0.0,7.0,7.0,8,1.0,0.0,0.0,True,0.7689877718141366,0.6564327649815471,1.0,1.0,0.5649542773580695,5.190160758396726,Italy_2018
2018,Estonia,Lithuania,10.0,12.0,22.0,8,9.0,0.0,1.0,True,-0.6493594876122256,0.002099310518830449,0.0,0.0,-1.2009280882701339,-1.3471741288270638,Lithuania_2018
2018,Estonia,Moldova,0.0,1.0,1.0,8,2.0,0.0,0.0,True,-0.6493594876122256,0.006276700647292192,0.0,0.0,-1.2009280882701339,-1.3054385305047052,Moldova_2018
2018,Estonia,Netherlands,1.0,0.0,1.0,8,7.0,0.0,0.0,False,-0.6496029262065522,0.0,0.0,0.0,-1.2012311761902308,-1.3681479851999356,Netherlands_2018
2018,Estonia,Norway,4.0,2.0,6.0,8,8.0,1.0,0.0,True,-0.6500856093484416,0.0019819501960276114,0.0,0.0,-1.201832130323842,-1.348346655965027,Norway_2018
2018,Estonia,Portugal,3.0,0.0,3.0,8,1.0,0.0,0.0,False,0.5606055087719233,0.046114320854147926,0.0,0.0,0.3055124790464432,-0.9074276040786766,Portugal_2018
2018,Estonia,Serbia,0.0,0.0,0.0,8,6.0,0.0,0.0,True,0.6077731927333719,0.0,0.0,0.0,0.36423757671309875,-1.3681479851999356,Serbia_2018
2018,Estonia,Slovenia,0.0,0.0,0.0,8,6.0,0.0,0.0,True,0.2747502379853309,0.030947145090823924,0.0,0.0,-0.050385400298051684,-1.0589602921629946,Slovenia_2018
2018,Estonia,Spain,0.0,0.0,0.0,8,5.0,0.0,0.0,True,-0.043717119782986764,0.19117022220890878,0.0,0.0,-0.4468862482911785,0.5418013755137201,Spain_2018
2018,Estonia,Sweden,5.0,0.0,5.0,8,8.0,1.0,0.0,True,-0.649670743208767,0.001568808781181799,0.0,0.0,-1.201315610271874,-1.3524742819731552,Sweden_2018
2018,Estonia,Ukraine,0.0,0.0,0.0,8,9.0,0.0,0.0,True,-0.6500770758901476,0.0021361771460791084,0.0,0.0,-1.2018215059274404,-1.3468058005888495,Ukraine_2018
2018,Estonia,United Kingdom,0.0,0.0,0.0,8,8.0,1.0,0.0,True,-0.6500533135718787,0.0,0.0,0.0,-1.2017919211705914,-1.3681479851999356,United Kingdom_2018
2018,Finland,Albania,0.0,0.0,0.0,8,3.0,0.0,0.0,True,-0.610415536022305,0.014087915650899896,0.0,0.0,-1.1524417694906743,-1.2273980023818991,Albania_2018
2018,Finland,Australia,0.0,0.0,0.0,8,8.0,1.0,0.0,False,0.9999896008052058,0.16183785641723186,1.0,0.0,0.8525580736301979,0.24874666937433643,Australia_2018
2018,Finland,Austria,7.0,3.0,10.0,8,7.0,0.0,0.0,True,0.9999887623151804,0.3788326735585504,1.0,0.0,0.8525570296864529,2.4167051907821966,Austria_2018
2018,Finland,Bulgaria,10.0,0.0,10.0,8,3.0,0.0,0.0,False,0.99999136124704,0.13970810617184,1.0,0.0,0.8525602654299632,0.027652077101746886,Bulgaria_2018
2018,Finland,Cyprus,6.0,1.0,7.0,8,3.0,0.0,0.0,True,0.9999937783030999,0.15878518254781554,1.0,0.0,0.8525632747329704,0.21824792099192605,Cyprus_2018
2018,Finland,Czech Republic,0.0,5.0,5.0,8,2.0,0.0,0.0,False,0.9999856957502107,0.19608621831582856,1.0,0.0,0.852553211726523,0.5909162612589578,Czech Republic_2018
2018,Finland,Denmark,3.0,10.0,13.0,8,8.0,1.0,1.0,True,0.9999896008052058,0.19597947891896225,1.0,0.0,0.8525580736301979,0.5898498459958893,Denmark_2018
2018,Finland,Estonia,0.0,12.0,12.0,8,8.0,1.0,0.0,True,-0.6498770270478728,0.00429133878664148,0.0,0.0,-1.2015724394731644,-1.3252739451039062,Estonia_2018
2018,Finland,France,5.0,4.0,9.0,8,7.0,0.0,0.0,True,-0.6456531372714246,0.017928197835809772,0.0,0.0,-1.19631357749771,-1.1890303925142214,France_2018
2018,Finland,Germany,1.0,0.0,1.0,8,7.0,0.0,0.0,True,0.9999888265881496,0.162331472121637,1.0,0.0,0.8525571097081134,0.2536783004002008,Germany_2018
2018,Finland,Hungary,0.0,8.0,8.0,8,5.0,0.0,1.0,True,-0.5090339674020898,0.0,0.0,0.0,-1.0262188554360656,-1.3681479851999356,Hungary_2018
2018,Finland,Ireland,2.0,0.0,2.0,8,9.0,0.0,0.0,True,0.9999905827994071,0.11439121506338557,1.0,0.0,0.8525592962406916,-0.22528470054665223,Ireland_2018
2018,Finland,Israel,12.0,7.0,19.0,8,2.0,0.0,0.0,True,0.9999937783030999,0.14539901955048093,1.0,0.0,0.8525632747329704,0.0845090302601425,Israel_2018
2018,Finland,Italy,4.0,6.0,10.0,8,1.0,0.0,0.0,True,-0.6577260248790848,0.011766510225720618,0.0,0.0,-1.211344663282161,-1.2505907714049596,Italy_2018
2018,Finland,Lithuania,0.0,0.0,0.0,8,9.0,0.0,0.0,True,0.9999905827994071,0.20207572287768924,1.0,0.0,0.8525592962406916,0.6507563884332422,Lithuania_2018
2018,Finland,Moldova,0.0,0.0,0.0,8,2.0,0.0,0.0,True,0.9999905827994071,0.20250651410725612,1.0,0.0,0.8525592962406916,0.6550603507554348,Moldova_2018
2018,Finland,Netherlands,0.0,2.0,2.0,8,7.0,0.0,0.0,False,0.9999937783030999,0.19094155446636316,1.0,0.0,0.8525632747329704,0.5395167947686416,Netherlands_2018
2018,Finland,Norway,0.0,0.0,0.0,8,8.0,1.0,1.0,True,0.9999896008052058,0.17666017679642645,1.0,0.0,0.8525580736301979,0.39683396563535644,Norway_2018
2018,Finland,Portugal,0.0,0.0,0.0,8,1.0,0.0,0.0,False,-0.766093783848046,0.02128771154286014,0.0,0.0,-1.3462655814805238,-1.155466059204624,Portugal_2018
2018,Finland,Serbia,0.0,0.0,0.0,8,6.0,0.0,0.0,True,-0.7744996732382876,0.0,0.0,0.0,-1.356731150996731,-1.3681479851999356,Serbia_2018
2018,Finland,Slovenia,0.0,0.0,0.0,8,6.0,0.0,0.0,True,-0.5992000553106914,0.031140559644204462,0.0,0.0,-1.1384781794889622,-1.0570279200690909,Slovenia_2018
2018,Finland,Spain,0.0,0.0,0.0,8,5.0,0.0,0.0,True,-0.4370685617589739,0.02501792467814626,0.0,0.0,-0.9366198944511118,-1.1181981305976267,Spain_2018
2018,Finland,Sweden,8.0,0.0,8.0,8,8.0,1.0,1.0,True,0.9999946682603524,0.1977323676507228,1.0,0.0,0.8525643827548657,0.607362660878584,Sweden_2018
2018,Finland,Ukraine,0.0,0.0,0.0,8,9.0,0.0,0.0,True,0.9999867500172711,0.22513030576936563,1.0,0.0,0.852554524318766,0.8810908272736094,Ukraine_2018
2018,Finland,United Kingdom,0.0,0.0,0.0,8,8.0,1.0,1.0,True,0.9999895521523176,0.16801678808699885,1.0,0.0,0.8525580130559788,0.31047933074912065,United Kingdom_2018
2018,France,Albania,0.0,0.0,0.0,7,3.0,0.0,0.0,True,0.16503959139766297,0.03764420550605733,0.0,0.0,-0.1869782514797754,-0.9920510941145777,Albania_2018
2018,France,Australia,10.0,0.0,10.0,7,8.0,0.0,0.0,False,-0.6453935061224255,0.0,0.0,0.0,-1.1959903293900707,-1.3681479851999356,Australia_2018
2018,France,Austria,7.0,0.0,7.0,7,7.0,1.0,1.0,True,-0.645109173076625,0.008474543043422988,0.0,0.0,-1.1956363267237928,-1.2834802588087497,Austria_2018
2018,France,Bulgaria,0.0,0.0,0.0,7,3.0,0.0,0.0,False,-0.6457207779176357,0.003326114255397779,0.0,0.0,-1.1963977920111517,-1.3349173401635168,Bulgaria_2018
2018,France,Cyprus,0.0,3.0,3.0,7,3.0,0.0,0.0,True,-0.6458920802886519,0.00641784273871693,0.0,0.0,-1.1966110682974471,-1.3040284037382475,Cyprus_2018
2018,France,Czech Republic,4.0,0.0,4.0,7,2.0,0.0,0.0,False,-0.6449738836910629,0.04620245894142158,0.0,0.0,-1.195467887620722,-0.9065470313540246,Czech Republic_2018
2018,France,Denmark,0.0,2.0,2.0,7,8.0,0.0,0.0,True,-0.6453935061224255,0.036290770767134495,0.0,0.0,-1.1959903293900707,-1.0055730317077058,Denmark_2018
2018,France,Estonia,0.0,7.0,7.0,7,8.0,0.0,0.0,True,0.4428183293410089,0.16677729985461495,0.0,0.0,0.15886411654439994,0.2980958134329839,Estonia_2018
2018,France,Finland,0.0,0.0,0.0,7,8.0,0.0,0.0,True,-0.6456531372714246,0.017928197835809772,0.0,0.0,-1.19631357749771,-1.1890303925142214,Finland_2018
2018,France,Germany,8.0,0.0,8.0,7,7.0,1.0,1.0,True,-0.6449641413159823,0.016801606316196194,0.0,0.0,-1.1954557580888039,-1.200285977865375,Germany_2018
2018,France,Hungary,0.0,0.0,0.0,7,5.0,0.0,0.0,True,0.21918866423493347,0.15287717875048087,0.0,0.0,-0.1195611276386604,0.15922205417317972,Hungary_2018
2018,France,Ireland,1.0,0.0,1.0,7,9.0,0.0,0.0,True,-0.6457355960132163,0.029265908413657466,0.0,0.0,-1.1964162409583359,-1.0757572434855358,Ireland_2018
2018,France,Israel,12.0,12.0,24.0,7,2.0,0.0,0.0,True,-0.6458920802886519,0.11051737940369293,0.0,0.0,-1.1966110682974471,-0.2639875375065547,Israel_2018
2018,France,Italy,0.0,10.0,10.0,7,1.0,0.0,0.0,True,0.5627522247991686,0.33966479239286007,0.0,0.0,0.3081852010835395,2.025385513854853,Italy_2018
2018,France,Lithuania,0.0,0.0,0.0,7,9.0,0.0,0.0,True,-0.6457355960132163,0.025773055381267312,0.0,0.0,-1.1964162409583359,-1.1106537474451856,Lithuania_2018
2018,France,Moldova,0.0,6.0,6.0,7,2.0,0.0,0.0,True,-0.6457355960132163,0.015071291354456786,0.0,0.0,-1.1964162409583359,-1.2175732620293072,Moldova_2018
2018,France,Netherlands,6.0,0.0,6.0,7,7.0,1.0,0.0,False,-0.6458920802886519,0.03873714288370245,0.0,0.0,-1.1966110682974471,-0.9811317416044769,Netherlands_2018
2018,France,Norway,0.0,0.0,0.0,7,8.0,0.0,0.0,True,-0.6453935061224255,0.03306406653822352,0.0,0.0,-1.1959903293900707,-1.0378104879810257,Norway_2018
2018,France,Portugal,0.0,8.0,8.0,7,1.0,0.0,0.0,False,0.6543430142079514,0.22079394575288852,0.0,0.0,0.4222183187111292,0.8377669876839688,Portugal_2018
2018,France,Serbia,0.0,1.0,1.0,7,6.0,0.0,0.0,True,0.6680704563355979,0.2850985068100191,0.0,0.0,0.43930937156668787,1.4802229824665876,Serbia_2018
2018,France,Slovenia,2.0,0.0,2.0,7,6.0,0.0,0.0,True,0.2584634879222977,0.25755867716046266,0.0,0.0,-0.07066286376023392,1.2050772017819111,Slovenia_2018
2018,France,Spain,0.0,5.0,5.0,7,5.0,0.0,0.0,True,0.0628365753609865,0.3548307346017545,0.0,0.0,-0.314223890750215,2.1769058777054755,Spain_2018
2018,France,Sweden,5.0,0.0,5.0,7,8.0,0.0,0.0,True,-0.6456700023436849,0.0071276645472049165,0.0,0.0,-1.196334574988629,-1.2969366940897606,Sweden_2018
2018,France,Ukraine,0.0,4.0,4.0,7,9.0,0.0,0.0,True,-0.6448846227315866,0.04532141656358648,0.0,0.0,-1.1953567552071114,-0.9153493767552288,Ukraine_2018
2018,France,United Kingdom,3.0,0.0,3.0,7,8.0,0.0,0.0,True,-0.6453598215459024,0.036748553059080404,0.0,0.0,-1.1959483911416757,-1.0009994062458247,United Kingdom_2018
2018,Germany,Albania,0.0,0.0,0.0,7,3.0,0.0,0.0,True,-0.6102503836876055,0.015963342699913216,0.0,0.0,-1.1522361501731555,-1.208660927894358,Albania_2018
2018,Germany,Australia,7.0,0.0,7.0,7,8.0,0.0,0.0,False,0.9999848406891555,0.20066413945550965,1.0,0.0,0.8525521471513783,0.6366534971793958,Australia_2018
2018,Germany,Austria,10.0,5.0,15.0,7,7.0,1.0,1.0,True,0.9999990776566727,0.20049837678236768,1.0,0.0,0.8525698725777234,0.6349973903446623,Austria_2018
2018,Germany,Bulgaria,0.0,0.0,0.0,7,3.0,0.0,0.0,False,0.9999859772551489,0.17954992422111293,1.0,0.0,0.8525535622081156,0.4257049434614557,Bulgaria_2018
2018,Germany,Cyprus,3.0,6.0,9.0,7,3.0,0.0,0.0,True,0.9999809351587448,0.1576769733839049,1.0,0.0,0.8525472846557978,0.20717599064790468,Cyprus_2018
2018,Germany,Czech Republic,0.0,8.0,8.0,7,2.0,0.0,0.0,False,0.9999934441132255,0.2748371008551196,1.0,0.0,0.8525628586571455,1.3777030109086414,Czech Republic_2018
2018,Germany,Denmark,0.0,3.0,3.0,7,8.0,0.0,0.0,True,0.9999848406891555,0.09910881660562855,1.0,0.0,0.8525521471513783,-0.37796855908539145,Denmark_2018
2018,Germany,Estonia,2.0,0.0,2.0,7,8.0,0.0,0.0,True,-0.6500910402388459,0.004862615122785169,0.0,0.0,-1.2018388919356622,-1.319566419839767,Estonia_2018
2018,Germany,Finland,0.0,0.0,0.0,7,8.0,0.0,0.0,True,0.9999888265881496,0.162331472121637,1.0,0.0,0.8525571097081134,0.2536783004002008,Finland_2018
2018,Germany,France,0.0,0.0,0.0,7,7.0,1.0,1.0,True,-0.6449641413159823,0.016801606316196194,0.0,0.0,-1.1954557580888039,-1.200285977865375,France_2018
2018,Germany,Hungary,0.0,2.0,2.0,7,5.0,0.0,0.0,True,-0.5093369356016779,0.04129146347661445,0.0,0.0,-1.0265960593947174,-0.9556119565295886,Hungary_2018
2018,Germany,Ireland,8.0,7.0,15.0,7,9.0,0.0,0.0,True,0.9999838871257851,0.3092198976449114,1.0,0.0,0.8525509599380714,1.7212157190565014,Ireland_2018
2018,Germany,Israel,1.0,10.0,11.0,7,2.0,0.0,0.0,True,0.9999809351587448,0.13196557727716612,1.0,0.0,0.8525472846557978,-0.04970221972241755,Israel_2018
2018,Germany,Italy,0.0,12.0,12.0,7,1.0,0.0,0.0,True,-0.6575080763343137,0.0015494141103699177,0.0,0.0,-1.2110733111931236,-1.3526680508493452,Italy_2018
2018,Germany,Lithuania,4.0,4.0,8.0,7,9.0,0.0,0.0,True,0.9999838871257851,0.28978949689116085,1.0,0.0,0.8525509599380714,1.527089871059728,Lithuania_2018
2018,Germany,Moldova,0.0,0.0,0.0,7,2.0,0.0,0.0,True,0.9999838871257851,0.23857385423441888,1.0,0.0,0.8525509599380714,1.0154030465087396,Moldova_2018
2018,Germany,Netherlands,5.0,0.0,5.0,7,7.0,1.0,0.0,False,0.9999809351587448,0.15506941534686594,1.0,0.0,0.8525472846557978,0.1811243192718893,Netherlands_2018
2018,Germany,Norway,0.0,0.0,0.0,7,8.0,0.0,0.0,True,0.9999848406891555,0.15613059501443816,1.0,0.0,0.8525521471513783,0.19172638587129417,Norway_2018
2018,Germany,Portugal,0.0,0.0,0.0,7,1.0,0.0,0.0,False,-0.766648673214514,0.012746043205384366,0.0,0.0,-1.3469564344014908,-1.2408044230569295,Portugal_2018
2018,Germany,Serbia,0.0,0.0,0.0,7,6.0,0.0,0.0,True,-0.7745408282188958,0.0,0.0,0.0,-1.3567823901090366,-1.3681479851999356,Serbia_2018
2018,Germany,Slovenia,0.0,0.0,0.0,7,6.0,0.0,0.0,True,-0.5990951623688314,0.024223364090222806,0.0,0.0,-1.1383475848161284,-1.1261364510610214,Slovenia_2018
2018,Germany,Spain,6.0,0.0,6.0,7,5.0,0.0,0.0,True,-0.43642536966343715,0.012127418334733351,0.0,0.0,-0.9358191021404338,-1.2469849995220772,Spain_2018
2018,Germany,Sweden,12.0,0.0,12.0,7,8.0,0.0,0.0,True,0.9999893475779053,0.1787474024141454,1.0,0.0,0.8525577583550621,0.41768708380493774,Sweden_2018
2018,Germany,Ukraine,0.0,0.0,0.0,7,9.0,0.0,0.0,True,0.9999983424560328,0.2512210712612593,1.0,0.0,0.8525689572321784,1.141759253014708,Ukraine_2018
2018,Germany,United Kingdom,0.0,1.0,1.0,7,8.0,0.0,0.0,True,0.999984815073532,0.18705476016315023,1.0,0.0,0.8525521152592042,0.5006844901928034,United Kingdom_2018
2018,Hungary,Albania,10.0,0.0,10.0,5,3.0,0.0,0.0,True,0.17766049083359595,0.0,0.0,0.0,-0.17126487550350372,-1.3681479851999356,Albania_2018
2018,Hungary,Australia,7.0,0.0,7.0,5,8.0,0.0,0.0,False,-0.5094287003426304,0.0,0.0,0.0,-1.0267103090869263,-1.3681479851999356,Australia_2018
2018,Hungary,Austria,8.0,3.0,11.0,5,7.0,0.0,0.0,True,-0.5092458929948042,0.0,0.0,0.0,-1.0264827087798165,-1.3681479851999356,Austria_2018
2018,Hungary,Bulgaria,0.0,0.0,0.0,5,3.0,0.0,0.0,False,-0.5095984851004954,0.0,0.0,0.0,-1.0269216959020193,-1.3681479851999356,Bulgaria_2018
2018,Hungary,Cyprus,0.0,7.0,7.0,5,3.0,0.0,0.0,True,-0.5091867544442269,0.0,0.0,0.0,-1.0264090796153795,-1.3681479851999356,Cyprus_2018
2018,Hungary,Czech Republic,0.0,8.0,8.0,5,2.0,0.0,0.0,False,-0.5095797539935671,0.0,0.0,0.0,-1.026898375145277,-1.3681479851999356,Czech Republic_2018
2018,Hungary,Denmark,12.0,12.0,24.0,5,8.0,0.0,1.0,True,-0.5094287003426304,0.0,0.0,0.0,-1.0267103090869263,-1.3681479851999356,Denmark_2018
2018,Hungary,Estonia,0.0,0.0,0.0,5,8.0,0.0,0.0,True,-0.10219772148659197,0.07631260206362253,0.0,0.0,-0.5196962478123746,-0.6057216834376564,Estonia_2018
2018,Hungary,Finland,0.0,0.0,0.0,5,8.0,0.0,1.0,True,-0.5090339674020898,0.0,0.0,0.0,-1.0262188554360656,-1.3681479851999356,Finland_2018
2018,Hungary,France,0.0,0.0,0.0,5,7.0,0.0,0.0,True,0.21918866423493347,0.15287717875048087,0.0,0.0,-0.1195611276386604,0.15922205417317972,France_2018
2018,Hungary,Germany,0.0,1.0,1.0,5,7.0,0.0,0.0,True,-0.5093369356016779,0.04129146347661445,0.0,0.0,-1.0265960593947174,-0.9556119565295886,Germany_2018
2018,Hungary,Ireland,3.0,0.0,3.0,5,9.0,0.0,0.0,True,-0.5095617629325183,0.0,0.0,0.0,-1.0268759757665396,-1.3681479851999356,Ireland_2018
2018,Hungary,Israel,6.0,10.0,16.0,5,2.0,0.0,0.0,True,-0.5091867544442269,0.0,0.0,0.0,-1.0264090796153795,-1.3681479851999356,Israel_2018
2018,Hungary,Italy,0.0,6.0,6.0,5,1.0,0.0,0.0,True,-0.09066784863003603,0.11861391424644295,0.0,0.0,-0.5053412307176456,-0.18309642712218013,Italy_2018
2018,Hungary,Lithuania,5.0,0.0,5.0,5,9.0,0.0,0.0,True,-0.5095617629325183,0.0,0.0,0.0,-1.0268759757665396,-1.3681479851999356,Lithuania_2018
2018,Hungary,Moldova,0.0,2.0,2.0,5,2.0,0.0,0.0,True,-0.5095617629325183,0.0,0.0,0.0,-1.0268759757665396,-1.3681479851999356,Moldova_2018
2018,Hungary,Netherlands,4.0,4.0,8.0,5,7.0,0.0,0.0,False,-0.5091867544442269,0.0,0.0,0.0,-1.0264090796153795,-1.3681479851999356,Netherlands_2018
2018,Hungary,Norway,2.0,5.0,7.0,5,8.0,0.0,1.0,True,-0.5094287003426304,0.0,0.0,0.0,-1.0267103090869263,-1.3681479851999356,Norway_2018
2018,Hungary,Portugal,0.0,0.0,0.0,5,1.0,0.0,0.0,False,0.24456677194660803,0.16410853641109338,0.0,0.0,-0.08796466733373894,0.2714326491914326,Portugal_2018
2018,Hungary,Serbia,0.0,0.0,0.0,5,6.0,0.0,0.0,True,0.23763741742167097,0.0,0.0,0.0,-0.09659190927286833,-1.3681479851999356,Serbia_2018
2018,Hungary,Slovenia,0.0,0.0,0.0,5,6.0,0.0,0.0,True,0.4357553972254941,0.059125967711828535,0.0,0.0,0.15007056673526434,-0.7774304407626169,Slovenia_2018
2018,Hungary,Spain,0.0,0.0,0.0,5,5.0,1.0,0.0,True,0.5079371504114191,0.36710455290765526,0.0,0.0,0.23993888651663026,2.2995315207371245,Spain_2018
2018,Hungary,Sweden,1.0,0.0,1.0,5,8.0,0.0,1.0,True,-0.5092889435042485,0.0,0.0,0.0,-1.026536307879017,-1.3681479851999356,Sweden_2018
2018,Hungary,Ukraine,0.0,0.0,0.0,5,9.0,0.0,0.0,True,-0.5094141096831517,0.0,0.0,0.0,-1.0266921433041074,-1.3681479851999356,Ukraine_2018
2018,Hungary,United Kingdom,0.0,0.0,0.0,5,8.0,0.0,1.0,True,-0.5094619086035533,0.0,0.0,0.0,-1.0267516543089565,-1.3681479851999356,United Kingdom_2018
2018,Ireland,Albania,2.0,0.0,2.0,9,3.0,0.0,0.0,True,-0.6098872295631662,0.02629796565273857,0.0,0.0,-1.1517840130395371,-1.105409457692083,Albania_2018
2018,Ireland,Australia,0.0,0.0,0.0,9,8.0,0.0,0.0,False,0.9999880122502228,0.2443805303170438,1.0,0.0,0.8525560958344127,1.0734165652656578,Australia_2018
2018,Ireland,Austria,5.0,0.0,5.0,9,7.0,0.0,0.0,True,0.9999827901312731,0.20783145846183612,1.0,0.0,0.8525495941489452,0.7082609692845684,Austria_2018
2018,Ireland,Bulgaria,10.0,0.0,10.0,9,3.0,0.0,0.0,False,0.9999994532484289,0.14584407256423068,1.0,0.0,0.8525703402000595,0.08895547965625254,Bulgaria_2018
2018,Ireland,Cyprus,12.0,5.0,17.0,9,3.0,0.0,0.0,True,0.9999968071185369,0.15347821887885268,1.0,0.0,0.8525670456936666,0.16522694445202513,Cyprus_2018
2018,Ireland,Czech Republic,0.0,7.0,7.0,9,2.0,0.0,0.0,False,0.9999902854838446,0.2951579456900987,1.0,0.0,0.8525589260744255,1.5807251351352722,Czech Republic_2018
2018,Ireland,Denmark,0.0,2.0,2.0,9,8.0,0.0,0.0,True,0.9999880122502228,0.21109110768798656,1.0,0.0,0.8525560958344127,0.7408275734538795,Denmark_2018
2018,Ireland,Estonia,3.0,4.0,7.0,9,8.0,0.0,1.0,True,-0.6493594876122256,0.003498699123884817,0.0,0.0,-1.2009280882701339,-1.333193073928813,Estonia_2018
2018,Ireland,Finland,0.0,0.0,0.0,9,8.0,0.0,0.0,True,0.9999905827994071,0.11439121506338557,1.0,0.0,0.8525592962406916,-0.22528470054665223,Finland_2018
2018,Ireland,France,4.0,0.0,4.0,9,7.0,0.0,0.0,True,-0.6457355960132163,0.029265908413657466,0.0,0.0,-1.1964162409583359,-1.0757572434855358,France_2018
2018,Ireland,Germany,8.0,8.0,16.0,9,7.0,0.0,0.0,True,0.9999838871257851,0.3092198976449114,1.0,0.0,0.8525509599380714,1.7212157190565014,Germany_2018
2018,Ireland,Hungary,0.0,0.0,0.0,9,5.0,0.0,0.0,True,-0.5095617629325183,0.0,0.0,0.0,-1.0268759757665396,-1.3681479851999356,Hungary_2018
2018,Ireland,Israel,7.0,6.0,13.0,9,2.0,0.0,0.0,True,0.9999968071185369,0.1906816953150599,1.0,0.0,0.8525670456936666,0.5369205859335393,Israel_2018
2018,Ireland,Italy,0.0,0.0,0.0,9,1.0,0.0,0.0,True,-0.6578333888082989,0.010760271772349849,0.0,0.0,-1.211478334403985,-1.260643929624553,Italy_2018
2018,Ireland,Lithuania,0.0,12.0,12.0,9,9.0,1.0,1.0,True,1.0000000000000004,0.23463233853834256,1.0,0.0,0.8525710209211962,0.9760240297509039,Lithuania_2018
2018,Ireland,Moldova,0.0,1.0,1.0,9,2.0,0.0,0.0,True,1.0000000000000004,0.2778254503749654,1.0,0.0,0.8525710209211962,1.4075591055925787,Moldova_2018
2018,Ireland,Netherlands,0.0,3.0,3.0,9,7.0,0.0,0.0,False,0.9999968071185369,0.17160994736682333,1.0,0.0,0.8525670456936666,0.34637797746379345,Netherlands_2018
2018,Ireland,Norway,0.0,0.0,0.0,9,8.0,0.0,0.0,True,0.9999880122502228,0.13985640303991143,1.0,0.0,0.8525560958344127,0.029133686031715646,Norway_2018
2018,Ireland,Portugal,6.0,0.0,6.0,9,1.0,0.0,0.0,False,-0.7663851460197633,0.019719039396875016,0.0,0.0,-1.3466283356069388,-1.1711383973322615,Portugal_2018
2018,Ireland,Serbia,0.0,0.0,0.0,9,6.0,0.0,0.0,True,-0.7742062814832827,0.0,0.0,0.0,-1.3563658699818453,-1.3681479851999356,Serbia_2018
2018,Ireland,Slovenia,0.0,0.0,0.0,9,6.0,0.0,0.0,True,-0.5995065478480085,0.037195106377982116,0.0,0.0,-1.1388597713475483,-0.9965379675546626,Slovenia_2018
2018,Ireland,Spain,1.0,0.0,1.0,9,5.0,0.0,0.0,True,-0.43703166881705113,0.007249232410172442,0.0,0.0,-0.9365739616972502,-1.2957221301295618,Spain_2018
2018,Ireland,Sweden,0.0,0.0,0.0,9,8.0,0.0,0.0,True,0.9999949647391333,0.136133378919355,1.0,0.0,0.8525647518793149,-0.008062418344873177,Sweden_2018
2018,Ireland,Ukraine,0.0,0.0,0.0,9,9.0,1.0,0.0,True,0.9999768847136057,0.19369089753532606,1.0,0.0,0.8525422417372907,0.5669850164209127,Ukraine_2018
2018,Ireland,United Kingdom,0.0,10.0,10.0,9,8.0,0.0,0.0,True,0.9999879751366342,0.24998325715226855,1.0,0.0,0.8525560496269474,1.129392461582276,United Kingdom_2018
2018,Israel,Albania,0.0,0.0,0.0,2,3.0,0.0,0.0,True,-0.6101139938397765,0.06936440878523652,0.0,0.0,-1.1520663409635057,-0.6751399074519918,Albania_2018
2018,Israel,Australia,7.0,0.0,7.0,2,8.0,0.0,0.0,False,0.9999911798603621,0.12879901625628637,1.0,0.0,0.8525600395984303,-0.08133879537529778,Australia_2018
2018,Israel,Austria,12.0,1.0,13.0,2,7.0,0.0,0.0,True,0.9999798370910267,0.19484969240870242,1.0,0.0,0.8525459175304998,0.5785623400335035,Austria_2018
2018,Israel,Bulgaria,1.0,0.0,1.0,2,3.0,0.0,0.0,False,0.999996683375422,0.09989778008780921,1.0,0.0,0.8525668916299964,-0.3700861583589296,Bulgaria_2018
2018,Israel,Cyprus,0.0,2.0,2.0,2,3.0,0.0,0.0,True,1.0000000000000002,0.14675827508765815,1.0,0.0,0.852571020921196,0.09808912246425751,Cyprus_2018
2018,Israel,Czech Republic,0.0,12.0,12.0,2,2.0,1.0,0.0,False,0.9999873670879447,0.24474626117062412,1.0,0.0,0.8525552925891692,1.077070520373926,Czech Republic_2018
2018,Israel,Denmark,2.0,4.0,6.0,2,8.0,0.0,0.0,True,0.9999911798603621,0.17568769589600558,1.0,0.0,0.8525600395984303,0.38711807341844334,Denmark_2018
2018,Israel,Estonia,0.0,8.0,8.0,2,8.0,0.0,0.0,True,-0.6496029262065522,0.08109951965777336,0.0,0.0,-1.2012311761902308,-0.557896399284635,Estonia_2018
2018,Israel,Finland,6.0,0.0,6.0,2,8.0,0.0,0.0,True,0.9999937783030999,0.14539901955048093,1.0,0.0,0.8525632747329704,0.0845090302601425,Finland_2018
2018,Israel,France,0.0,6.0,6.0,2,7.0,0.0,0.0,True,-0.6458920802886519,0.11051737940369293,0.0,0.0,-1.1966110682974471,-0.2639875375065547,France_2018
2018,Israel,Germany,5.0,3.0,8.0,2,7.0,0.0,0.0,True,0.9999809351587448,0.13196557727716612,1.0,0.0,0.8525472846557978,-0.04970221972241755,Germany_2018
2018,Israel,Hungary,3.0,0.0,3.0,2,5.0,0.0,0.0,True,-0.5091867544442269,0.0,0.0,0.0,-1.0264090796153795,-1.3681479851999356,Hungary_2018
2018,Israel,Ireland,0.0,0.0,0.0,2,9.0,0.0,0.0,True,0.9999968071185369,0.1906816953150599,1.0,0.0,0.8525670456936666,0.5369205859335393,Ireland_2018
2018,Israel,Italy,0.0,5.0,5.0,2,1.0,0.0,0.0,True,-0.6580687407454112,0.07527728945691295,0.0,0.0,-1.211771354207634,-0.6160653166064398,Italy_2018
2018,Israel,Lithuania,0.0,0.0,0.0,2,9.0,0.0,0.0,True,0.9999968071185369,0.1770542377839761,1.0,0.0,0.8525670456936666,0.40077096232111736,Lithuania_2018
2018,Israel,Moldova,0.0,10.0,10.0,2,2.0,1.0,0.0,True,0.9999968071185369,0.15492807611596499,1.0,0.0,0.8525670456936666,0.17971222291826347,Moldova_2018
2018,Israel,Netherlands,0.0,0.0,0.0,2,7.0,0.0,0.0,False,1.0000000000000002,0.12786861566316626,1.0,0.0,0.852571020921196,-0.09063427035829721,Netherlands_2018
2018,Israel,Norway,0.0,0.0,0.0,2,8.0,0.0,0.0,True,0.9999911798603621,0.18932029408699985,1.0,0.0,0.8525600395984303,0.5233190564946782,Norway_2018
2018,Israel,Portugal,0.0,0.0,0.0,2,1.0,0.0,0.0,False,-0.7659714199935372,0.014753558704404755,0.0,0.0,-1.3461132350283898,-1.2207476752032458,Portugal_2018
2018,Israel,Serbia,0.0,0.0,0.0,2,6.0,0.0,0.0,True,-0.7743307672082123,0.0,0.0,0.0,-1.3565208582225348,-1.3681479851999356,Serbia_2018
2018,Israel,Slovenia,4.0,0.0,4.0,2,6.0,0.0,0.0,True,-0.5995318969594324,0.034131262439466376,0.0,0.0,-1.1388913317066567,-1.027148314208441,Slovenia_2018
2018,Israel,Spain,0.0,0.0,0.0,2,5.0,0.0,1.0,True,-0.4369010658772141,0.09748866487316565,0.0,0.0,-0.9364113573513646,-0.3941552210556595,Spain_2018
2018,Israel,Sweden,10.0,0.0,10.0,2,8.0,0.0,0.0,True,0.9999917470407743,0.23509817924888507,1.0,0.0,0.85256074575405,0.9806781655101999,Sweden_2018
2018,Israel,Ukraine,0.0,7.0,7.0,2,9.0,0.0,0.0,True,0.9999739230521546,0.14037950093996565,1.0,0.0,0.8525385543852019,0.03435986868848648,Ukraine_2018
2018,Israel,United Kingdom,8.0,0.0,8.0,2,8.0,0.0,0.0,True,0.9999911377388232,0.17743257049040673,1.0,0.0,0.8525599871559256,0.4045508204100753,United Kingdom_2018
2018,Italy,Albania,0.0,12.0,12.0,1,3.0,0.0,0.0,True,0.3921769695690489,0.04690553160209733,0.0,0.0,0.09581419446191537,-0.8995227512999612,Albania_2018
2018,Italy,Australia,0.0,0.0,0.0,1,8.0,0.0,0.0,False,-0.6580399147540436,0.002688846696026494,0.0,0.0,-1.2117354650348735,-1.3412841725789475,Australia_2018
2018,Italy,Austria,7.0,0.0,7.0,1,7.0,0.0,0.0,True,-0.6575930270485942,0.01076493299126937,0.0,0.0,-1.211179077229825,-1.2605973601746008,Austria_2018
2018,Italy,Bulgaria,0.0,0.0,0.0,1,3.0,0.0,0.0,False,-0.6577300452967416,0.00793745828892897,0.0,0.0,-1.2113496688156051,-1.2888461817628691,Bulgaria_2018
2018,Italy,Cyprus,3.0,5.0,8.0,1,3.0,0.0,0.0,True,-0.6580687407454112,0.0029257175846123776,0.0,0.0,-1.211771354207634,-1.3389176355890395,Cyprus_2018
2018,Italy,Czech Republic,0.0,0.0,0.0,1,2.0,0.0,0.0,False,-0.6577291303665418,0.022299874657503858,0.0,0.0,-1.2113485297016857,-1.14535370869619,Czech Republic_2018
2018,Italy,Denmark,8.0,4.0,12.0,1,8.0,0.0,0.0,True,-0.6580399147540436,0.0092904492444668,0.0,0.0,-1.2117354650348735,-1.2753286779344912,Denmark_2018
2018,Italy,Estonia,4.0,6.0,10.0,1,8.0,0.0,0.0,True,0.7689877718141366,0.6564327649815471,1.0,1.0,0.5649542773580695,5.190160758396726,Estonia_2018
2018,Italy,Finland,0.0,0.0,0.0,1,8.0,0.0,0.0,True,-0.6577260248790848,0.011766510225720618,0.0,0.0,-1.211344663282161,-1.2505907714049596,Finland_2018
2018,Italy,France,0.0,0.0,0.0,1,7.0,0.0,0.0,True,0.5627522247991686,0.33966479239286007,0.0,0.0,0.3081852010835395,2.025385513854853,France_2018
2018,Italy,Germany,10.0,3.0,13.0,1,7.0,0.0,0.0,True,-0.6575080763343137,0.0015494141103699177,0.0,0.0,-1.2110733111931236,-1.3526680508493452,Germany_2018
2018,Italy,Hungary,0.0,2.0,2.0,1,5.0,0.0,0.0,True,-0.09066784863003603,0.11861391424644295,0.0,0.0,-0.5053412307176456,-0.18309642712218013,Hungary_2018
2018,Italy,Ireland,5.0,0.0,5.0,1,9.0,0.0,0.0,True,-0.6578333888082989,0.010760271772349849,0.0,0.0,-1.211478334403985,-1.260643929624553,Ireland_2018
2018,Italy,Israel,2.0,7.0,9.0,1,2.0,0.0,0.0,True,-0.6580687407454112,0.07527728945691295,0.0,0.0,-1.211771354207634,-0.6160653166064398,Israel_2018
2018,Italy,Lithuania,0.0,0.0,0.0,1,9.0,0.0,0.0,True,-0.6578333888082989,0.012021265179320475,0.0,0.0,-1.211478334403985,-1.2480455577459255,Lithuania_2018
2018,Italy,Moldova,0.0,10.0,10.0,1,2.0,0.0,0.0,True,-0.6578333888082989,0.01507595617383257,0.0,0.0,-1.211478334403985,-1.2175266566078053,Moldova_2018
2018,Italy,Netherlands,0.0,0.0,0.0,1,7.0,0.0,0.0,False,-0.6580687407454112,0.013399035579532611,0.0,0.0,-1.211771354207634,-1.2342804866763333,Netherlands_2018
2018,Italy,Norway,12.0,0.0,12.0,1,8.0,0.0,0.0,True,-0.6580399147540436,0.032305521126144536,0.0,0.0,-1.2117354650348735,-1.0453889869131938,Norway_2018
2018,Italy,Portugal,0.0,0.0,0.0,1,1.0,1.0,0.0,False,0.5848828930676703,0.02801780250196314,0.0,0.0,0.3357385076346589,-1.088226858578301,Portugal_2018
2018,Italy,Serbia,0.0,1.0,1.0,1,6.0,0.0,0.0,True,0.622228742607441,0.042961169931080546,0.0,0.0,0.38223514426112054,-0.9389302017121358,Serbia_2018
2018,Italy,Slovenia,0.0,0.0,0.0,1,6.0,0.0,0.0,True,0.27843283338781105,0.049261526258327006,0.0,0.0,-0.04580046509423332,-0.875984407118966,Slovenia_2018
2018,Italy,Spain,0.0,0.0,0.0,1,5.0,0.0,0.0,True,-0.027671992005866872,0.20583684474467884,0.0,0.0,-0.42690961139386,0.6883331209516197,Spain_2018
2018,Italy,Sweden,1.0,0.0,1.0,1,8.0,0.0,0.0,True,-0.657601803010584,0.018529642988524966,0.0,0.0,-1.2111900035501715,-1.183021455705656,Sweden_2018
2018,Italy,Ukraine,0.0,8.0,8.0,1,9.0,0.0,0.0,True,-0.6573129200960551,0.0,0.0,0.0,-1.2108303361689237,-1.3681479851999356,Ukraine_2018
2018,Italy,United Kingdom,6.0,0.0,6.0,1,8.0,0.0,0.0,True,-0.6579866933383364,0.011401194523483031,0.0,0.0,-1.211669202870339,-1.2542405788063697,United Kingdom_2018
2018,Lithuania,Albania,0.0,0.0,0.0,9,3.0,0.0,0.0,True,-0.6098872295631662,0.03644357315408153,0.0,0.0,-1.1517840130395371,-1.0040464089005927,Albania_2018
2018,Lithuania,Australia,0.0,0.0,0.0,9,8.0,0.0,0.0,False,0.9999880122502228,0.2256914209744354,1.0,0.0,0.8525560958344127,0.8866968343955689,Australia_2018
2018,Lithuania,Austria,12.0,3.0,15.0,9,7.0,0.0,0.0,True,0.9999827901312731,0.25527109176308904,1.0,0.0,0.8525495941489452,1.1822223229372497,Austria_2018
2018,Lithuania,Bulgaria,0.0,0.0,0.0,9,3.0,0.0,0.0,False,0.9999994532484289,0.24425503104551755,1.0,0.0,0.8525703402000595,1.0721627232674011,Bulgaria_2018
2018,Lithuania,Cyprus,1.0,6.0,7.0,9,3.0,0.0,0.0,True,0.9999968071185369,0.2544692469047531,1.0,0.0,0.8525670456936666,1.1742112265600289,Cyprus_2018
2018,Lithuania,Czech Republic,0.0,8.0,8.0,9,2.0,0.0,0.0,False,0.9999902854838446,0.23150606073981225,1.0,0.0,0.8525589260744255,0.9447899169600992,Czech Republic_2018
2018,Lithuania,Denmark,0.0,10.0,10.0,9,8.0,0.0,0.0,True,0.9999880122502228,0.19821848937193848,1.0,0.0,0.8525560958344127,0.6122194207857325,Denmark_2018
2018,Lithuania,Estonia,0.0,12.0,12.0,9,8.0,0.0,1.0,True,-0.6493594876122256,0.002099310518830449,0.0,0.0,-1.2009280882701339,-1.3471741288270638,Estonia_2018
2018,Lithuania,Finland,0.0,0.0,0.0,9,8.0,0.0,0.0,True,0.9999905827994071,0.20207572287768924,1.0,0.0,0.8525592962406916,0.6507563884332422,Finland_2018
2018,Lithuania,France,10.0,5.0,15.0,9,7.0,0.0,0.0,True,-0.6457355960132163,0.025773055381267312,0.0,0.0,-1.1964162409583359,-1.1106537474451856,France_2018
2018,Lithuania,Germany,5.0,2.0,7.0,9,7.0,0.0,0.0,True,0.9999838871257851,0.28978949689116085,1.0,0.0,0.8525509599380714,1.527089871059728,Germany_2018
2018,Lithuania,Hungary,2.0,0.0,2.0,9,5.0,0.0,0.0,True,-0.5095617629325183,0.0,0.0,0.0,-1.0268759757665396,-1.3681479851999356,Hungary_2018
2018,Lithuania,Ireland,4.0,0.0,4.0,9,9.0,1.0,1.0,True,1.0000000000000004,0.23463233853834256,1.0,0.0,0.8525710209211962,0.9760240297509039,Ireland_2018
2018,Lithuania,Israel,6.0,1.0,7.0,9,2.0,0.0,0.0,True,0.9999968071185369,0.1770542377839761,1.0,0.0,0.8525670456936666,0.40077096232111736,Israel_2018
2018,Lithuania,Italy,0.0,7.0,7.0,9,1.0,0.0,0.0,True,-0.6578333888082989,0.012021265179320475,0.0,0.0,-1.211478334403985,-1.2480455577459255,Italy_2018
2018,Lithuania,Moldova,0.0,0.0,0.0,9,2.0,0.0,0.0,True,1.0000000000000004,0.29250050076577827,1.0,0.0,0.8525710209211962,1.5541750523049507,Moldova_2018
2018,Lithuania,Netherlands,3.0,0.0,3.0,9,7.0,0.0,0.0,False,0.9999968071185369,0.19273412727261585,1.0,0.0,0.8525670456936666,0.5574260865284932,Netherlands_2018
2018,Lithuania,Norway,0.0,0.0,0.0,9,8.0,0.0,0.0,True,0.9999880122502228,0.27062288478294105,1.0,0.0,0.8525560958344127,1.3355994908103552,Norway_2018
2018,Lithuania,Portugal,7.0,0.0,7.0,9,1.0,0.0,0.0,False,-0.7663851460197633,0.021080868831454894,0.0,0.0,-1.3466283356069388,-1.1575325897544761,Portugal_2018
2018,Lithuania,Serbia,0.0,0.0,0.0,9,6.0,0.0,0.0,True,-0.7742062814832827,0.0,0.0,0.0,-1.3563658699818453,-1.3681479851999356,Serbia_2018
2018,Lithuania,Slovenia,0.0,0.0,0.0,9,6.0,0.0,0.0,True,-0.5995065478480085,0.022535927262786536,0.0,0.0,-1.1388597713475483,-1.142995347036382,Slovenia_2018
2018,Lithuania,Spain,0.0,0.0,0.0,9,5.0,0.0,0.0,True,-0.43703166881705113,0.04214852722660042,0.0,0.0,-0.9365739616972502,-0.9470491775441264,Spain_2018
2018,Lithuania,Sweden,8.0,4.0,12.0,9,8.0,0.0,0.0,True,0.9999949647391333,0.2083890101609575,1.0,0.0,0.8525647518793149,0.7138313740212329,Sweden_2018
2018,Lithuania,Ukraine,0.0,0.0,0.0,9,9.0,1.0,0.0,True,0.9999768847136057,0.2210425862270066,1.0,0.0,0.8525422417372907,0.8402511126125385,Ukraine_2018
2018,Lithuania,United Kingdom,0.0,0.0,0.0,9,8.0,0.0,0.0,True,0.9999879751366342,0.210273179545455,1.0,0.0,0.8525560496269474,0.7326557917041533,United Kingdom_2018
2018,Moldova,Albania,0.0,0.0,0.0,2,3.0,0.0,0.0,True,-0.6098872295631662,0.07104538216979525,0.0,0.0,-1.1517840130395371,-0.6583455866413681,Albania_2018
2018,Moldova,Australia,7.0,0.0,7.0,2,8.0,0.0,0.0,False,0.9999880122502228,0.24467418291795368,1.0,0.0,0.8525560958344127,1.0763503987408671,Australia_2018
2018,Moldova,Austria,3.0,0.0,3.0,2,7.0,0.0,0.0,True,0.9999827901312731,0.23310933496580452,1.0,0.0,0.8525495941489452,0.9608079586174254,Austria_2018
2018,Moldova,Bulgaria,8.0,3.0,11.0,2,3.0,0.0,0.0,False,0.9999994532484289,0.22673495354263634,1.0,0.0,0.8525703402000595,0.8971225918095099,Bulgaria_2018
2018,Moldova,Cyprus,6.0,7.0,13.0,2,3.0,0.0,0.0,True,0.9999968071185369,0.26087111242538696,1.0,0.0,0.8525670456936666,1.238171182337805,Cyprus_2018
2018,Moldova,Czech Republic,0.0,6.0,6.0,2,2.0,1.0,0.0,False,0.9999902854838446,0.20669462359932092,1.0,0.0,0.8525589260744255,0.6969030444267674,Czech Republic_2018
2018,Moldova,Denmark,0.0,0.0,0.0,2,8.0,0.0,0.0,True,0.9999880122502228,0.14703058699412358,1.0,0.0,0.8525560958344127,0.10080974467026195,Denmark_2018
2018,Moldova,Estonia,12.0,1.0,13.0,2,8.0,0.0,0.0,True,-0.6493594876122256,0.006276700647292192,0.0,0.0,-1.2009280882701339,-1.3054385305047052,Estonia_2018
2018,Moldova,Finland,0.0,0.0,0.0,2,8.0,0.0,0.0,True,0.9999905827994071,0.20250651410725612,1.0,0.0,0.8525592962406916,0.6550603507554348,Finland_2018
2018,Moldova,France,0.0,0.0,0.0,2,7.0,0.0,0.0,True,-0.6457355960132163,0.015071291354456786,0.0,0.0,-1.1964162409583359,-1.2175732620293072,France_2018
2018,Moldova,Germany,4.0,4.0,8.0,2,7.0,0.0,0.0,True,0.9999838871257851,0.23857385423441888,1.0,0.0,0.8525509599380714,1.0154030465087396,Germany_2018
2018,Moldova,Hungary,0.0,2.0,2.0,2,5.0,0.0,0.0,True,-0.5095617629325183,0.0,0.0,0.0,-1.0268759757665396,-1.3681479851999356,Hungary_2018
2018,Moldova,Ireland,0.0,0.0,0.0,2,9.0,0.0,0.0,True,1.0000000000000004,0.2778254503749654,1.0,0.0,0.8525710209211962,1.4075591055925787,Ireland_2018
2018,Moldova,Israel,10.0,12.0,22.0,2,2.0,1.0,0.0,True,0.9999968071185369,0.15492807611596499,1.0,0.0,0.8525670456936666,0.17971222291826347,Israel_2018
2018,Moldova,Italy,0.0,8.0,8.0,2,1.0,0.0,0.0,True,-0.6578333888082989,0.01507595617383257,0.0,0.0,-1.211478334403985,-1.2175266566078053,Italy_2018
2018,Moldova,Lithuania,0.0,0.0,0.0,2,9.0,0.0,0.0,True,1.0000000000000004,0.29250050076577827,1.0,0.0,0.8525710209211962,1.5541750523049507,Lithuania_2018
2018,Moldova,Netherlands,1.0,0.0,1.0,2,7.0,0.0,0.0,False,0.9999968071185369,0.23221018819850683,1.0,0.0,0.8525670456936666,0.9518247353227886,Netherlands_2018
2018,Moldova,Norway,2.0,5.0,7.0,2,8.0,0.0,0.0,True,0.9999880122502228,0.22055267748123886,1.0,0.0,0.8525560958344127,0.8353565171835255,Norway_2018
2018,Moldova,Portugal,0.0,0.0,0.0,2,1.0,0.0,0.0,False,-0.7663851460197633,0.04444519379705949,0.0,0.0,-1.3466283356069388,-0.9241035702349129,Portugal_2018
2018,Moldova,Serbia,0.0,0.0,0.0,2,6.0,0.0,0.0,True,-0.7742062814832827,0.0,0.0,0.0,-1.3563658699818453,-1.3681479851999356,Serbia_2018
2018,Moldova,Slovenia,0.0,0.0,0.0,2,6.0,0.0,0.0,True,-0.5995065478480085,0.0556590044345515,0.0,0.0,-1.1388597713475483,-0.8120682845572267,Slovenia_2018
2018,Moldova,Spain,0.0,0.0,0.0,2,5.0,0.0,0.0,True,-0.43703166881705113,0.02747389096221898,0.0,0.0,-0.9365739616972502,-1.0936609867893565,Spain_2018
2018,Moldova,Sweden,0.0,0.0,0.0,2,8.0,0.0,0.0,True,0.9999949647391333,0.14674186239631548,1.0,0.0,0.8525647518793149,0.09792514604065285,Sweden_2018
2018,Moldova,Ukraine,5.0,10.0,15.0,2,9.0,0.0,1.0,True,0.9999768847136057,0.21720949478262275,1.0,0.0,0.8525422417372907,0.8019553442174086,Ukraine_2018
2018,Moldova,United Kingdom,0.0,0.0,0.0,2,8.0,0.0,0.0,True,0.9999879751366342,0.19400279818332813,1.0,0.0,0.8525560496269474,0.5701011630486377,United Kingdom_2018
2018,Netherlands,Albania,0.0,0.0,0.0,7,3.0,0.0,0.0,False,-0.6101139938397765,0.01419005110017994,0.0,0.0,-1.1520663409635057,-1.2263775843805773,Albania_2018
2018,Netherlands,Australia,0.0,0.0,0.0,7,8.0,0.0,0.0,False,0.9999911798603621,0.1711203083084615,1.0,0.0,0.8525600395984303,0.3414860764360453,Australia_2018
2018,Netherlands,Austria,10.0,3.0,13.0,7,7.0,1.0,0.0,False,0.9999798370910267,0.22493486298128104,1.0,0.0,0.8525459175304998,0.8791381914297784,Austria_2018
2018,Netherlands,Bulgaria,0.0,0.0,0.0,7,3.0,0.0,0.0,False,0.999996683375422,0.16711770869128142,1.0,0.0,0.8525668916299964,0.3014967805525488,Bulgaria_2018
2018,Netherlands,Cyprus,6.0,5.0,11.0,7,3.0,0.0,0.0,False,1.0000000000000002,0.2768053429798038,1.0,0.0,0.852571020921196,1.3973673851209716,Cyprus_2018
2018,Netherlands,Czech Republic,0.0,6.0,6.0,7,2.0,0.0,0.0,False,0.9999873670879447,0.253908966117102,1.0,0.0,0.8525552925891692,1.1686135559613886,Czech Republic_2018
2018,Netherlands,Denmark,0.0,8.0,8.0,7,8.0,0.0,0.0,False,0.9999911798603621,0.19627917682785487,1.0,0.0,0.8525600395984303,0.5928440771208139,Denmark_2018
2018,Netherlands,Estonia,4.0,0.0,4.0,7,8.0,0.0,0.0,False,-0.6496029262065522,0.0,0.0,0.0,-1.2012311761902308,-1.3681479851999356,Estonia_2018
2018,Netherlands,Finland,0.0,0.0,0.0,7,8.0,0.0,0.0,False,0.9999937783030999,0.19094155446636316,1.0,0.0,0.8525632747329704,0.5395167947686416,Finland_2018
2018,Netherlands,France,0.0,0.0,0.0,7,7.0,1.0,0.0,False,-0.6458920802886519,0.03873714288370245,0.0,0.0,-1.1966110682974471,-0.9811317416044769,France_2018
2018,Netherlands,Germany,12.0,12.0,24.0,7,7.0,1.0,0.0,False,0.9999809351587448,0.15506941534686594,1.0,0.0,0.8525472846557978,0.1811243192718893,Germany_2018
2018,Netherlands,Hungary,0.0,2.0,2.0,7,5.0,0.0,0.0,False,-0.5091867544442269,0.0,0.0,0.0,-1.0264090796153795,-1.3681479851999356,Hungary_2018
2018,Netherlands,Ireland,0.0,4.0,4.0,7,9.0,0.0,0.0,False,0.9999968071185369,0.17160994736682333,1.0,0.0,0.8525670456936666,0.34637797746379345,Ireland_2018
2018,Netherlands,Israel,5.0,10.0,15.0,7,2.0,0.0,0.0,False,1.0000000000000002,0.12786861566316626,1.0,0.0,0.852571020921196,-0.09063427035829721,Israel_2018
2018,Netherlands,Italy,0.0,7.0,7.0,7,1.0,0.0,0.0,False,-0.6580687407454112,0.013399035579532611,0.0,0.0,-1.211771354207634,-1.2342804866763333,Italy_2018
2018,Netherlands,Lithuania,7.0,0.0,7.0,7,9.0,0.0,0.0,False,0.9999968071185369,0.19273412727261585,1.0,0.0,0.8525670456936666,0.5574260865284932,Lithuania_2018
2018,Netherlands,Moldova,0.0,0.0,0.0,7,2.0,0.0,0.0,False,0.9999968071185369,0.23221018819850683,1.0,0.0,0.8525670456936666,0.9518247353227886,Moldova_2018
2018,Netherlands,Norway,3.0,1.0,4.0,7,8.0,0.0,0.0,False,0.9999911798603621,0.24455019706211736,1.0,0.0,0.8525600395984303,1.0751116770228304,Norway_2018
2018,Netherlands,Portugal,2.0,0.0,2.0,7,1.0,0.0,0.0,False,-0.7659714199935372,0.003407329687861458,0.0,0.0,-1.3461132350283898,-1.3341059305123601,Portugal_2018
2018,Netherlands,Serbia,0.0,0.0,0.0,7,6.0,0.0,0.0,False,-0.7743307672082123,0.0,0.0,0.0,-1.3565208582225348,-1.3681479851999356,Serbia_2018
2018,Netherlands,Slovenia,1.0,0.0,1.0,7,6.0,0.0,0.0,False,-0.5995318969594324,0.028931556891301755,0.0,0.0,-1.1388913317066567,-1.0790976930021927,Slovenia_2018
2018,Netherlands,Spain,0.0,0.0,0.0,7,5.0,0.0,0.0,False,-0.4369010658772141,0.019314899193913326,0.0,0.0,-0.9364113573513646,-1.1751760937546774,Spain_2018
2018,Netherlands,Sweden,8.0,0.0,8.0,7,8.0,0.0,0.0,False,0.9999917470407743,0.1901401026198212,1.0,0.0,0.85256074575405,0.5315096249057912,Sweden_2018
2018,Netherlands,Ukraine,0.0,0.0,0.0,7,9.0,0.0,0.0,False,0.9999739230521546,0.2671450243192138,1.0,0.0,0.8525385543852019,1.3008527750687775,Ukraine_2018
2018,Netherlands,United Kingdom,0.0,0.0,0.0,7,8.0,0.0,0.0,False,0.9999911377388232,0.13725144469533027,1.0,0.0,0.8525599871559256,0.003107987743404343,United Kingdom_2018
2018,Norway,Albania,0.0,0.0,0.0,8,3.0,0.0,0.0,True,-0.6102788632425996,0.02071340966938007,0.0,0.0,-1.1522716080228539,-1.1612038121006334,Albania_2018
2018,Norway,Australia,6.0,0.0,6.0,8,8.0,1.0,0.0,False,1.0000000000000004,0.17437003538020407,1.0,0.0,0.8525710209211962,0.37395355003863295,Australia_2018
2018,Norway,Austria,8.0,8.0,16.0,8,7.0,0.0,0.0,True,0.9999837385700803,0.16487986743993246,1.0,0.0,0.8525507749820265,0.27913888705843637,Austria_2018
2018,Norway,Bulgaria,0.0,0.0,0.0,8,3.0,0.0,0.0,False,0.999990086755792,0.15965128961136815,1.0,0.0,0.8525586786523919,0.22690105019389026,Bulgaria_2018
2018,Norway,Cyprus,5.0,2.0,7.0,8,3.0,0.0,0.0,True,0.9999911798603621,0.10821344730518608,1.0,0.0,0.8525600395984303,-0.2870057334777982,Cyprus_2018
2018,Norway,Czech Republic,0.0,4.0,4.0,8,2.0,0.0,0.0,False,0.9999913989306233,0.15314606275245868,1.0,0.0,0.8525603123470881,0.16190842876515163,Czech Republic_2018
2018,Norway,Denmark,0.0,10.0,10.0,8,8.0,1.0,1.0,True,1.0000000000000004,0.11008402219875897,1.0,0.0,0.8525710209211962,-0.26831713605469976,Denmark_2018
2018,Norway,Estonia,0.0,0.0,0.0,8,8.0,1.0,0.0,True,-0.6500856093484416,0.0019819501960276114,0.0,0.0,-1.201832130323842,-1.348346655965027,Estonia_2018
2018,Norway,Finland,0.0,0.0,0.0,8,8.0,1.0,1.0,True,0.9999896008052058,0.17666017679642645,1.0,0.0,0.8525580736301979,0.39683396563535644,Finland_2018
2018,Norway,France,7.0,1.0,8.0,8,7.0,0.0,0.0,True,-0.6453935061224255,0.03306406653822352,0.0,0.0,-1.1959903293900707,-1.0378104879810257,France_2018
2018,Norway,Germany,12.0,6.0,18.0,8,7.0,0.0,0.0,True,0.9999848406891555,0.15613059501443816,1.0,0.0,0.8525521471513783,0.19172638587129417,Germany_2018
2018,Norway,Hungary,0.0,0.0,0.0,8,5.0,0.0,1.0,True,-0.5094287003426304,0.0,0.0,0.0,-1.0267103090869263,-1.3681479851999356,Hungary_2018
2018,Norway,Ireland,1.0,0.0,1.0,8,9.0,0.0,0.0,True,0.9999880122502228,0.13985640303991143,1.0,0.0,0.8525560958344127,0.029133686031715646,Ireland_2018
2018,Norway,Israel,0.0,7.0,7.0,8,2.0,0.0,0.0,True,0.9999911798603621,0.18932029408699985,1.0,0.0,0.8525600395984303,0.5233190564946782,Israel_2018
2018,Norway,Italy,0.0,0.0,0.0,8,1.0,0.0,0.0,True,-0.6580399147540436,0.032305521126144536,0.0,0.0,-1.2117354650348735,-1.0453889869131938,Italy_2018
2018,Norway,Lithuania,3.0,12.0,15.0,8,9.0,0.0,0.0,True,0.9999880122502228,0.27062288478294105,1.0,0.0,0.8525560958344127,1.3355994908103552,Lithuania_2018
2018,Norway,Moldova,0.0,0.0,0.0,8,2.0,0.0,0.0,True,0.9999880122502228,0.22055267748123886,1.0,0.0,0.8525560958344127,0.8353565171835255,Moldova_2018
2018,Norway,Netherlands,4.0,5.0,9.0,8,7.0,0.0,0.0,False,0.9999911798603621,0.24455019706211736,1.0,0.0,0.8525600395984303,1.0751116770228304,Netherlands_2018
2018,Norway,Portugal,0.0,0.0,0.0,8,1.0,0.0,0.0,False,-0.7661297263099861,0.016225233464324345,0.0,0.0,-1.346310330859983,-1.2060444215562671,Portugal_2018
2018,Norway,Serbia,0.0,0.0,0.0,8,6.0,0.0,0.0,True,-0.7740950084323623,0.030360233758635176,0.0,0.0,-1.356227331893176,-1.0648240240285387,Serbia_2018
2018,Norway,Slovenia,0.0,0.0,0.0,8,6.0,0.0,0.0,True,-0.5997124719613666,0.07038070134190534,0.0,0.0,-1.139116152680131,-0.6649863003866273,Slovenia_2018
2018,Norway,Spain,2.0,0.0,2.0,8,5.0,0.0,0.0,True,-0.4362871389434431,0.0017938000107515185,0.0,0.0,-0.9356470009929868,-1.3502264326474724,Spain_2018
2018,Norway,Sweden,10.0,3.0,13.0,8,8.0,1.0,1.0,True,0.9999828624938224,0.18712716052779368,1.0,0.0,0.8525496842423612,0.5014078299921111,Sweden_2018
2018,Norway,Ukraine,0.0,0.0,0.0,8,9.0,0.0,0.0,True,0.9999777920297557,0.2082881743717951,1.0,0.0,0.852543371371503,0.712823940704357,Ukraine_2018
2018,Norway,United Kingdom,0.0,0.0,0.0,8,8.0,1.0,1.0,True,0.9999999400940912,0.18043815837145122,1.0,0.0,0.8525709463366484,0.4345791406455169,United Kingdom_2018
2018,Portugal,Albania,10.0,0.0,10.0,1,3.0,0.0,0.0,False,0.36390262732365714,0.19289635317944911,0.0,0.0,0.060611840426932954,0.5590468581291497,Albania_2018
2018,Portugal,Australia,0.0,0.0,0.0,1,8.0,0.0,0.0,False,-0.7661297263099861,0.02232423897836188,0.0,0.0,-1.346310330859983,-1.1451102888868214,Australia_2018
2018,Portugal,Austria,8.0,0.0,8.0,1,7.0,0.0,0.0,False,-0.7667973644446876,0.017662932696006654,0.0,0.0,-1.3471415591793208,-1.1916806116662026,Austria_2018
2018,Portugal,Bulgaria,7.0,0.0,7.0,1,3.0,0.0,0.0,False,-0.7664741896244388,0.008396939051458422,0.0,0.0,-1.3467391974076888,-1.2842555871686216,Bulgaria_2018
2018,Portugal,Cyprus,0.0,5.0,5.0,1,3.0,0.0,0.0,False,-0.7659714199935372,0.015517426974144651,0.0,0.0,-1.3461132350283898,-1.2131159965003522,Cyprus_2018
2018,Portugal,Czech Republic,0.0,0.0,0.0,1,2.0,0.0,0.0,False,-0.7667279473923052,0.013738956338359259,0.0,0.0,-1.3470551329900633,-1.2308843958599258,Czech Republic_2018
2018,Portugal,Denmark,0.0,2.0,2.0,1,8.0,0.0,0.0,False,-0.7661297263099861,0.0,0.0,0.0,-1.346310330859983,-1.3681479851999356,Denmark_2018
2018,Portugal,Estonia,12.0,7.0,19.0,1,8.0,0.0,0.0,False,0.5606055087719233,0.046114320854147926,0.0,0.0,0.3055124790464432,-0.9074276040786766,Estonia_2018
2018,Portugal,Finland,0.0,0.0,0.0,1,8.0,0.0,0.0,False,-0.766093783848046,0.02128771154286014,0.0,0.0,-1.3462655814805238,-1.155466059204624,Finland_2018
2018,Portugal,France,5.0,0.0,5.0,1,7.0,0.0,0.0,False,0.6543430142079514,0.22079394575288852,0.0,0.0,0.4222183187111292,0.8377669876839688,France_2018
2018,Portugal,Germany,0.0,8.0,8.0,1,7.0,0.0,0.0,False,-0.766648673214514,0.012746043205384366,0.0,0.0,-1.3469564344014908,-1.2408044230569295,Germany_2018
2018,Portugal,Hungary,0.0,0.0,0.0,1,5.0,0.0,0.0,False,0.24456677194660803,0.16410853641109338,0.0,0.0,-0.08796466733373894,0.2714326491914326,Hungary_2018
2018,Portugal,Ireland,0.0,3.0,3.0,1,9.0,0.0,0.0,False,-0.7663851460197633,0.019719039396875016,0.0,0.0,-1.3466283356069388,-1.1711383973322615,Ireland_2018
2018,Portugal,Israel,1.0,1.0,2.0,1,2.0,0.0,0.0,False,-0.7659714199935372,0.014753558704404755,0.0,0.0,-1.3461132350283898,-1.2207476752032458,Israel_2018
2018,Portugal,Italy,4.0,10.0,14.0,1,1.0,1.0,0.0,False,0.5848828930676703,0.02801780250196314,0.0,0.0,0.3357385076346589,-1.088226858578301,Italy_2018
2018,Portugal,Lithuania,6.0,0.0,6.0,1,9.0,0.0,0.0,False,-0.7663851460197633,0.021080868831454894,0.0,0.0,-1.3466283356069388,-1.1575325897544761,Lithuania_2018
2018,Portugal,Moldova,0.0,6.0,6.0,1,2.0,0.0,0.0,False,-0.7663851460197633,0.04444519379705949,0.0,0.0,-1.3466283356069388,-0.9241035702349129,Moldova_2018
2018,Portugal,Netherlands,0.0,0.0,0.0,1,7.0,0.0,0.0,False,-0.7659714199935372,0.003407329687861458,0.0,0.0,-1.3461132350283898,-1.3341059305123601,Netherlands_2018
2018,Portugal,Norway,0.0,0.0,0.0,1,8.0,0.0,0.0,False,-0.7661297263099861,0.016225233464324345,0.0,0.0,-1.346310330859983,-1.2060444215562671,Norway_2018
2018,Portugal,Serbia,0.0,0.0,0.0,1,6.0,0.0,0.0,False,0.7627244732001891,0.03801069465222234,0.0,0.0,0.557156293825104,-0.9883895630333329,Serbia_2018
2018,Portugal,Slovenia,3.0,0.0,3.0,1,6.0,0.0,0.0,False,0.3429398627379843,0.08677493884401109,0.0,0.0,0.03451260692072762,-0.5011942459822697,Slovenia_2018
2018,Portugal,Spain,2.0,12.0,14.0,1,5.0,0.0,0.0,False,0.12675633124385474,0.41757531433981765,0.0,0.0,-0.23464199077568557,2.8037763629424592,Spain_2018
2018,Portugal,Sweden,0.0,0.0,0.0,1,8.0,0.0,0.0,False,-0.766316208748804,0.00858281419975141,0.0,0.0,-1.3465425067590933,-1.282398539995936,Sweden_2018
2018,Portugal,Ukraine,0.0,4.0,4.0,1,9.0,0.0,0.0,False,-0.7665484926635019,0.004179786763246259,0.0,0.0,-1.3468317067882527,-1.3263884425047472,Ukraine_2018
2018,Portugal,United Kingdom,0.0,0.0,0.0,1,8.0,0.0,0.0,False,-0.7661038607200928,0.03179136509833474,0.0,0.0,-1.3462781274706046,-1.0505258328365576,United Kingdom_2018
2018,Serbia,Albania,1.0,0.0,1.0,6,3.0,0.0,0.0,True,0.347506944374543,0.08956780694814685,0.0,0.0,0.040198752447349315,-0.47329117306423724,Albania_2018
2018,Serbia,Australia,0.0,0.0,0.0,6,8.0,0.0,0.0,False,-0.7740950084323623,0.0,0.0,0.0,-1.356227331893176,-1.3681479851999356,Australia_2018
2018,Serbia,Austria,4.0,0.0,4.0,6,7.0,0.0,0.0,True,-0.7744150301316388,0.0,0.0,0.0,-1.3566257679402123,-1.3681479851999356,Austria_2018
2018,Serbia,Bulgaria,0.0,2.0,2.0,6,3.0,0.0,0.0,False,-0.7742422401504477,0.0,0.0,0.0,-1.356410639537267,-1.3681479851999356,Bulgaria_2018
2018,Serbia,Cyprus,0.0,10.0,10.0,6,3.0,0.0,0.0,True,-0.7743307672082123,0.0,0.0,0.0,-1.3565208582225348,-1.3681479851999356,Cyprus_2018
2018,Serbia,Czech Republic,0.0,5.0,5.0,6,2.0,0.0,0.0,False,-0.774295944885957,0.0,0.0,0.0,-1.3564775034485947,-1.3681479851999356,Czech Republic_2018
2018,Serbia,Denmark,0.0,4.0,4.0,6,8.0,0.0,0.0,True,-0.7740950084323623,0.0,0.0,0.0,-1.356227331893176,-1.3681479851999356,Denmark_2018
2018,Serbia,Estonia,3.0,0.0,3.0,6,8.0,0.0,0.0,True,0.6077731927333719,0.0,0.0,0.0,0.36423757671309875,-1.3681479851999356,Estonia_2018
2018,Serbia,Finland,0.0,0.0,0.0,6,8.0,0.0,0.0,True,-0.7744996732382876,0.0,0.0,0.0,-1.356731150996731,-1.3681479851999356,Finland_2018
2018,Serbia,France,0.0,0.0,0.0,6,7.0,0.0,0.0,True,0.6680704563355979,0.2850985068100191,0.0,0.0,0.43930937156668787,1.4802229824665876,France_2018
2018,Serbia,Germany,10.0,0.0,10.0,6,7.0,0.0,0.0,True,-0.7745408282188958,0.0,0.0,0.0,-1.3567823901090366,-1.3681479851999356,Germany_2018
2018,Serbia,Hungary,0.0,12.0,12.0,6,5.0,0.0,0.0,True,0.23763741742167097,0.0,0.0,0.0,-0.09659190927286833,-1.3681479851999356,Hungary_2018
2018,Serbia,Ireland,0.0,0.0,0.0,6,9.0,0.0,0.0,True,-0.7742062814832827,0.0,0.0,0.0,-1.3563658699818453,-1.3681479851999356,Ireland_2018
2018,Serbia,Israel,2.0,7.0,9.0,6,2.0,0.0,0.0,True,-0.7743307672082123,0.0,0.0,0.0,-1.3565208582225348,-1.3681479851999356,Israel_2018
2018,Serbia,Italy,8.0,6.0,14.0,6,1.0,0.0,0.0,True,0.622228742607441,0.042961169931080546,0.0,0.0,0.38223514426112054,-0.9389302017121358,Italy_2018
2018,Serbia,Lithuania,0.0,0.0,0.0,6,9.0,0.0,0.0,True,-0.7742062814832827,0.0,0.0,0.0,-1.3563658699818453,-1.3681479851999356,Lithuania_2018
2018,Serbia,Moldova,5.0,1.0,6.0,6,2.0,0.0,0.0,True,-0.7742062814832827,0.0,0.0,0.0,-1.3563658699818453,-1.3681479851999356,Moldova_2018
2018,Serbia,Netherlands,7.0,0.0,7.0,6,7.0,0.0,0.0,False,-0.7743307672082123,0.0,0.0,0.0,-1.3565208582225348,-1.3681479851999356,Netherlands_2018
2018,Serbia,Norway,6.0,3.0,9.0,6,8.0,0.0,0.0,True,-0.7740950084323623,0.030360233758635176,0.0,0.0,-1.356227331893176,-1.0648240240285387,Norway_2018
2018,Serbia,Portugal,0.0,0.0,0.0,6,1.0,0.0,0.0,False,0.7627244732001891,0.03801069465222234,0.0,0.0,0.557156293825104,-0.9883895630333329,Portugal_2018
2018,Serbia,Slovenia,0.0,8.0,8.0,6,6.0,1.0,1.0,True,0.3887118927742463,0.49022476702523277,0.0,0.0,0.0915000760633194,3.529604758753359,Slovenia_2018
2018,Serbia,Spain,0.0,0.0,0.0,6,5.0,0.0,0.0,True,0.1267163719770896,0.12362687102908929,0.0,0.0,-0.23469174119051173,-0.1330128236630721,Spain_2018
2018,Serbia,Sweden,12.0,0.0,12.0,6,8.0,0.0,0.0,True,-0.7744518368762277,0.0350953453038199,0.0,0.0,-1.3566715933759605,-1.0175163253496595,Sweden_2018
2018,Serbia,Ukraine,0.0,0.0,0.0,6,9.0,0.0,0.0,True,-0.7745268137706157,0.0,0.0,0.0,-1.3567649417254215,-1.3681479851999356,Ukraine_2018
2018,Serbia,United Kingdom,0.0,0.0,0.0,6,8.0,0.0,0.0,True,-0.7740541454016501,0.0,0.0,0.0,-1.3561764562667302,-1.3681479851999356,United Kingdom_2018
2018,Slovenia,Albania,4.0,1.0,5.0,6,3.0,0.0,0.0,True,0.3359961467718027,0.42160344256864773,0.0,0.0,0.025867484581949776,2.8440207108677305,Albania_2018
2018,Slovenia,Australia,0.0,0.0,0.0,6,8.0,0.0,0.0,False,-0.5997124719613666,0.046378250499189914,0.0,0.0,-1.139116152680131,-0.904790727629004,Australia_2018
2018,Slovenia,Austria,10.0,2.0,12.0,6,7.0,0.0,0.0,True,-0.5990418797440492,0.02564712163614791,0.0,0.0,-1.1382812464445684,-1.1119119301956364,Austria_2018
2018,Slovenia,Bulgaria,0.0,0.0,0.0,6,3.0,0.0,0.0,False,-0.5994742817824467,0.02348553533721379,0.0,0.0,-1.1388195991853327,-1.1335079733558784,Bulgaria_2018
2018,Slovenia,Cyprus,8.0,6.0,14.0,6,3.0,0.0,0.0,True,-0.5995318969594324,0.010406636650074765,0.0,0.0,-1.1388913317066567,-1.2641770383268962,Cyprus_2018
2018,Slovenia,Czech Republic,3.0,8.0,11.0,6,2.0,0.0,0.0,False,-0.5994102594001537,0.029364152515677533,0.0,0.0,-1.1387398895125813,-1.0747757032766112,Czech Republic_2018
2018,Slovenia,Denmark,0.0,7.0,7.0,6,8.0,0.0,0.0,True,-0.5997124719613666,0.030703742364916364,0.0,0.0,-1.139116152680131,-1.0613920876349645,Denmark_2018
2018,Slovenia,Estonia,5.0,0.0,5.0,6,8.0,0.0,0.0,True,0.2747502379853309,0.030947145090823924,0.0,0.0,-0.050385400298051684,-1.0589602921629946,Estonia_2018
2018,Slovenia,Finland,0.0,0.0,0.0,6,8.0,0.0,0.0,True,-0.5992000553106914,0.031140559644204462,0.0,0.0,-1.1384781794889622,-1.0570279200690909,Finland_2018
2018,Slovenia,France,2.0,0.0,2.0,6,7.0,0.0,0.0,True,0.2584634879222977,0.25755867716046266,0.0,0.0,-0.07066286376023392,1.2050772017819111,France_2018
2018,Slovenia,Germany,0.0,4.0,4.0,6,7.0,0.0,0.0,True,-0.5990951623688314,0.024223364090222806,0.0,0.0,-1.1383475848161284,-1.1261364510610214,Germany_2018
2018,Slovenia,Hungary,0.0,3.0,3.0,6,5.0,0.0,0.0,True,0.4357553972254941,0.059125967711828535,0.0,0.0,0.15007056673526434,-0.7774304407626169,Hungary_2018
2018,Slovenia,Ireland,0.0,0.0,0.0,6,9.0,0.0,0.0,True,-0.5995065478480085,0.037195106377982116,0.0,0.0,-1.1388597713475483,-0.9965379675546626,Ireland_2018
2018,Slovenia,Israel,1.0,0.0,1.0,6,2.0,0.0,0.0,True,-0.5995318969594324,0.034131262439466376,0.0,0.0,-1.1388913317066567,-1.027148314208441,Israel_2018
2018,Slovenia,Italy,0.0,10.0,10.0,6,1.0,0.0,0.0,True,0.27843283338781105,0.049261526258327006,0.0,0.0,-0.04580046509423332,-0.875984407118966,Italy_2018
2018,Slovenia,Lithuania,0.0,0.0,0.0,6,9.0,0.0,0.0,True,-0.5995065478480085,0.022535927262786536,0.0,0.0,-1.1388597713475483,-1.142995347036382,Lithuania_2018
2018,Slovenia,Moldova,6.0,0.0,6.0,6,2.0,0.0,0.0,True,-0.5995065478480085,0.0556590044345515,0.0,0.0,-1.1388597713475483,-0.8120682845572267,Moldova_2018
2018,Slovenia,Netherlands,7.0,0.0,7.0,6,7.0,0.0,0.0,False,-0.5995318969594324,0.028931556891301755,0.0,0.0,-1.1388913317066567,-1.0790976930021927,Netherlands_2018
2018,Slovenia,Norway,0.0,5.0,5.0,6,8.0,0.0,0.0,True,-0.5997124719613666,0.07038070134190534,0.0,0.0,-1.139116152680131,-0.6649863003866273,Norway_2018
2018,Slovenia,Portugal,0.0,0.0,0.0,6,1.0,0.0,0.0,False,0.3429398627379843,0.08677493884401109,0.0,0.0,0.03451260692072762,-0.5011942459822697,Portugal_2018
2018,Slovenia,Serbia,0.0,12.0,12.0,6,6.0,1.0,1.0,True,0.3887118927742463,0.49022476702523277,0.0,0.0,0.0915000760633194,3.529604758753359,Serbia_2018
2018,Slovenia,Spain,0.0,0.0,0.0,6,5.0,0.0,0.0,True,0.29229743676802805,0.11637787685806034,0.0,0.0,-0.02853864260835182,-0.20543629852645257,Spain_2018
2018,Slovenia,Sweden,12.0,0.0,12.0,6,8.0,0.0,0.0,True,-0.5993282609421778,0.0694167520269145,0.0,0.0,-1.138637799118296,-0.6746169549763112,Sweden_2018
2018,Slovenia,Ukraine,0.0,0.0,0.0,6,9.0,0.0,0.0,True,-0.5989846665404372,0.01675106899441196,0.0,0.0,-1.1382100143914387,-1.2007908877008016,Ukraine_2018
2018,Slovenia,United Kingdom,0.0,0.0,0.0,6,8.0,0.0,0.0,True,-0.5997390737825896,0.03194744183016171,0.0,0.0,-1.1391492726982921,-1.0489664966034835,United Kingdom_2018
2018,Spain,Albania,0.0,0.0,0.0,5,3.0,0.0,0.0,True,0.2870934847776769,0.17894335256460767,0.0,0.0,-0.03501770969877195,0.41964478862048243,Albania_2018
2018,Spain,Australia,0.0,0.0,0.0,5,8.0,0.0,0.0,False,-0.4362871389434431,0.0,0.0,0.0,-0.9356470009929868,-1.3681479851999356,Australia_2018
2018,Spain,Austria,8.0,0.0,8.0,5,7.0,0.0,0.0,True,-0.43655617888078835,0.025843316194572516,0.0,0.0,-0.9359819633076457,-1.1099517835414725,Austria_2018
2018,Spain,Bulgaria,0.0,5.0,5.0,5,3.0,0.0,0.0,False,-0.4369308779657307,0.010599256580244252,0.0,0.0,-0.9364484742429047,-1.262252605179113,Bulgaria_2018
2018,Spain,Cyprus,12.0,8.0,20.0,5,3.0,0.0,0.0,True,-0.4369010658772141,0.025775171468005696,0.0,0.0,-0.9364113573513646,-1.1106326059804403,Cyprus_2018
2018,Spain,Czech Republic,4.0,10.0,14.0,5,2.0,0.0,0.0,False,-0.4364695098462046,0.043193127757838026,0.0,0.0,-0.9358740579136737,-0.9366127502920927,Czech Republic_2018
2018,Spain,Denmark,0.0,0.0,0.0,5,8.0,0.0,0.0,True,-0.4362871389434431,0.0,0.0,0.0,-0.9356470009929868,-1.3681479851999356,Denmark_2018
2018,Spain,Estonia,1.0,2.0,3.0,5,8.0,0.0,0.0,True,-0.043717119782986764,0.19117022220890878,0.0,0.0,-0.4468862482911785,0.5418013755137201,Estonia_2018
2018,Spain,Finland,0.0,0.0,0.0,5,8.0,0.0,0.0,True,-0.4370685617589739,0.02501792467814626,0.0,0.0,-0.9366198944511118,-1.1181981305976267,Finland_2018
2018,Spain,France,6.0,4.0,10.0,5,7.0,0.0,0.0,True,0.0628365753609865,0.3548307346017545,0.0,0.0,-0.314223890750215,2.1769058777054755,France_2018
2018,Spain,Germany,7.0,6.0,13.0,5,7.0,0.0,0.0,True,-0.43642536966343715,0.012127418334733351,0.0,0.0,-0.9358191021404338,-1.2469849995220772,Germany_2018
2018,Spain,Hungary,0.0,0.0,0.0,5,5.0,1.0,0.0,True,0.5079371504114191,0.36710455290765526,0.0,0.0,0.23993888651663026,2.2995315207371245,Hungary_2018
2018,Spain,Ireland,5.0,1.0,6.0,5,9.0,0.0,0.0,True,-0.43703166881705113,0.007249232410172442,0.0,0.0,-0.9365739616972502,-1.2957221301295618,Ireland_2018
2018,Spain,Israel,10.0,12.0,22.0,5,2.0,0.0,1.0,True,-0.4369010658772141,0.09748866487316565,0.0,0.0,-0.9364113573513646,-0.3941552210556595,Israel_2018
2018,Spain,Italy,3.0,7.0,10.0,5,1.0,0.0,0.0,True,-0.027671992005866872,0.20583684474467884,0.0,0.0,-0.42690961139386,0.6883331209516197,Italy_2018
2018,Spain,Lithuania,0.0,0.0,0.0,5,9.0,0.0,0.0,True,-0.43703166881705113,0.04214852722660042,0.0,0.0,-0.9365739616972502,-0.9470491775441264,Lithuania_2018
2018,Spain,Moldova,0.0,0.0,0.0,5,2.0,0.0,0.0,True,-0.43703166881705113,0.02747389096221898,0.0,0.0,-0.9365739616972502,-1.0936609867893565,Moldova_2018
2018,Spain,Netherlands,0.0,0.0,0.0,5,7.0,0.0,0.0,False,-0.4369010658772141,0.019314899193913326,0.0,0.0,-0.9364113573513646,-1.1751760937546774,Netherlands_2018
2018,Spain,Norway,0.0,3.0,3.0,5,8.0,0.0,0.0,True,-0.4362871389434431,0.0017938000107515185,0.0,0.0,-0.9356470009929868,-1.3502264326474724,Norway_2018
2018,Spain,Portugal,0.0,0.0,0.0,5,1.0,0.0,0.0,False,0.12675633124385474,0.41757531433981765,0.0,0.0,-0.23464199077568557,2.8037763629424592,Portugal_2018
2018,Spain,Serbia,0.0,0.0,0.0,5,6.0,0.0,0.0,True,0.1267163719770896,0.12362687102908929,0.0,0.0,-0.23469174119051173,-0.1330128236630721,Serbia_2018
2018,Spain,Slovenia,0.0,0.0,0.0,5,6.0,0.0,0.0,True,0.29229743676802805,0.11637787685806034,0.0,0.0,-0.02853864260835182,-0.20543629852645257,Slovenia_2018
2018,Spain,Sweden,2.0,0.0,2.0,5,8.0,0.0,0.0,True,-0.4370584618993825,0.04850942371071077,0.0,0.0,-0.9366073198408891,-0.8834985364818589,Sweden_2018
2018,Spain,Ukraine,0.0,0.0,0.0,5,9.0,0.0,0.0,True,-0.43657514218465415,0.07030219487788206,0.0,0.0,-0.9360055731561283,-0.665770645192218,Ukraine_2018
2018,Spain,United Kingdom,0.0,0.0,0.0,5,8.0,0.0,0.0,True,-0.4363066016798314,0.061960580640861254,0.0,0.0,-0.9356712326490544,-0.7491103023586329,United Kingdom_2018
2018,Sweden,Albania,0.0,0.0,0.0,8,3.0,0.0,0.0,True,-0.6102270181016087,0.02350140770091664,0.0,0.0,-1.1522070593591813,-1.1333493952543467,Albania_2018
2018,Sweden,Australia,8.0,0.0,8.0,8,8.0,1.0,0.0,False,0.9999828624938224,0.232123464672608,1.0,0.0,0.8525496842423612,0.9509582952416116,Australia_2018
2018,Sweden,Austria,10.0,2.0,12.0,8,7.0,0.0,0.0,True,0.9999881037479039,0.19261750537770495,1.0,0.0,0.852556209751608,0.5562609368987204,Austria_2018
2018,Sweden,Bulgaria,6.0,0.0,6.0,8,3.0,0.0,0.0,False,0.9999943952040968,0.22845514108372425,1.0,0.0,0.8525640427921214,0.9143086946263916,Bulgaria_2018
2018,Sweden,Cyprus,12.0,4.0,16.0,8,3.0,0.0,0.0,True,0.9999917470407743,0.1866803262580163,1.0,0.0,0.85256074575405,0.4969435843682627,Cyprus_2018
2018,Sweden,Czech Republic,0.0,3.0,3.0,8,2.0,0.0,0.0,False,0.9999850701265947,0.24453320857259914,1.0,0.0,0.8525524328074652,1.0749419478970288,Czech Republic_2018
2018,Sweden,Denmark,0.0,12.0,12.0,8,8.0,1.0,1.0,True,0.9999828624938224,0.1060025627199419,1.0,0.0,0.8525496842423612,-0.30909430747958117,Denmark_2018
2018,Sweden,Estonia,0.0,0.0,0.0,8,8.0,1.0,0.0,True,-0.649670743208767,0.001568808781181799,0.0,0.0,-1.201315610271874,-1.3524742819731552,Estonia_2018
2018,Sweden,Finland,3.0,6.0,9.0,8,8.0,1.0,1.0,True,0.9999946682603524,0.1977323676507228,1.0,0.0,0.8525643827548657,0.607362660878584,Finland_2018
2018,Sweden,France,5.0,0.0,5.0,8,7.0,0.0,0.0,True,-0.6456700023436849,0.0071276645472049165,0.0,0.0,-1.196334574988629,-1.2969366940897606,France_2018
2018,Sweden,Germany,1.0,5.0,6.0,8,7.0,0.0,0.0,True,0.9999893475779053,0.1787474024141454,1.0,0.0,0.8525577583550621,0.41768708380493774,Germany_2018
2018,Sweden,Hungary,0.0,0.0,0.0,8,5.0,0.0,1.0,True,-0.5092889435042485,0.0,0.0,0.0,-1.026536307879017,-1.3681479851999356,Hungary_2018
2018,Sweden,Ireland,4.0,0.0,4.0,8,9.0,0.0,0.0,True,0.9999949647391333,0.136133378919355,1.0,0.0,0.8525647518793149,-0.008062418344873177,Ireland_2018
2018,Sweden,Israel,7.0,10.0,17.0,8,2.0,0.0,0.0,True,0.9999917470407743,0.23509817924888507,1.0,0.0,0.85256074575405,0.9806781655101999,Israel_2018
2018,Sweden,Italy,0.0,0.0,0.0,8,1.0,0.0,0.0,True,-0.657601803010584,0.018529642988524966,0.0,0.0,-1.2111900035501715,-1.183021455705656,Italy_2018
2018,Sweden,Lithuania,0.0,7.0,7.0,8,9.0,0.0,0.0,True,0.9999949647391333,0.2083890101609575,1.0,0.0,0.8525647518793149,0.7138313740212329,Lithuania_2018
2018,Sweden,Moldova,0.0,0.0,0.0,8,2.0,0.0,0.0,True,0.9999949647391333,0.14674186239631548,1.0,0.0,0.8525647518793149,0.09792514604065285,Moldova_2018
2018,Sweden,Netherlands,0.0,1.0,1.0,8,7.0,0.0,0.0,False,0.9999917470407743,0.1901401026198212,1.0,0.0,0.85256074575405,0.5315096249057912,Netherlands_2018
2018,Sweden,Norway,2.0,8.0,10.0,8,8.0,1.0,1.0,True,0.9999828624938224,0.18712716052779368,1.0,0.0,0.8525496842423612,0.5014078299921111,Norway_2018
2018,Sweden,Portugal,0.0,0.0,0.0,8,1.0,0.0,0.0,False,-0.766316208748804,0.00858281419975141,0.0,0.0,-1.3465425067590933,-1.282398539995936,Portugal_2018
2018,Sweden,Serbia,0.0,0.0,0.0,8,6.0,0.0,0.0,True,-0.7744518368762277,0.0350953453038199,0.0,0.0,-1.3566715933759605,-1.0175163253496595,Serbia_2018
2018,Sweden,Slovenia,0.0,0.0,0.0,8,6.0,0.0,0.0,True,-0.5993282609421778,0.0694167520269145,0.0,0.0,-1.138637799118296,-0.6746169549763112,Slovenia_2018
2018,Sweden,Spain,0.0,0.0,0.0,8,5.0,0.0,0.0,True,-0.4370584618993825,0.04850942371071077,0.0,0.0,-0.9366073198408891,-0.8834985364818589,Spain_2018
2018,Sweden,Ukraine,0.0,0.0,0.0,8,9.0,0.0,0.0,True,0.9999871312940836,0.24797518729613993,1.0,0.0,0.8525549990191578,1.1093301752404732,Ukraine_2018
2018,Sweden,United Kingdom,0.0,0.0,0.0,8,8.0,1.0,1.0,True,0.9999828075808721,0.13689013639068767,1.0,0.0,0.8525496158741885,-0.0005017824263375936,United Kingdom_2018
2018,Ukraine,Albania,0.0,0.0,0.0,9,3.0,0.0,0.0,True,-0.6104840199294176,0.0070127959934142515,0.0,0.0,-1.1525270338877363,-1.2980843263849142,Albania_2018
2018,Ukraine,Australia,2.0,0.0,2.0,9,8.0,0.0,0.0,False,0.9999777920297557,0.22407151395254948,1.0,0.0,0.852543371371503,0.8705126172872918,Australia_2018
2018,Ukraine,Austria,7.0,0.0,7.0,9,7.0,0.0,0.0,True,0.99999781608355,0.1829642765723329,1.0,0.0,0.8525683018835822,0.4598171603910224,Austria_2018
2018,Ukraine,Bulgaria,0.0,0.0,0.0,9,3.0,0.0,0.0,False,0.9999789656231082,0.18084897254287682,1.0,0.0,0.8525448325283473,0.43868351555820073,Bulgaria_2018
2018,Ukraine,Cyprus,0.0,4.0,4.0,9,3.0,0.0,0.0,True,0.9999739230521546,0.24322083266036207,1.0,0.0,0.8525385543852019,1.0618302220977354,Cyprus_2018
2018,Ukraine,Czech Republic,4.0,10.0,14.0,9,2.0,0.0,0.0,False,0.999986396090538,0.27838012234249343,1.0,0.0,0.8525540836699951,1.4131007394178938,Czech Republic_2018
2018,Ukraine,Denmark,3.0,8.0,11.0,9,8.0,0.0,0.0,True,0.9999777920297557,0.17943342394828346,1.0,0.0,0.852543371371503,0.4245410089373306,Denmark_2018
2018,Ukraine,Estonia,1.0,3.0,4.0,9,8.0,0.0,0.0,True,-0.6500770758901476,0.0021361771460791084,0.0,0.0,-1.2018215059274404,-1.3468058005888495,Estonia_2018
2018,Ukraine,Finland,0.0,0.0,0.0,9,8.0,0.0,0.0,True,0.9999867500172711,0.22513030576936563,1.0,0.0,0.852554524318766,0.8810908272736094,Finland_2018
2018,Ukraine,France,12.0,7.0,19.0,9,7.0,0.0,0.0,True,-0.6448846227315866,0.04532141656358648,0.0,0.0,-1.1953567552071114,-0.9153493767552288,France_2018
2018,Ukraine,Germany,0.0,0.0,0.0,9,7.0,0.0,0.0,True,0.9999983424560328,0.2512210712612593,1.0,0.0,0.8525689572321784,1.141759253014708,Germany_2018
2018,Ukraine,Hungary,0.0,1.0,1.0,9,5.0,0.0,0.0,True,-0.5094141096831517,0.0,0.0,0.0,-1.0266921433041074,-1.3681479851999356,Hungary_2018
2018,Ukraine,Ireland,0.0,0.0,0.0,9,9.0,1.0,0.0,True,0.9999768847136057,0.19369089753532606,1.0,0.0,0.8525422417372907,0.5669850164209127,Ireland_2018
2018,Ukraine,Israel,10.0,12.0,22.0,9,2.0,0.0,0.0,True,0.9999739230521546,0.14037950093996565,1.0,0.0,0.8525385543852019,0.03435986868848648,Israel_2018
2018,Ukraine,Italy,0.0,5.0,5.0,9,1.0,0.0,0.0,True,-0.6573129200960551,0.0,0.0,0.0,-1.2108303361689237,-1.3681479851999356,Italy_2018
2018,Ukraine,Lithuania,0.0,2.0,2.0,9,9.0,1.0,0.0,True,0.9999768847136057,0.2210425862270066,1.0,0.0,0.8525422417372907,0.8402511126125385,Lithuania_2018
2018,Ukraine,Moldova,0.0,6.0,6.0,9,2.0,0.0,1.0,True,0.9999768847136057,0.21720949478262275,1.0,0.0,0.8525422417372907,0.8019553442174086,Moldova_2018
2018,Ukraine,Netherlands,8.0,0.0,8.0,9,7.0,0.0,0.0,False,0.9999739230521546,0.2671450243192138,1.0,0.0,0.8525385543852019,1.3008527750687775,Netherlands_2018
2018,Ukraine,Norway,0.0,0.0,0.0,9,8.0,0.0,0.0,True,0.9999777920297557,0.2082881743717951,1.0,0.0,0.852543371371503,0.712823940704357,Norway_2018
2018,Ukraine,Portugal,0.0,0.0,0.0,9,1.0,0.0,0.0,False,-0.7665484926635019,0.004179786763246259,0.0,0.0,-1.3468317067882527,-1.3263884425047472,Portugal_2018
2018,Ukraine,Serbia,0.0,0.0,0.0,9,6.0,0.0,0.0,True,-0.7745268137706157,0.0,0.0,0.0,-1.3567649417254215,-1.3681479851999356,Serbia_2018
2018,Ukraine,Slovenia,5.0,0.0,5.0,9,6.0,0.0,0.0,True,-0.5989846665404372,0.01675106899441196,0.0,0.0,-1.1382100143914387,-1.2007908877008016,Slovenia_2018
2018,Ukraine,Spain,0.0,0.0,0.0,9,5.0,0.0,0.0,True,-0.43657514218465415,0.07030219487788206,0.0,0.0,-0.9360055731561283,-0.665770645192218,Spain_2018
2018,Ukraine,Sweden,6.0,0.0,6.0,9,8.0,0.0,0.0,True,0.9999871312940836,0.24797518729613993,1.0,0.0,0.8525549990191578,1.1093301752404732,Sweden_2018
2018,Ukraine,United Kingdom,0.0,0.0,0.0,9,8.0,0.0,0.0,True,0.9999777594702263,0.22581622729526127,1.0,0.0,0.8525433308339699,0.8879437532405651,United Kingdom_2018
2018,United Kingdom,Albania,7.0,0.0,7.0,8,3.0,0.0,0.0,True,-0.6102844384318746,0.02971785875371803,0.0,0.0,-1.1522785492908405,-1.0712418840686821,Albania_2018
2018,United Kingdom,Australia,0.0,1.0,1.0,8,8.0,1.0,0.0,False,0.9999999400940912,0.29120090347181055,1.0,0.0,0.8525709463366484,1.5411909955197554,Australia_2018
2018,United Kingdom,Austria,12.0,0.0,12.0,8,7.0,0.0,0.0,True,0.9999837121850709,0.22219853956163454,1.0,0.0,0.852550742131945,0.8518000468920353,Austria_2018
2018,United Kingdom,Bulgaria,8.0,6.0,14.0,8,3.0,0.0,0.0,False,0.9999901333676352,0.10744211513107271,1.0,0.0,0.8525587366854519,-0.2947119827870436,Bulgaria_2018
2018,United Kingdom,Cyprus,0.0,8.0,8.0,8,3.0,0.0,0.0,True,0.9999911377388232,0.10277313283052109,1.0,0.0,0.8525599871559256,-0.3413589953661103,Cyprus_2018
2018,United Kingdom,Czech Republic,0.0,5.0,5.0,8,2.0,0.0,0.0,False,0.9999913973241035,0.18511803269701949,1.0,0.0,0.8525603103469256,0.4813349736045415,Czech Republic_2018
2018,United Kingdom,Denmark,0.0,2.0,2.0,8,8.0,1.0,1.0,True,0.9999999400940912,0.16238520554891517,1.0,0.0,0.8525709463366484,0.25421514198511413,Denmark_2018
2018,United Kingdom,Estonia,6.0,0.0,6.0,8,8.0,1.0,0.0,True,-0.6500533135718787,0.0,0.0,0.0,-1.2017919211705914,-1.3681479851999356,Estonia_2018
2018,United Kingdom,Finland,4.0,0.0,4.0,8,8.0,1.0,1.0,True,0.9999895521523176,0.16801678808699885,1.0,0.0,0.8525580130559788,0.31047933074912065,Finland_2018
2018,United Kingdom,France,0.0,0.0,0.0,8,7.0,0.0,0.0,True,-0.6453598215459024,0.036748553059080404,0.0,0.0,-1.1959483911416757,-1.0009994062458247,France_2018
2018,United Kingdom,Germany,0.0,3.0,3.0,8,7.0,0.0,0.0,True,0.999984815073532,0.18705476016315023,1.0,0.0,0.8525521152592042,0.5006844901928034,Germany_2018
2018,United Kingdom,Hungary,0.0,0.0,0.0,8,5.0,0.0,1.0,True,-0.5094619086035533,0.0,0.0,0.0,-1.0267516543089565,-1.3681479851999356,Hungary_2018
2018,United Kingdom,Ireland,3.0,10.0,13.0,8,9.0,0.0,0.0,True,0.9999879751366342,0.24998325715226855,1.0,0.0,0.8525560496269474,1.129392461582276,Ireland_2018
2018,United Kingdom,Israel,10.0,7.0,17.0,8,2.0,0.0,0.0,True,0.9999911377388232,0.17743257049040673,1.0,0.0,0.8525599871559256,0.4045508204100753,Israel_2018
2018,United Kingdom,Italy,0.0,0.0,0.0,8,1.0,0.0,0.0,True,-0.6579866933383364,0.011401194523483031,0.0,0.0,-1.211669202870339,-1.2542405788063697,Italy_2018
2018,United Kingdom,Lithuania,0.0,12.0,12.0,8,9.0,0.0,0.0,True,0.9999879751366342,0.210273179545455,1.0,0.0,0.8525560496269474,0.7326557917041533,Lithuania_2018
2018,United Kingdom,Moldova,0.0,4.0,4.0,8,2.0,0.0,0.0,True,0.9999879751366342,0.19400279818332813,1.0,0.0,0.8525560496269474,0.5701011630486377,Moldova_2018
2018,United Kingdom,Netherlands,0.0,0.0,0.0,8,7.0,0.0,0.0,False,0.9999911377388232,0.13725144469533027,1.0,0.0,0.8525599871559256,0.003107987743404343,Netherlands_2018
2018,United Kingdom,Norway,5.0,0.0,5.0,8,8.0,1.0,1.0,True,0.9999999400940912,0.18043815837145122,1.0,0.0,0.8525709463366484,0.4345791406455169,Norway_2018
2018,United Kingdom,Portugal,0.0,0.0,0.0,8,1.0,0.0,0.0,False,-0.7661038607200928,0.03179136509833474,0.0,0.0,-1.3462781274706046,-1.0505258328365576,Portugal_2018
2018,United Kingdom,Serbia,0.0,0.0,0.0,8,6.0,0.0,0.0,True,-0.7740541454016501,0.0,0.0,0.0,-1.3561764562667302,-1.3681479851999356,Serbia_2018
2018,United Kingdom,Slovenia,0.0,0.0,0.0,8,6.0,0.0,0.0,True,-0.5997390737825896,0.03194744183016171,0.0,0.0,-1.1391492726982921,-1.0489664966034835,Slovenia_2018
2018,United Kingdom,Spain,1.0,0.0,1.0,8,5.0,0.0,0.0,True,-0.4363066016798314,0.061960580640861254,0.0,0.0,-0.9356712326490544,-0.7491103023586329,Spain_2018
2018,United Kingdom,Sweden,2.0,0.0,2.0,8,8.0,1.0,1.0,True,0.9999828075808721,0.13689013639068767,1.0,0.0,0.8525496158741885,-0.0005017824263375936,Sweden_2018
2018,United Kingdom,Ukraine,0.0,0.0,0.0,8,9.0,0.0,0.0,True,0.9999777594702263,0.22581622729526127,1.0,0.0,0.8525433308339699,0.8879437532405651,Ukraine_2018
2019,Albania,Australia,2.0,1.0,3.0,3,8.0,0.0,0.0,False,-0.7188258255208578,0.3234091993512099,0.0,0.0,-1.2874156393986467,1.862978632808322,Australia_2019
2019,Albania,Azerbaijan,8.0,3.0,11.0,3,2.0,0.0,0.0,True,-0.7188740313976145,0.03518887362584446,0.0,0.0,-1.2874756570756425,-1.01658189970117,Azerbaijan_2019
2019,Albania,Belarus,0.0,0.0,0.0,3,4.0,0.0,0.0,True,-0.7187631263594713,0.022285876721041743,0.0,0.0,-1.287337577173267,-1.1454935597121496,Belarus_2019
2019,Albania,Cyprus,7.0,0.0,7.0,3,3.0,1.0,1.0,True,-0.7188385284390937,0.024138646520989692,0.0,0.0,-1.2874314548903434,-1.1269828499683845,Cyprus_2019
2019,Albania,Czech Republic,0.0,0.0,0.0,3,2.0,0.0,0.0,False,-0.7194171932956895,0.02677027495387308,0.0,0.0,-1.2881519089674958,-1.1006906953381053,Czech Republic_2019
2019,Albania,Denmark,0.0,0.0,0.0,3,8.0,0.0,0.0,True,-0.7187673650754584,0.061842830333316515,0.0,0.0,-1.2873428544942929,-0.750286725768201,Denmark_2019
2019,Albania,Estonia,0.0,0.0,0.0,3,8.0,0.0,0.0,True,-0.7194171932956895,0.029420756487696906,0.0,0.0,-1.2881519089674958,-1.0742101825646349,Estonia_2019
2019,Albania,France,3.0,0.0,3.0,3,7.0,0.0,0.0,True,0.4713345797910461,0.11856388905033871,0.0,0.0,0.19436765312113655,-0.18359622039654508,France_2019
2019,Albania,Germany,0.0,0.0,0.0,3,7.0,0.0,0.0,True,-0.7187673650754584,0.01924758694538388,0.0,0.0,-1.2873428544942929,-1.1758485990463567,Germany_2019
2019,Albania,Greece,4.0,2.0,6.0,3,3.0,1.0,0.0,True,-0.7187851435946964,0.022963028743992805,0.0,0.0,-1.2873649892524774,-1.138728248366076,Greece_2019
2019,Albania,Iceland,0.0,0.0,0.0,3,8.0,0.0,0.0,True,0.21099913476784654,0.12777572344185995,0.0,0.0,-0.129757322944576,-0.09156234083208362,Iceland_2019
2019,Albania,Israel,0.0,0.0,0.0,3,2.0,0.0,0.0,True,-0.7188693489008942,0.027518201286272394,0.0,0.0,-1.2874698272350793,-1.093218289835192,Israel_2019
2019,Albania,Italy,5.0,8.0,13.0,3,1.0,0.0,0.0,True,0.29601537042873605,0.1736941039058015,0.0,0.0,-0.02390971027574726,0.36720043298669675,Italy_2019
2019,Albania,Malta,0.0,0.0,0.0,3,3.0,1.0,0.0,True,-0.7188963824847227,0.027063102498098977,0.0,0.0,-1.2875034848098696,-1.0977651048646975,Malta_2019
2019,Albania,Netherlands,0.0,7.0,7.0,3,7.0,0.0,0.0,False,-0.7188693489008942,0.026569952705869464,0.0,0.0,-1.2874698272350793,-1.1026920810408067,Netherlands_2019
2019,Albania,Norway,0.0,5.0,5.0,3,8.0,0.0,0.0,True,-0.7187851435946964,0.023605886241742747,0.0,0.0,-1.2873649892524774,-1.1323055678216356,Norway_2019
2019,Albania,Russia,1.0,12.0,13.0,3,4.0,0.0,0.0,True,-0.7192059708260489,0.025290206590624715,0.0,0.0,-1.2878889310318147,-1.1154778080564738,Russia_2019
2019,Albania,San Marino,0.0,10.0,10.0,3,3.0,1.0,0.0,False,-0.7188693489008942,0.022363115624327485,0.0,0.0,-1.2874698272350793,-1.1447218788915265,San Marino_2019
2019,Albania,Serbia,0.0,0.0,0.0,3,6.0,0.0,0.0,True,0.6555390845224411,0.14563147767776252,0.0,0.0,0.42370746000736087,0.08683148009811462,Serbia_2019
2019,Albania,Slovenia,0.0,0.0,0.0,3,6.0,0.0,0.0,True,0.5259371384219903,0.17364160938665313,0.0,0.0,0.26234937957334636,0.3666759691233925,Slovenia_2019
2019,Albania,Spain,0.0,0.0,0.0,3,5.0,0.0,0.0,True,0.43842580016895905,0.08974910714870103,0.0,0.0,0.15339529376219396,-0.4714798334207267,Spain_2019
2019,Albania,Sweden,6.0,0.0,6.0,3,8.0,0.0,0.0,True,-0.7188693489008942,0.018791058405987663,0.0,0.0,-1.2874698272350793,-1.1804096984785397,Sweden_2019
2019,Albania,Switzerland,10.0,4.0,14.0,3,7.0,0.0,0.0,True,-0.7188693489008942,0.027330271645933962,0.0,0.0,-1.2874698272350793,-1.0950958630904624,Switzerland_2019
2019,Albania,United Kingdom,0.0,0.0,0.0,3,8.0,0.0,0.0,True,-0.7192059708260489,0.02375091919180525,0.0,0.0,-1.2878889310318147,-1.1308565681445228,United Kingdom_2019
2019,Australia,Albania,0.0,0.0,0.0,8,3.0,0.0,0.0,False,-0.7188258255208578,0.3234091993512099,0.0,0.0,-1.2874156393986467,1.862978632808322,Albania_2019
2019,Australia,Azerbaijan,2.0,1.0,3.0,8,2.0,0.0,0.0,False,0.9999881038608404,0.15335544810540422,1.0,0.0,0.8525562098922169,0.164000362416639,Azerbaijan_2019
2019,Australia,Belarus,0.0,0.0,0.0,8,4.0,0.0,0.0,False,0.9999987347413531,0.21802984933019876,1.0,0.0,0.8525694456384729,0.8101513677695971,Belarus_2019
2019,Australia,Cyprus,0.0,0.0,0.0,8,3.0,0.0,0.0,False,0.9999841230708526,0.20768725926337447,1.0,0.0,0.8525512536963391,0.7068202994787015,Cyprus_2019
2019,Australia,Czech Republic,5.0,2.0,7.0,8,2.0,0.0,0.0,False,0.9999840314511718,0.1491383543636813,1.0,0.0,0.8525511396272507,0.12186809200858649,Czech Republic_2019
2019,Australia,Denmark,0.0,0.0,0.0,8,8.0,1.0,0.0,False,0.9999923666618215,0.10573277620306389,1.0,0.0,0.8525615171997403,-0.31178969894529407,Denmark_2019
2019,Australia,Estonia,0.0,0.0,0.0,8,8.0,1.0,0.0,False,0.9999840314511718,0.23730413880688256,1.0,0.0,0.8525511396272507,1.0027175343976475,Estonia_2019
2019,Australia,France,10.0,3.0,13.0,8,7.0,0.0,0.0,False,-0.7577199577473634,0.147219400507626,1.0,0.0,-1.3358399316646856,0.10269614855283919,France_2019
2019,Australia,Germany,3.0,0.0,3.0,8,7.0,0.0,0.0,False,0.9999923666618215,0.13921691616849335,1.0,0.0,0.8525615171997403,0.022744680844940263,Germany_2019
2019,Australia,Greece,0.0,0.0,0.0,8,3.0,0.0,0.0,False,0.9999926754473722,0.24112658879976442,1.0,0.0,0.8525619016464655,1.0409069858504294,Greece_2019
2019,Australia,Iceland,8.0,10.0,18.0,8,8.0,1.0,0.0,False,-0.36907558990544465,0.020517633240480126,0.0,0.0,-0.851966725641548,-1.1631597812934276,Iceland_2019
2019,Australia,Israel,0.0,0.0,0.0,8,2.0,0.0,0.0,False,0.9999840852953179,0.2091547374969676,1.0,0.0,0.8525512066647324,0.7214816263408398,Israel_2019
2019,Australia,Italy,0.0,5.0,5.0,8,1.0,0.0,0.0,False,-0.48359763137151585,0.025095441124077588,0.0,0.0,-0.9945498992308338,-1.1174236768953678,Italy_2019
2019,Australia,Malta,0.0,4.0,4.0,8,3.0,0.0,0.0,False,0.9999908253374016,0.16603075103133846,1.0,0.0,0.8525595982073393,0.2906371703907622,Malta_2019
2019,Australia,Netherlands,6.0,6.0,12.0,8,7.0,0.0,0.0,False,0.9999840852953179,0.13400557178214786,1.0,0.0,0.8525512066647324,-0.029320979612797206,Netherlands_2019
2019,Australia,Norway,0.0,12.0,12.0,8,8.0,1.0,0.0,False,0.9999926754473722,0.18589478279266572,1.0,0.0,0.8525619016464655,0.4890953524515807,Norway_2019
2019,Australia,Russia,4.0,0.0,4.0,8,4.0,0.0,0.0,False,0.9999851846780969,0.10195943587101437,1.0,0.0,0.8525525754273183,-0.34948850408178345,Russia_2019
2019,Australia,San Marino,0.0,0.0,0.0,8,3.0,0.0,0.0,False,0.9999840852953179,0.161350719660579,1.0,0.0,0.8525512066647324,0.2438797684197908,San Marino_2019
2019,Australia,Serbia,1.0,0.0,1.0,8,6.0,0.0,0.0,False,-0.793937618215066,0.07177958631692762,0.0,0.0,-1.3809319410574294,-0.6510102771708567,Serbia_2019
2019,Australia,Slovenia,0.0,0.0,0.0,8,6.0,0.0,0.0,False,-0.6974906262598898,0.0373874134200452,0.0,0.0,-1.260852714211098,-0.994616660419037,Slovenia_2019
2019,Australia,Spain,0.0,0.0,0.0,8,5.0,0.0,0.0,False,-0.7184691613515938,0.008995342221993004,0.0,0.0,-1.2869715824423766,-1.278277042289584,Spain_2019
2019,Australia,Sweden,12.0,8.0,20.0,8,8.0,1.0,0.0,False,0.9999840852953179,0.17482898351096746,1.0,0.0,0.8525512066647324,0.3785388231989809,Sweden_2019
2019,Australia,Switzerland,0.0,7.0,7.0,8,7.0,0.0,0.0,False,0.9999840852953179,0.2432453208652762,1.0,0.0,0.8525512066647324,1.0620748796117578,Switzerland_2019
2019,Australia,United Kingdom,0.0,0.0,0.0,8,8.0,1.0,0.0,False,0.9999851846780969,0.15398916435983312,1.0,0.0,0.8525525754273183,0.1703317143449621,United Kingdom_2019
2019,Azerbaijan,Albania,7.0,0.0,7.0,2,3.0,0.0,0.0,True,-0.7188740313976145,0.03518887362584446,0.0,0.0,-1.2874756570756425,-1.01658189970117,Albania_2019
2019,Azerbaijan,Australia,2.0,0.0,2.0,2,8.0,0.0,0.0,False,0.9999881038608404,0.15335544810540422,1.0,0.0,0.8525562098922169,0.164000362416639,Australia_2019
2019,Azerbaijan,Belarus,1.0,5.0,6.0,2,4.0,0.0,1.0,True,0.9999915222877009,0.25411508203064903,1.0,0.0,0.852560465930131,1.1706728251967502,Belarus_2019
2019,Azerbaijan,Cyprus,3.0,0.0,3.0,2,3.0,0.0,0.0,True,0.9999843162430649,0.18376724790934693,1.0,0.0,0.8525514942011949,0.4678395112262135,Cyprus_2019
2019,Azerbaijan,Czech Republic,0.0,0.0,0.0,2,2.0,1.0,0.0,False,0.9999845775570015,0.24576017980053338,1.0,0.0,0.8525518195444207,1.0872004099384975,Czech Republic_2019
2019,Azerbaijan,Denmark,0.0,0.0,0.0,2,8.0,0.0,0.0,True,0.9999955438848122,0.221897384350296,1.0,0.0,0.8525654729320291,0.8487912561048221,Denmark_2019
2019,Azerbaijan,Estonia,0.0,0.0,0.0,2,8.0,0.0,0.0,True,0.9999845775570015,0.18261564046925227,1.0,0.0,0.8525518195444207,0.45633399604405156,Estonia_2019
2019,Azerbaijan,France,0.0,0.0,0.0,2,7.0,0.0,0.0,True,-0.757857984723408,0.08363864216436612,1.0,0.0,-1.3360117791451658,-0.5325284557199678,France_2019
2019,Azerbaijan,Germany,0.0,0.0,0.0,2,7.0,0.0,0.0,True,0.9999955438848122,0.28336787250839807,1.0,0.0,0.8525654729320291,1.4629325078319029,Germany_2019
2019,Azerbaijan,Greece,6.0,0.0,6.0,2,3.0,0.0,0.0,True,0.9999952392065466,0.172914243286141,1.0,0.0,0.8525650935989901,0.35940897742026107,Greece_2019
2019,Azerbaijan,Iceland,0.0,0.0,0.0,2,8.0,0.0,0.0,True,-0.369008702155776,0.019068507388588028,0.0,0.0,-0.8518834485055494,-1.1776377526136175,Iceland_2019
2019,Azerbaijan,Israel,0.0,0.0,0.0,2,2.0,1.0,0.0,True,0.9999843622309251,0.20308367656246498,1.0,0.0,0.8525515514573787,0.6608266832397348,Israel_2019
2019,Azerbaijan,Italy,5.0,6.0,11.0,2,1.0,0.0,0.0,True,-0.48419372657693566,0.020635382105210178,0.0,0.0,-0.9952920545841795,-1.161983372298777,Italy_2019
2019,Azerbaijan,Malta,10.0,4.0,14.0,2,3.0,0.0,0.0,True,0.999992173733926,0.1609548742763474,1.0,0.0,0.8525612769990658,0.23992494412854506,Malta_2019
2019,Azerbaijan,Netherlands,0.0,7.0,7.0,2,7.0,0.0,0.0,False,0.9999843622309251,0.1502784194278954,1.0,0.0,0.8525515514573787,0.133258289265292,Netherlands_2019
2019,Azerbaijan,Norway,0.0,1.0,1.0,2,8.0,0.0,0.0,True,0.9999952392065466,0.1560024002714096,1.0,0.0,0.8525650935989901,0.19044561387309736,Norway_2019
2019,Azerbaijan,Russia,12.0,12.0,24.0,2,4.0,0.0,1.0,True,0.9999871514718471,0.24305021904383123,1.0,0.0,0.8525550241410427,1.0601256503079615,Russia_2019
2019,Azerbaijan,San Marino,0.0,10.0,10.0,2,3.0,0.0,0.0,False,0.9999843622309251,0.1594252830509495,1.0,0.0,0.8525515514573787,0.22464305686940172,San Marino_2019
2019,Azerbaijan,Serbia,0.0,0.0,0.0,2,6.0,0.0,0.0,True,-0.7937970345583198,0.04344026970450216,0.0,0.0,-1.380756910437323,-0.9341435968978948,Serbia_2019
2019,Azerbaijan,Slovenia,4.0,0.0,4.0,2,6.0,0.0,0.0,True,-0.6976691438967513,0.02882950541290143,0.0,0.0,-1.261074973706995,-1.0801172720646557,Slovenia_2019
2019,Azerbaijan,Spain,0.0,2.0,2.0,2,5.0,0.0,0.0,True,-0.7183817793095676,0.0,0.0,0.0,-1.2868627893340168,-1.3681479851999356,Spain_2019
2019,Azerbaijan,Sweden,0.0,0.0,0.0,2,8.0,0.0,0.0,True,0.9999843622309251,0.20466602829065053,1.0,0.0,0.8525515514573787,0.6766356917597411,Sweden_2019
2019,Azerbaijan,Switzerland,0.0,8.0,8.0,2,7.0,0.0,0.0,True,0.9999843622309251,0.3039250560486919,1.0,0.0,0.8525515514573787,1.668315852095379,Switzerland_2019
2019,Azerbaijan,United Kingdom,0.0,0.0,0.0,2,8.0,0.0,0.0,True,0.9999871514718471,0.18172825441978724,1.0,0.0,0.8525550241410427,0.44746827209239015,United Kingdom_2019
2019,Belarus,Albania,0.0,0.0,0.0,4,3.0,0.0,0.0,True,-0.7187631263594713,0.022285876721041743,0.0,0.0,-1.287337577173267,-1.1454935597121496,Albania_2019
2019,Belarus,Australia,0.0,2.0,2.0,4,8.0,0.0,0.0,False,0.9999987347413531,0.21802984933019876,1.0,0.0,0.8525694456384729,0.8101513677695971,Australia_2019
2019,Belarus,Azerbaijan,5.0,6.0,11.0,4,2.0,0.0,1.0,True,0.9999915222877009,0.25411508203064903,1.0,0.0,0.852560465930131,1.1706728251967502,Azerbaijan_2019
2019,Belarus,Cyprus,8.0,0.0,8.0,4,3.0,0.0,0.0,True,0.9999875906976765,0.2801451844008189,1.0,0.0,0.8525555709895959,1.4307351759476308,Cyprus_2019
2019,Belarus,Czech Republic,0.0,0.0,0.0,4,2.0,0.0,0.0,False,0.9999841142626599,0.2011416119530353,1.0,0.0,0.8525512427298905,0.6414238441553536,Czech Republic_2019
2019,Belarus,Denmark,0.0,0.0,0.0,4,8.0,0.0,0.0,True,0.9999958718146429,0.2009677381265734,1.0,0.0,0.8525658812139232,0.6396867001595025,Denmark_2019
2019,Belarus,Estonia,0.0,0.0,0.0,4,8.0,0.0,0.0,True,0.9999841142626599,0.27594268565901536,1.0,0.0,0.8525512427298905,1.3887487217155678,Estonia_2019
2019,Belarus,France,0.0,0.0,0.0,4,7.0,0.0,0.0,True,-0.7576671530541703,0.12006236762763704,1.0,0.0,-1.3357741883314418,-0.16862517434301028,France_2019
2019,Belarus,Germany,0.0,0.0,0.0,4,7.0,0.0,0.0,True,0.9999958718146429,0.2512161080144037,1.0,0.0,0.8525658812139232,1.1417096660547232,Germany_2019
2019,Belarus,Greece,3.0,0.0,3.0,4,3.0,0.0,0.0,True,0.99999617182692,0.14366276001826467,1.0,0.0,0.8525662547376748,0.06716235489788046,Greece_2019
2019,Belarus,Iceland,0.0,7.0,7.0,4,8.0,0.0,0.0,True,-0.36896642643398286,0.013501947387837913,0.0,0.0,-0.85183081403884,-1.2332523122032828,Iceland_2019
2019,Belarus,Israel,0.0,0.0,0.0,4,2.0,0.0,0.0,True,0.9999875602741438,0.17908264214003944,1.0,0.0,0.852555533111439,0.42103640721293906,Israel_2019
2019,Belarus,Italy,7.0,3.0,10.0,4,1.0,0.0,0.0,True,-0.483564222215641,0.015403872871522853,0.0,0.0,-0.994508303888919,-1.2142504963361682,Italy_2019
2019,Belarus,Malta,12.0,0.0,12.0,4,3.0,0.0,0.0,True,0.9999943066519839,0.24556922090822642,1.0,0.0,0.8525639325422417,1.0852925719390956,Malta_2019
2019,Belarus,Netherlands,6.0,10.0,16.0,4,7.0,0.0,0.0,False,0.9999875602741438,0.20573243881233133,1.0,0.0,0.852555533111439,0.6872900189379393,Netherlands_2019
2019,Belarus,Norway,0.0,8.0,8.0,4,8.0,0.0,0.0,True,0.99999617182692,0.1322971430492771,1.0,0.0,0.8525662547376748,-0.04638960216534932,Norway_2019
2019,Belarus,Russia,1.0,12.0,13.0,4,4.0,1.0,1.0,True,0.9999862363238914,0.20943749363483313,1.0,0.0,0.8525538847560112,0.7243065950965069,Russia_2019
2019,Belarus,San Marino,0.0,1.0,1.0,4,3.0,0.0,0.0,False,0.9999875602741438,0.21905623331695834,1.0,0.0,0.852555533111439,0.820405796606406,San Marino_2019
2019,Belarus,Serbia,0.0,0.0,0.0,4,6.0,0.0,0.0,True,-0.7938959061415758,0.08829152597247104,0.0,0.0,-1.380880008348764,-0.48604228045647113,Serbia_2019
2019,Belarus,Slovenia,0.0,5.0,5.0,4,6.0,0.0,0.0,True,-0.697551598919376,0.020643279956485207,0.0,0.0,-1.2609286268928876,-1.1619044662023177,Slovenia_2019
2019,Belarus,Spain,0.0,0.0,0.0,4,5.0,0.0,0.0,True,-0.7184300660587363,0.03298753227606887,0.0,0.0,-1.286922907699448,-1.038575128851272,Spain_2019
2019,Belarus,Sweden,2.0,0.0,2.0,4,8.0,0.0,0.0,True,0.9999875602741438,0.19168246834254205,1.0,0.0,0.852555533111439,0.5469191400073542,Sweden_2019
2019,Belarus,Switzerland,4.0,4.0,8.0,4,7.0,0.0,0.0,True,0.9999875602741438,0.228532866450971,1.0,0.0,0.852555533111439,0.9150852356261817,Switzerland_2019
2019,Belarus,United Kingdom,0.0,0.0,0.0,4,8.0,0.0,0.0,True,0.9999862363238914,0.25664350414904025,1.0,0.0,0.8525538847560112,1.195933862992471,United Kingdom_2019
2019,Cyprus,Albania,2.0,0.0,2.0,3,3.0,1.0,1.0,True,-0.7188385284390937,0.024138646520989692,0.0,0.0,-1.2874314548903434,-1.1269828499683845,Albania_2019
2019,Cyprus,Australia,0.0,2.0,2.0,3,8.0,0.0,0.0,False,0.9999841230708526,0.20768725926337447,1.0,0.0,0.8525512536963391,0.7068202994787015,Australia_2019
2019,Cyprus,Azerbaijan,6.0,0.0,6.0,3,2.0,0.0,0.0,True,0.9999843162430649,0.18376724790934693,1.0,0.0,0.8525514942011949,0.4678395112262135,Azerbaijan_2019
2019,Cyprus,Belarus,0.0,0.0,0.0,3,4.0,0.0,0.0,True,0.9999875906976765,0.2801451844008189,1.0,0.0,0.8525555709895959,1.4307351759476308,Belarus_2019
2019,Cyprus,Czech Republic,0.0,0.0,0.0,3,2.0,0.0,0.0,False,0.9999865392828614,0.2278245066709697,1.0,0.0,0.8525542619484786,0.9080081328570575,Czech Republic_2019
2019,Cyprus,Denmark,0.0,0.0,0.0,3,8.0,0.0,0.0,True,0.9999887266487947,0.24087176231481366,1.0,0.0,0.8525569852807959,1.0383610575337654,Denmark_2019
2019,Cyprus,Estonia,0.0,0.0,0.0,3,8.0,0.0,0.0,True,0.9999865392828614,0.2368293248859486,1.0,0.0,0.8525542619484786,0.9979737488108174,Estonia_2019
2019,Cyprus,France,4.0,3.0,7.0,3,7.0,0.0,0.0,True,-0.7570273745922383,0.12349025832412845,1.0,0.0,-1.334977646090939,-0.1343776980953473,France_2019
2019,Cyprus,Germany,0.0,0.0,0.0,3,7.0,0.0,0.0,True,0.9999887266487947,0.16307557951635965,1.0,0.0,0.8525569852807959,0.26111255154261837,Germany_2019
2019,Cyprus,Greece,12.0,12.0,24.0,3,3.0,1.0,0.0,True,0.9999914691294847,0.24662064089610208,1.0,0.0,0.8525603997466515,1.0957971312291412,Greece_2019
2019,Cyprus,Iceland,0.0,0.0,0.0,3,8.0,0.0,0.0,True,-0.36840473420385045,0.01723505379632358,0.0,0.0,-0.8511314913606248,-1.1959554773930392,Iceland_2019
2019,Cyprus,Israel,0.0,5.0,5.0,3,2.0,0.0,0.0,True,0.9999999289149769,0.1500585529355086,1.0,0.0,0.8525709324183357,0.13106164032214412,Israel_2019
2019,Cyprus,Italy,8.0,8.0,16.0,3,1.0,0.0,0.0,True,-0.483372021023037,0.023700201516944727,0.0,0.0,-0.9942690079799541,-1.1313632798570346,Italy_2019
2019,Cyprus,Malta,3.0,0.0,3.0,3,3.0,1.0,0.0,True,0.9999957026134106,0.23390298284129676,1.0,0.0,0.8525656705536138,0.9687371603252712,Malta_2019
2019,Cyprus,Netherlands,5.0,6.0,11.0,3,7.0,0.0,0.0,False,0.9999999289149769,0.2569841433960549,1.0,0.0,0.8525709324183357,1.1993371321028592,Netherlands_2019
2019,Cyprus,Norway,0.0,1.0,1.0,3,8.0,0.0,0.0,True,0.9999914691294847,0.25760492208950403,1.0,0.0,0.8525603997466515,1.2055392270473435,Norway_2019
2019,Cyprus,Russia,10.0,10.0,20.0,3,4.0,0.0,0.0,True,0.9999890997837352,0.20616051142947583,1.0,0.0,0.8525574498443272,0.6915668200631726,Russia_2019
2019,Cyprus,San Marino,0.0,0.0,0.0,3,3.0,1.0,0.0,False,0.9999999289149769,0.3258730926691302,1.0,0.0,0.8525709324183357,1.8875949742711993,San Marino_2019
2019,Cyprus,Serbia,0.0,0.0,0.0,3,6.0,0.0,0.0,True,-0.7935528383152725,0.06280892416360756,0.0,0.0,-1.380452879223187,-0.7406346456888182,Serbia_2019
2019,Cyprus,Slovenia,0.0,0.0,0.0,3,6.0,0.0,0.0,True,-0.6981538704699505,0.030324923700191533,0.0,0.0,-1.2616784719702554,-1.065176800851058,Slovenia_2019
2019,Cyprus,Spain,0.0,4.0,4.0,3,5.0,0.0,0.0,True,-0.7184711344963874,0.0,0.0,0.0,-1.2869740390633293,-1.3681479851999356,Spain_2019
2019,Cyprus,Sweden,7.0,0.0,7.0,3,8.0,0.0,0.0,True,0.9999999289149769,0.22888828799030894,1.0,0.0,0.8525709324183357,0.9186361921192935,Sweden_2019
2019,Cyprus,Switzerland,1.0,7.0,8.0,3,7.0,0.0,0.0,True,0.9999999289149769,0.2639727205336224,1.0,0.0,0.8525709324183357,1.26915882442484,Switzerland_2019
2019,Cyprus,United Kingdom,0.0,0.0,0.0,3,8.0,0.0,0.0,True,0.9999890997837352,0.2565182953207541,1.0,0.0,0.8525574498443272,1.1946829227635083,United Kingdom_2019
2019,Czech Republic,Albania,0.0,0.0,0.0,2,3.0,0.0,0.0,False,-0.7194171932956895,0.02677027495387308,0.0,0.0,-1.2881519089674958,-1.1006906953381053,Albania_2019
2019,Czech Republic,Australia,0.0,8.0,8.0,2,8.0,0.0,0.0,False,0.9999840314511718,0.1491383543636813,1.0,0.0,0.8525511396272507,0.12186809200858649,Australia_2019
2019,Czech Republic,Azerbaijan,5.0,7.0,12.0,2,2.0,1.0,0.0,False,0.9999845775570015,0.24576017980053338,1.0,0.0,0.8525518195444207,1.0872004099384975,Azerbaijan_2019
2019,Czech Republic,Belarus,0.0,0.0,0.0,2,4.0,0.0,0.0,False,0.9999841142626599,0.2011416119530353,1.0,0.0,0.8525512427298905,0.6414238441553536,Belarus_2019
2019,Czech Republic,Cyprus,0.0,0.0,0.0,2,3.0,0.0,0.0,False,0.9999865392828614,0.2278245066709697,1.0,0.0,0.8525542619484786,0.9080081328570575,Cyprus_2019
2019,Czech Republic,Denmark,0.0,0.0,0.0,2,8.0,0.0,0.0,False,0.9999804593947991,0.24844696445153708,1.0,0.0,0.8525466923162586,1.1140436210163818,Denmark_2019
2019,Czech Republic,Estonia,1.0,1.0,2.0,2,8.0,0.0,0.0,False,0.9999999999999998,0.21720158772326725,1.0,0.0,0.8525710209211954,0.8018763461245746,Estonia_2019
2019,Czech Republic,France,2.0,0.0,2.0,2,7.0,0.0,0.0,False,-0.7573552920264792,0.13833973603896954,1.0,0.0,-1.335385912550834,0.013980922513457531,France_2019
2019,Czech Republic,Germany,0.0,0.0,0.0,2,7.0,0.0,0.0,False,0.9999804593947991,0.19294653837877393,1.0,0.0,0.8525466923162586,0.5595482499686328,Germany_2019
2019,Czech Republic,Greece,0.0,0.0,0.0,2,3.0,0.0,0.0,False,0.9999831681700316,0.21157798732820945,1.0,0.0,0.8525500648178683,0.7456919056016552,Greece_2019
2019,Czech Republic,Iceland,4.0,6.0,10.0,2,8.0,0.0,0.0,False,-0.3686029840657601,0.014347817338992524,0.0,0.0,-0.8513783180335764,-1.2248013685689276,Iceland_2019
2019,Czech Republic,Israel,0.0,3.0,3.0,2,2.0,1.0,0.0,False,0.9999865405876649,0.24062847683174332,1.0,0.0,0.8525542635729959,1.035930433415155,Israel_2019
2019,Czech Republic,Italy,8.0,2.0,10.0,2,1.0,0.0,0.0,False,-0.48428164466101165,0.01529725681615649,0.0,0.0,-0.9954015150800191,-1.2153156793151694,Italy_2019
2019,Czech Republic,Malta,3.0,0.0,3.0,2,3.0,0.0,0.0,False,0.9999873912163453,0.17951541331573406,1.0,0.0,0.8525553226297089,0.4253601508420592,Malta_2019
2019,Czech Republic,Netherlands,6.0,4.0,10.0,2,7.0,0.0,0.0,False,0.9999865405876649,0.33084921558785685,1.0,0.0,0.8525542635729959,1.9373105768249719,Netherlands_2019
2019,Czech Republic,Norway,0.0,10.0,10.0,2,8.0,0.0,0.0,False,0.9999831681700316,0.22345984808065555,1.0,0.0,0.8525500648178683,0.8644015670018685,Norway_2019
2019,Czech Republic,Russia,0.0,12.0,12.0,2,4.0,0.0,0.0,False,0.9999987247056139,0.13833862829490184,1.0,0.0,0.8525694331436945,0.013969855229811132,Russia_2019
2019,Czech Republic,San Marino,0.0,0.0,0.0,2,3.0,0.0,0.0,False,0.9999865405876649,0.17561222902227513,1.0,0.0,0.8525542635729959,0.38636409664543414,San Marino_2019
2019,Czech Republic,Serbia,0.0,0.0,0.0,2,6.0,0.0,0.0,False,-0.793862481105508,0.039124887862848484,0.0,0.0,-1.3808383932355608,-0.9772578470905572,Serbia_2019
2019,Czech Republic,Slovenia,10.0,0.0,10.0,2,6.0,0.0,0.0,False,-0.6978689186486892,0.01888531123862735,0.0,0.0,-1.2613236989110665,-1.1794680343670187,Slovenia_2019
2019,Czech Republic,Spain,0.0,0.0,0.0,2,5.0,0.0,0.0,False,-0.7187132993735605,0.0,0.0,0.0,-1.2872755411696242,-1.3681479851999356,Spain_2019
2019,Czech Republic,Sweden,12.0,0.0,12.0,2,8.0,0.0,0.0,False,0.9999865405876649,0.18428894342953314,1.0,0.0,0.8525542635729959,0.47305168294288374,Sweden_2019
2019,Czech Republic,Switzerland,0.0,5.0,5.0,2,7.0,0.0,0.0,False,0.9999865405876649,0.2957145159456074,1.0,0.0,0.8525542635729959,1.5862857344347774,Switzerland_2019
2019,Czech Republic,United Kingdom,0.0,0.0,0.0,2,8.0,0.0,0.0,False,0.9999987247056139,0.2950661885230053,1.0,0.0,0.8525694331436945,1.579808404796175,United Kingdom_2019
2019,Denmark,Albania,0.0,0.0,0.0,8,3.0,0.0,0.0,True,-0.7187673650754584,0.061842830333316515,0.0,0.0,-1.2873428544942929,-0.750286725768201,Albania_2019
2019,Denmark,Australia,0.0,2.0,2.0,8,8.0,1.0,0.0,False,0.9999923666618215,0.10573277620306389,1.0,0.0,0.8525615171997403,-0.31178969894529407,Australia_2019
2019,Denmark,Azerbaijan,4.0,5.0,9.0,8,2.0,0.0,0.0,True,0.9999955438848122,0.221897384350296,1.0,0.0,0.8525654729320291,0.8487912561048221,Azerbaijan_2019
2019,Denmark,Belarus,0.0,0.0,0.0,8,4.0,0.0,0.0,True,0.9999958718146429,0.2009677381265734,1.0,0.0,0.8525658812139232,0.6396867001595025,Belarus_2019
2019,Denmark,Cyprus,0.0,0.0,0.0,8,3.0,0.0,0.0,True,0.9999887266487947,0.24087176231481366,1.0,0.0,0.8525569852807959,1.0383610575337654,Cyprus_2019
2019,Denmark,Czech Republic,0.0,0.0,0.0,8,2.0,0.0,0.0,False,0.9999804593947991,0.24844696445153708,1.0,0.0,0.8525466923162586,1.1140436210163818,Czech Republic_2019
2019,Denmark,Estonia,2.0,8.0,10.0,8,8.0,1.0,0.0,True,0.9999804593947991,0.1642602577341843,1.0,0.0,0.8525466923162586,0.2729484712723812,Estonia_2019
2019,Denmark,France,0.0,0.0,0.0,8,7.0,0.0,0.0,True,-0.7575822431891804,0.25888638900172295,1.0,1.0,-1.3356684731532604,1.21834214625457,France_2019
2019,Denmark,Germany,8.0,0.0,8.0,8,7.0,0.0,0.0,True,0.9999999999999999,0.13916898156390323,1.0,0.0,0.8525710209211954,0.02226577431684653,Germany_2019
2019,Denmark,Greece,0.0,0.0,0.0,8,3.0,0.0,0.0,True,0.999999684623319,0.2210706450564487,1.0,0.0,0.8525706282683274,0.8405314436323809,Greece_2019
2019,Denmark,Iceland,0.0,4.0,4.0,8,8.0,1.0,1.0,True,-0.3688225729028783,0.08717093652875148,0.0,0.0,-0.8516517123328772,-0.49723790008239693,Iceland_2019
2019,Denmark,Israel,0.0,0.0,0.0,8,2.0,0.0,0.0,True,0.9999887816645434,0.08556894552310079,1.0,0.0,0.8525570537769559,-0.5132431213022997,Israel_2019
2019,Denmark,Italy,1.0,3.0,4.0,8,1.0,0.0,0.0,True,-0.48342851048305624,0.09023030958382888,0.0,0.0,-0.9943393389518856,-0.46667222126896624,Italy_2019
2019,Denmark,Malta,0.0,0.0,0.0,8,3.0,0.0,0.0,True,0.9999966008031933,0.19543058172626937,1.0,0.0,0.8525667888252415,0.5843659069693622,Malta_2019
2019,Denmark,Netherlands,7.0,7.0,14.0,8,7.0,0.0,0.0,False,0.9999887816645434,0.21138339936901776,1.0,0.0,0.8525570537769559,0.7437478102087304,Netherlands_2019
2019,Denmark,Norway,5.0,12.0,17.0,8,8.0,1.0,1.0,True,0.999999684623319,0.15110828123185646,1.0,0.0,0.8525706282683274,0.1415492982082226,Norway_2019
2019,Denmark,Russia,3.0,0.0,3.0,8,4.0,0.0,0.0,True,0.9999830292048042,0.1309788392996263,1.0,0.0,0.8525498918022385,-0.05956055198576849,Russia_2019
2019,Denmark,San Marino,0.0,0.0,0.0,8,3.0,0.0,0.0,False,0.9999887816645434,0.18366190607446153,1.0,0.0,0.8525570537769559,0.4667870587685504,San Marino_2019
2019,Denmark,Serbia,0.0,0.0,0.0,8,6.0,0.0,0.0,True,-0.7936497529474713,0.09144176100211364,0.0,0.0,-1.3805735406753339,-0.45456881502110347,Serbia_2019
2019,Denmark,Slovenia,0.0,0.0,0.0,8,6.0,0.0,0.0,True,-0.6976336321939128,0.034010052862065716,0.0,0.0,-1.261030760634774,-1.0283592985981322,Slovenia_2019
2019,Denmark,Spain,0.0,1.0,1.0,8,5.0,0.0,0.0,True,-0.71823256234806,0.03375160499993274,0.0,0.0,-1.2866770100058391,-1.0309414074818015,Spain_2019
2019,Denmark,Sweden,12.0,10.0,22.0,8,8.0,1.0,1.0,True,0.9999887816645434,0.2895635899277366,1.0,0.0,0.8525570537769559,1.5248328727919676,Sweden_2019
2019,Denmark,Switzerland,6.0,6.0,12.0,8,7.0,0.0,0.0,True,0.9999887816645434,0.15276703738599862,1.0,0.0,0.8525570537769559,0.15812165042697737,Switzerland_2019
2019,Denmark,United Kingdom,0.0,0.0,0.0,8,8.0,1.0,1.0,True,0.9999830292048042,0.20697720956875032,1.0,0.0,0.8525498918022385,0.699726313058367,United Kingdom_2019
2019,Estonia,Albania,0.0,0.0,0.0,8,3.0,0.0,0.0,True,-0.7194171932956895,0.029420756487696906,0.0,0.0,-1.2881519089674958,-1.0742101825646349,Albania_2019
2019,Estonia,Australia,0.0,2.0,2.0,8,8.0,1.0,0.0,False,0.9999840314511718,0.23730413880688256,1.0,0.0,0.8525511396272507,1.0027175343976475,Australia_2019
2019,Estonia,Azerbaijan,5.0,1.0,6.0,8,2.0,0.0,0.0,True,0.9999845775570015,0.18261564046925227,1.0,0.0,0.8525518195444207,0.45633399604405156,Azerbaijan_2019
2019,Estonia,Belarus,1.0,0.0,1.0,8,4.0,0.0,0.0,True,0.9999841142626599,0.27594268565901536,1.0,0.0,0.8525512427298905,1.3887487217155678,Belarus_2019
2019,Estonia,Cyprus,0.0,0.0,0.0,8,3.0,0.0,0.0,True,0.9999865392828614,0.2368293248859486,1.0,0.0,0.8525542619484786,0.9979737488108174,Cyprus_2019
2019,Estonia,Czech Republic,8.0,0.0,8.0,8,2.0,0.0,0.0,False,0.9999999999999998,0.21720158772326725,1.0,0.0,0.8525710209211954,0.8018763461245746,Czech Republic_2019
2019,Estonia,Denmark,2.0,6.0,8.0,8,8.0,1.0,0.0,True,0.9999804593947991,0.1642602577341843,1.0,0.0,0.8525466923162586,0.2729484712723812,Denmark_2019
2019,Estonia,France,3.0,0.0,3.0,8,7.0,0.0,0.0,True,-0.7573552920264792,0.19546745252659325,1.0,0.0,-1.335385912550834,0.5847342769000654,France_2019
2019,Estonia,Germany,0.0,0.0,0.0,8,7.0,0.0,0.0,True,0.9999804593947991,0.18964588704525928,1.0,0.0,0.8525466923162586,0.5265720006786364,Germany_2019
2019,Estonia,Greece,0.0,0.0,0.0,8,3.0,0.0,0.0,True,0.9999831681700316,0.2150156611947812,1.0,0.0,0.8525500648178683,0.7800371238471292,Greece_2019
2019,Estonia,Iceland,0.0,5.0,5.0,8,8.0,1.0,0.0,True,-0.3686029840657601,0.02227554313105391,0.0,0.0,-0.8513783180335764,-1.145596800862173,Iceland_2019
2019,Estonia,Israel,0.0,0.0,0.0,8,2.0,0.0,0.0,True,0.9999865405876649,0.20774866047523663,1.0,0.0,0.8525542635729959,0.7074337486026713,Israel_2019
2019,Estonia,Italy,0.0,0.0,0.0,8,1.0,0.0,0.0,True,-0.48428164466101165,0.00520017829938068,0.0,0.0,-0.9954015150800191,-1.3161938832287328,Italy_2019
2019,Estonia,Malta,0.0,0.0,0.0,8,3.0,0.0,0.0,True,0.9999873912163453,0.2589464798885482,1.0,0.0,0.8525553226297089,1.2189425041426891,Malta_2019
2019,Estonia,Netherlands,7.0,8.0,15.0,8,7.0,0.0,0.0,False,0.9999865405876649,0.21228999204049037,1.0,0.0,0.8525542635729959,0.7528054242727795,Netherlands_2019
2019,Estonia,Norway,0.0,10.0,10.0,8,8.0,1.0,0.0,True,0.9999831681700316,0.18034243822404006,1.0,0.0,0.8525500648178683,0.43362281684025616,Norway_2019
2019,Estonia,Russia,6.0,12.0,18.0,8,4.0,0.0,0.0,True,0.9999987247056139,0.22975679588916667,1.0,0.0,0.8525694331436945,0.9273133076607786,Russia_2019
2019,Estonia,San Marino,0.0,0.0,0.0,8,3.0,0.0,0.0,False,0.9999865405876649,0.2828924343520484,1.0,0.0,0.8525542635729959,1.4581824856146008,San Marino_2019
2019,Estonia,Serbia,4.0,0.0,4.0,8,6.0,0.0,0.0,True,-0.793862481105508,0.02665242661787327,0.0,0.0,-1.3808383932355608,-1.10186809813339,Serbia_2019
2019,Estonia,Slovenia,0.0,7.0,7.0,8,6.0,0.0,0.0,True,-0.6978689186486892,0.0056305530119337205,0.0,0.0,-1.2613236989110665,-1.3118940822575873,Slovenia_2019
2019,Estonia,Spain,0.0,0.0,0.0,8,5.0,0.0,0.0,True,-0.7187132993735605,0.004364789336087655,0.0,0.0,-1.2872755411696242,-1.3245401130858343,Spain_2019
2019,Estonia,Sweden,12.0,3.0,15.0,8,8.0,1.0,0.0,True,0.9999865405876649,0.22242286195516625,1.0,0.0,0.8525542635729959,0.8540412139899708,Sweden_2019
2019,Estonia,Switzerland,10.0,4.0,14.0,8,7.0,0.0,0.0,True,0.9999865405876649,0.18943565574237003,1.0,0.0,0.8525542635729959,0.5244716152843226,Switzerland_2019
2019,Estonia,United Kingdom,0.0,0.0,0.0,8,8.0,1.0,0.0,True,0.9999987247056139,0.24539714201488094,1.0,0.0,0.8525694331436945,1.083573360816464,United Kingdom_2019
2019,France,Albania,0.0,0.0,0.0,7,3.0,0.0,0.0,True,0.4713345797910461,0.11856388905033871,0.0,0.0,0.19436765312113655,-0.18359622039654508,Albania_2019
2019,France,Australia,4.0,6.0,10.0,7,8.0,0.0,0.0,False,-0.7577199577473634,0.147219400507626,1.0,0.0,-1.3358399316646856,0.10269614855283919,Australia_2019
2019,France,Azerbaijan,6.0,0.0,6.0,7,2.0,0.0,0.0,True,-0.757857984723408,0.08363864216436612,1.0,0.0,-1.3360117791451658,-0.5325284557199678,Azerbaijan_2019
2019,France,Belarus,0.0,0.0,0.0,7,4.0,0.0,0.0,True,-0.7576671530541703,0.12006236762763704,1.0,0.0,-1.3357741883314418,-0.16862517434301028,Belarus_2019
2019,France,Cyprus,0.0,0.0,0.0,7,3.0,0.0,0.0,True,-0.7570273745922383,0.12349025832412845,1.0,0.0,-1.334977646090939,-0.1343776980953473,Cyprus_2019
2019,France,Czech Republic,3.0,0.0,3.0,7,2.0,0.0,0.0,False,-0.7573552920264792,0.13833973603896954,1.0,0.0,-1.335385912550834,0.013980922513457531,Czech Republic_2019
2019,France,Denmark,1.0,4.0,5.0,7,8.0,0.0,0.0,True,-0.7575822431891804,0.25888638900172295,1.0,1.0,-1.3356684731532604,1.21834214625457,Denmark_2019
2019,France,Estonia,0.0,0.0,0.0,7,8.0,0.0,0.0,True,-0.7573552920264792,0.19546745252659325,1.0,0.0,-1.335385912550834,0.5847342769000654,Estonia_2019
2019,France,Germany,0.0,0.0,0.0,7,7.0,1.0,1.0,True,-0.7575822431891804,0.19628599856881654,1.0,0.0,-1.3356684731532604,0.5929122319811168,Germany_2019
2019,France,Greece,0.0,0.0,0.0,7,3.0,0.0,0.0,True,-0.7574733488984975,0.12401694069319175,1.0,0.0,-1.3355328966882185,-0.1291157036148873,Greece_2019
2019,France,Iceland,5.0,1.0,6.0,7,8.0,0.0,0.0,True,0.42713894678351855,0.055688973687154905,0.0,0.0,0.13934284276733577,-0.8117688668226571,Iceland_2019
2019,France,Israel,0.0,12.0,12.0,7,2.0,0.0,0.0,True,-0.7570619516787371,0.12969726252149544,1.0,0.0,-1.3350206955394412,-0.07236456884474171,Israel_2019
2019,France,Italy,8.0,10.0,18.0,7,1.0,0.0,0.0,True,0.48484503297891407,0.12102318971134908,0.0,0.0,0.211188548622955,-0.15902576339217733,Italy_2019
2019,France,Malta,0.0,0.0,0.0,7,3.0,0.0,0.0,True,-0.7572670167599479,0.20923986564991245,1.0,0.0,-1.3352760073527576,0.7223321273206318,Malta_2019
2019,France,Netherlands,12.0,5.0,17.0,7,7.0,1.0,0.0,False,-0.7570619516787371,0.10323477459903145,1.0,0.0,-1.3350206955394412,-0.3367468105265616,Netherlands_2019
2019,France,Norway,0.0,8.0,8.0,7,8.0,0.0,0.0,True,-0.7574733488984975,0.1525602688789757,1.0,0.0,-1.3355328966882185,0.15605586124056015,Norway_2019
2019,France,Russia,0.0,3.0,3.0,7,4.0,0.0,0.0,True,-0.7573549359317082,0.17440808311921946,1.0,0.0,-1.3353854692027949,0.3743336785647673,Russia_2019
2019,France,San Marino,0.0,0.0,0.0,7,3.0,0.0,0.0,False,-0.7570619516787371,0.1822192135863993,1.0,0.0,-1.3350206955394412,0.452373362098419,San Marino_2019
2019,France,Serbia,0.0,0.0,0.0,7,6.0,0.0,0.0,True,0.7852872915486834,0.14166762191132048,0.0,0.0,0.5852476394216631,0.047229267475251954,Serbia_2019
2019,France,Slovenia,0.0,0.0,0.0,7,6.0,0.0,0.0,True,0.4253950079520782,0.15871735276696494,0.0,0.0,0.1371715897059238,0.21757024512234752,Slovenia_2019
2019,France,Spain,0.0,7.0,7.0,7,5.0,0.0,0.0,True,0.6384362905277082,0.0,0.0,0.0,0.40241399882036955,-1.3681479851999356,Spain_2019
2019,France,Sweden,10.0,0.0,10.0,7,8.0,0.0,0.0,True,-0.7570619516787371,0.0986029559808149,1.0,0.0,-1.3350206955394412,-0.38302252704028156,Sweden_2019
2019,France,Switzerland,2.0,2.0,4.0,7,7.0,1.0,1.0,True,-0.7570619516787371,0.12350543535264973,1.0,0.0,-1.3350206955394412,-0.13422606697002454,Switzerland_2019
2019,France,United Kingdom,0.0,0.0,0.0,7,8.0,0.0,0.0,True,-0.7573549359317082,0.1623153499551757,1.0,0.0,-1.3353854692027949,0.2535172265615541,United Kingdom_2019
2019,Germany,Albania,0.0,0.0,0.0,7,3.0,0.0,0.0,True,-0.7187673650754584,0.01924758694538388,0.0,0.0,-1.2873428544942929,-1.1758485990463567,Albania_2019
2019,Germany,Australia,10.0,5.0,15.0,7,8.0,0.0,0.0,False,0.9999923666618215,0.13921691616849335,1.0,0.0,0.8525615171997403,0.022744680844940263,Australia_2019
2019,Germany,Azerbaijan,0.0,0.0,0.0,7,2.0,0.0,0.0,True,0.9999955438848122,0.28336787250839807,1.0,0.0,0.8525654729320291,1.4629325078319029,Azerbaijan_2019
2019,Germany,Belarus,0.0,0.0,0.0,7,4.0,0.0,0.0,True,0.9999958718146429,0.2512161080144037,1.0,0.0,0.8525658812139232,1.1417096660547232,Belarus_2019
2019,Germany,Cyprus,0.0,0.0,0.0,7,3.0,0.0,0.0,True,0.9999887266487947,0.16307557951635965,1.0,0.0,0.8525569852807959,0.26111255154261837,Cyprus_2019
2019,Germany,Czech Republic,0.0,0.0,0.0,7,2.0,0.0,0.0,False,0.9999804593947991,0.19294653837877393,1.0,0.0,0.8525466923162586,0.5595482499686328,Czech Republic_2019
2019,Germany,Denmark,1.0,4.0,5.0,7,8.0,0.0,0.0,True,0.9999999999999999,0.13916898156390323,1.0,0.0,0.8525710209211954,0.02226577431684653,Denmark_2019
2019,Germany,Estonia,0.0,0.0,0.0,7,8.0,0.0,0.0,True,0.9999804593947991,0.18964588704525928,1.0,0.0,0.8525466923162586,0.5265720006786364,Estonia_2019
2019,Germany,France,4.0,0.0,4.0,7,7.0,1.0,1.0,True,-0.7575822431891804,0.19628599856881654,1.0,0.0,-1.3356684731532604,0.5929122319811168,France_2019
2019,Germany,Greece,0.0,0.0,0.0,7,3.0,0.0,0.0,True,0.999999684623319,0.18976105164241275,1.0,0.0,0.8525706282683274,0.5277225906929627,Greece_2019
2019,Germany,Iceland,0.0,2.0,2.0,7,8.0,0.0,0.0,True,-0.3688225729028783,0.01460334869475085,0.0,0.0,-0.8516517123328772,-1.222248398007228,Iceland_2019
2019,Germany,Israel,0.0,0.0,0.0,7,2.0,0.0,0.0,True,0.9999887816645434,0.14641544822892028,1.0,0.0,0.8525570537769559,0.09466399729509627,Israel_2019
2019,Germany,Italy,12.0,6.0,18.0,7,1.0,0.0,0.0,True,-0.48342851048305624,0.021896398932091304,0.0,0.0,-0.9943393389518856,-1.1493847664357841,Italy_2019
2019,Germany,Malta,3.0,0.0,3.0,7,3.0,0.0,0.0,True,0.9999966008031933,0.1960272829244607,1.0,0.0,0.8525667888252415,0.5903274477305441,Malta_2019
2019,Germany,Netherlands,8.0,7.0,15.0,7,7.0,1.0,0.0,False,0.9999887816645434,0.19168645522230238,1.0,0.0,0.8525570537769559,0.5469589722488063,Netherlands_2019
2019,Germany,Norway,5.0,12.0,17.0,7,8.0,0.0,0.0,True,0.999999684623319,0.24252111719339572,1.0,0.0,0.8525706282683274,1.0548394831982775,Norway_2019
2019,Germany,Russia,0.0,8.0,8.0,7,4.0,0.0,0.0,True,0.9999830292048042,0.2383519100574375,1.0,0.0,0.8525498918022385,1.0131856397701708,Russia_2019
2019,Germany,San Marino,0.0,0.0,0.0,7,3.0,0.0,0.0,False,0.9999887816645434,0.12737917918968533,1.0,0.0,0.8525570537769559,-0.0955241473947601,San Marino_2019
2019,Germany,Serbia,0.0,0.0,0.0,7,6.0,0.0,0.0,True,-0.7936497529474713,0.06921666033623068,0.0,0.0,-1.3805735406753339,-0.6766160372198211,Serbia_2019
2019,Germany,Slovenia,0.0,3.0,3.0,7,6.0,0.0,0.0,True,-0.6976336321939128,0.032120664632624425,0.0,0.0,-1.261030760634774,-1.0472358568783116,Slovenia_2019
2019,Germany,Spain,0.0,0.0,0.0,7,5.0,0.0,0.0,True,-0.71823256234806,0.05868016948816871,0.0,0.0,-1.2866770100058391,-0.781884335424914,Spain_2019
2019,Germany,Sweden,2.0,1.0,3.0,7,8.0,0.0,0.0,True,0.9999887816645434,0.274497172583942,1.0,0.0,0.8525570537769559,1.3743068450376061,Sweden_2019
2019,Germany,Switzerland,6.0,10.0,16.0,7,7.0,1.0,1.0,True,0.9999887816645434,0.18614904830202939,1.0,0.0,0.8525570537769559,0.4916356761560223,Switzerland_2019
2019,Germany,United Kingdom,0.0,0.0,0.0,7,8.0,0.0,0.0,True,0.9999830292048042,0.1403645284712688,1.0,0.0,0.8525498918022385,0.03421028128577568,United Kingdom_2019
2019,Greece,Albania,3.0,5.0,8.0,3,3.0,1.0,0.0,True,-0.7187851435946964,0.022963028743992805,0.0,0.0,-1.2873649892524774,-1.138728248366076,Albania_2019
2019,Greece,Australia,2.0,3.0,5.0,3,8.0,0.0,0.0,False,0.9999926754473722,0.24112658879976442,1.0,0.0,0.8525619016464655,1.0409069858504294,Australia_2019
2019,Greece,Azerbaijan,8.0,0.0,8.0,3,2.0,0.0,0.0,True,0.9999952392065466,0.172914243286141,1.0,0.0,0.8525650935989901,0.35940897742026107,Azerbaijan_2019
2019,Greece,Belarus,0.0,0.0,0.0,3,4.0,0.0,0.0,True,0.99999617182692,0.14366276001826467,1.0,0.0,0.8525662547376748,0.06716235489788046,Belarus_2019
2019,Greece,Cyprus,12.0,12.0,24.0,3,3.0,1.0,0.0,True,0.9999914691294847,0.24662064089610208,1.0,0.0,0.8525603997466515,1.0957971312291412,Cyprus_2019
2019,Greece,Czech Republic,0.0,0.0,0.0,3,2.0,0.0,0.0,False,0.9999831681700316,0.21157798732820945,1.0,0.0,0.8525500648178683,0.7456919056016552,Czech Republic_2019
2019,Greece,Denmark,0.0,0.0,0.0,3,8.0,0.0,0.0,True,0.999999684623319,0.2210706450564487,1.0,0.0,0.8525706282683274,0.8405314436323809,Denmark_2019
2019,Greece,Estonia,0.0,0.0,0.0,3,8.0,0.0,0.0,True,0.9999831681700316,0.2150156611947812,1.0,0.0,0.8525500648178683,0.7800371238471292,Estonia_2019
2019,Greece,France,0.0,1.0,1.0,3,7.0,0.0,0.0,True,-0.7574733488984975,0.12401694069319175,1.0,0.0,-1.3355328966882185,-0.1291157036148873,France_2019
2019,Greece,Germany,0.0,0.0,0.0,3,7.0,0.0,0.0,True,0.999999684623319,0.18976105164241275,1.0,0.0,0.8525706282683274,0.5277225906929627,Germany_2019
2019,Greece,Iceland,0.0,2.0,2.0,3,8.0,0.0,0.0,True,-0.36867507509177283,0.01951931050817199,0.0,0.0,-0.8514680733954668,-1.1731338548825359,Iceland_2019
2019,Greece,Israel,0.0,0.0,0.0,3,2.0,0.0,0.0,True,0.9999914258327818,0.16255833256501578,1.0,0.0,0.8525603458410346,0.25594482472494107,Israel_2019
2019,Greece,Italy,7.0,10.0,17.0,3,1.0,0.0,1.0,True,-0.483442115570587,0.00904772119873226,0.0,0.0,-0.994356277669815,-1.2777537327909496,Italy_2019
2019,Greece,Malta,5.0,0.0,5.0,3,3.0,1.0,1.0,True,0.9999981611842595,0.2081073029998659,1.0,0.0,0.8525687315437048,0.7110168854151183,Malta_2019
2019,Greece,Netherlands,0.0,6.0,6.0,3,7.0,0.0,0.0,False,0.9999914258327818,0.233276810586739,1.0,0.0,0.8525603458410346,0.9624811792238719,Netherlands_2019
2019,Greece,Norway,0.0,0.0,0.0,3,8.0,0.0,0.0,True,1.0000000000000002,0.16343739044297997,1.0,0.0,0.852571020921196,0.2647273433235399,Norway_2019
2019,Greece,Russia,10.0,8.0,18.0,3,4.0,0.0,0.0,True,0.9999857358325644,0.16411796174711063,1.0,0.0,0.8525532616301845,0.2715268161296338,Russia_2019
2019,Greece,San Marino,6.0,0.0,6.0,3,3.0,1.0,0.0,False,0.9999914258327818,0.27806940604979785,1.0,0.0,0.8525603458410346,1.409996425483746,San Marino_2019
2019,Greece,Serbia,0.0,0.0,0.0,3,6.0,0.0,0.0,True,-0.7936971859293747,0.09582119599644796,0.0,0.0,-1.3806325960764254,-0.41081462061223145,Serbia_2019
2019,Greece,Slovenia,4.0,0.0,4.0,3,6.0,0.0,0.0,True,-0.6976822012985118,0.009216046061328751,0.0,0.0,-1.261091230540684,-1.2760720275546755,Slovenia_2019
2019,Greece,Spain,0.0,4.0,4.0,3,5.0,0.0,0.0,True,-0.7182720156596802,0.009416582945448808,0.0,0.0,-1.286726130492231,-1.274068497458832,Spain_2019
2019,Greece,Sweden,0.0,0.0,0.0,3,8.0,0.0,0.0,True,0.9999914258327818,0.21592339997115195,1.0,0.0,0.8525603458410346,0.7891061884513945,Sweden_2019
2019,Greece,Switzerland,0.0,7.0,7.0,3,7.0,0.0,0.0,True,0.9999914258327818,0.1678996295154867,1.0,0.0,0.8525603458410346,0.30930881927418385,Switzerland_2019
2019,Greece,United Kingdom,0.0,0.0,0.0,3,8.0,0.0,0.0,True,0.9999857358325644,0.28869214243362934,1.0,0.0,0.8525532616301845,1.5161263882514682,United Kingdom_2019
2019,Iceland,Albania,0.0,0.0,0.0,8,3.0,0.0,0.0,True,0.21099913476784654,0.12777572344185995,0.0,0.0,-0.129757322944576,-0.09156234083208362,Albania_2019
2019,Iceland,Australia,10.0,10.0,20.0,8,8.0,1.0,0.0,False,-0.36907558990544465,0.020517633240480126,0.0,0.0,-0.851966725641548,-1.1631597812934276,Australia_2019
2019,Iceland,Azerbaijan,4.0,0.0,4.0,8,2.0,0.0,0.0,True,-0.369008702155776,0.019068507388588028,0.0,0.0,-0.8518834485055494,-1.1776377526136175,Azerbaijan_2019
2019,Iceland,Belarus,0.0,0.0,0.0,8,4.0,0.0,0.0,True,-0.36896642643398286,0.013501947387837913,0.0,0.0,-0.85183081403884,-1.2332523122032828,Belarus_2019
2019,Iceland,Cyprus,0.0,0.0,0.0,8,3.0,0.0,0.0,True,-0.36840473420385045,0.01723505379632358,0.0,0.0,-0.8511314913606248,-1.1959554773930392,Cyprus_2019
2019,Iceland,Czech Republic,6.0,2.0,8.0,8,2.0,0.0,0.0,False,-0.3686029840657601,0.014347817338992524,0.0,0.0,-0.8513783180335764,-1.2248013685689276,Czech Republic_2019
2019,Iceland,Denmark,0.0,4.0,4.0,8,8.0,1.0,1.0,True,-0.3688225729028783,0.08717093652875148,0.0,0.0,-0.8516517123328772,-0.49723790008239693,Denmark_2019
2019,Iceland,Estonia,0.0,3.0,3.0,8,8.0,1.0,0.0,True,-0.3686029840657601,0.02227554313105391,0.0,0.0,-0.8513783180335764,-1.145596800862173,Estonia_2019
2019,Iceland,France,1.0,0.0,1.0,8,7.0,0.0,0.0,True,0.42713894678351855,0.055688973687154905,0.0,0.0,0.13934284276733577,-0.8117688668226571,France_2019
2019,Iceland,Germany,0.0,0.0,0.0,8,7.0,0.0,0.0,True,-0.3688225729028783,0.01460334869475085,0.0,0.0,-0.8516517123328772,-1.222248398007228,Germany_2019
2019,Iceland,Greece,0.0,0.0,0.0,8,3.0,0.0,0.0,True,-0.36867507509177283,0.01951931050817199,0.0,0.0,-0.8514680733954668,-1.1731338548825359,Greece_2019
2019,Iceland,Israel,0.0,0.0,0.0,8,2.0,0.0,0.0,True,-0.3684486393400525,0.02421157097065495,0.0,0.0,-0.8511861544942575,-1.1262542741242536,Israel_2019
2019,Iceland,Italy,3.0,6.0,9.0,8,1.0,0.0,0.0,True,0.5281293976442689,0.09111949833215811,0.0,0.0,0.2650788041735485,-0.45778848685781254,Italy_2019
2019,Iceland,Malta,0.0,0.0,0.0,8,3.0,0.0,0.0,True,-0.3684741945138973,0.01654904185744138,0.0,0.0,-0.8512179714068953,-1.2028093066608534,Malta_2019
2019,Iceland,Netherlands,7.0,5.0,12.0,8,7.0,0.0,0.0,False,-0.3684486393400525,0.02541690427479009,0.0,0.0,-0.8511861544942575,-1.1142119929202068,Netherlands_2019
2019,Iceland,Norway,0.0,12.0,12.0,8,8.0,1.0,1.0,True,-0.36867507509177283,0.02148060607135333,0.0,0.0,-0.8514680733954668,-1.1535388825914268,Norway_2019
2019,Iceland,Russia,0.0,0.0,0.0,8,4.0,0.0,0.0,True,-0.36864065618813363,0.019283630801193177,0.0,0.0,-0.8514252208890889,-1.1754884909784518,Russia_2019
2019,Iceland,San Marino,0.0,1.0,1.0,8,3.0,0.0,0.0,False,-0.3684486393400525,0.011966582952552707,0.0,0.0,-0.8511861544942575,-1.2485918786260852,San Marino_2019
2019,Iceland,Serbia,2.0,0.0,2.0,8,6.0,0.0,0.0,True,0.16921108376415275,0.026073434230308775,0.0,0.0,-0.18178462575844379,-1.1076527131623897,Serbia_2019
2019,Iceland,Slovenia,0.0,0.0,0.0,8,6.0,0.0,0.0,True,0.19857021539894967,0.08427047082354917,0.0,0.0,-0.1452316783194554,-0.5262159624365289,Slovenia_2019
2019,Iceland,Spain,0.0,0.0,0.0,8,5.0,0.0,0.0,True,0.22221274776282524,0.0,0.0,0.0,-0.11579605830278382,-1.3681479851999356,Spain_2019
2019,Iceland,Sweden,12.0,8.0,20.0,8,8.0,1.0,1.0,True,-0.3684486393400525,0.014328069300906915,0.0,0.0,-0.8511861544942575,-1.2249986678777904,Sweden_2019
2019,Iceland,Switzerland,5.0,7.0,12.0,8,7.0,0.0,0.0,True,-0.3684486393400525,0.02189956506862568,0.0,0.0,-0.8511861544942575,-1.149353134101104,Switzerland_2019
2019,Iceland,United Kingdom,0.0,0.0,0.0,8,8.0,1.0,1.0,True,-0.36864065618813363,0.022720207529877665,0.0,0.0,-0.8514252208890889,-1.1411542340520688,United Kingdom_2019
2019,Israel,Albania,0.0,0.0,0.0,2,3.0,0.0,0.0,True,-0.7188693489008942,0.027518201286272394,0.0,0.0,-1.2874698272350793,-1.093218289835192,Albania_2019
2019,Israel,Australia,5.0,6.0,11.0,2,8.0,0.0,0.0,False,0.9999840852953179,0.2091547374969676,1.0,0.0,0.8525512066647324,0.7214816263408398,Australia_2019
2019,Israel,Azerbaijan,7.0,3.0,10.0,2,2.0,1.0,0.0,True,0.9999843622309251,0.20308367656246498,1.0,0.0,0.8525515514573787,0.6608266832397348,Azerbaijan_2019
2019,Israel,Belarus,0.0,0.0,0.0,2,4.0,0.0,0.0,True,0.9999875602741438,0.17908264214003944,1.0,0.0,0.852555533111439,0.42103640721293906,Belarus_2019
2019,Israel,Cyprus,0.0,0.0,0.0,2,3.0,0.0,0.0,True,0.9999999289149769,0.1500585529355086,1.0,0.0,0.8525709324183357,0.13106164032214412,Cyprus_2019
2019,Israel,Czech Republic,1.0,0.0,1.0,2,2.0,1.0,0.0,False,0.9999865405876649,0.24062847683174332,1.0,0.0,0.8525542635729959,1.035930433415155,Czech Republic_2019
2019,Israel,Denmark,0.0,1.0,1.0,2,8.0,0.0,0.0,True,0.9999887816645434,0.08556894552310079,1.0,0.0,0.8525570537769559,-0.5132431213022997,Denmark_2019
2019,Israel,Estonia,8.0,0.0,8.0,2,8.0,0.0,0.0,True,0.9999865405876649,0.20774866047523663,1.0,0.0,0.8525542635729959,0.7074337486026713,Estonia_2019
2019,Israel,France,2.0,4.0,6.0,2,7.0,0.0,0.0,True,-0.7570619516787371,0.12969726252149544,1.0,0.0,-1.3350206955394412,-0.07236456884474171,France_2019
2019,Israel,Germany,0.0,0.0,0.0,2,7.0,0.0,0.0,True,0.9999887816645434,0.14641544822892028,1.0,0.0,0.8525570537769559,0.09466399729509627,Germany_2019
2019,Israel,Greece,0.0,0.0,0.0,2,3.0,0.0,0.0,True,0.9999914258327818,0.16255833256501578,1.0,0.0,0.8525603458410346,0.25594482472494107,Greece_2019
2019,Israel,Iceland,0.0,0.0,0.0,2,8.0,0.0,0.0,True,-0.3684486393400525,0.02421157097065495,0.0,0.0,-0.8511861544942575,-1.1262542741242536,Iceland_2019
2019,Israel,Italy,10.0,8.0,18.0,2,1.0,0.0,0.0,True,-0.4833745945502017,0.019542868479310832,0.0,0.0,-0.9942722120939025,-1.1728984911768474,Italy_2019
2019,Israel,Malta,4.0,0.0,4.0,2,3.0,0.0,0.0,True,0.9999956174510969,0.2018388815525438,1.0,0.0,0.8525655645241299,0.6483901468066682,Malta_2019
2019,Israel,Netherlands,12.0,2.0,14.0,2,7.0,0.0,0.0,False,1.0000000000000002,0.2152059398252554,1.0,0.0,0.852571020921196,0.7819381654656014,Netherlands_2019
2019,Israel,Norway,0.0,10.0,10.0,2,8.0,0.0,0.0,True,0.9999914258327818,0.1866380907754031,1.0,0.0,0.8525603458410346,0.49652161680404466,Norway_2019
2019,Israel,Russia,0.0,12.0,12.0,2,4.0,0.0,0.0,True,0.9999891028343821,0.19625911430457263,1.0,0.0,0.8525574536424689,0.5926436358435352,Russia_2019
2019,Israel,San Marino,0.0,0.0,0.0,2,3.0,0.0,0.0,False,1.0000000000000002,0.12576477748742795,1.0,0.0,0.852571020921196,-0.11165336178564983,San Marino_2019
2019,Israel,Serbia,0.0,0.0,0.0,2,6.0,0.0,0.0,True,-0.7935277312426053,0.04548995085929419,0.0,0.0,-1.3804216202091615,-0.9136655791081585,Serbia_2019
2019,Israel,Slovenia,0.0,0.0,0.0,2,6.0,0.0,0.0,True,-0.6981257683323371,0.032938700859856285,0.0,0.0,-1.261643484015847,-1.0390629952726231,Slovenia_2019
2019,Israel,Spain,0.0,5.0,5.0,2,5.0,0.0,1.0,True,-0.7185132313155163,0.0,0.0,0.0,-1.2870264507911728,-1.3681479851999356,Spain_2019
2019,Israel,Sweden,6.0,0.0,6.0,2,8.0,0.0,0.0,True,1.0000000000000002,0.13991994933312096,1.0,0.0,0.852571020921196,0.02976856630066594,Sweden_2019
2019,Israel,Switzerland,3.0,7.0,10.0,2,7.0,0.0,0.0,True,1.0000000000000002,0.14850431580091647,1.0,0.0,0.852571020921196,0.11553351995218557,Switzerland_2019
2019,Israel,United Kingdom,0.0,0.0,0.0,2,8.0,0.0,0.0,True,0.9999891028343821,0.21814352483831664,1.0,0.0,0.8525574536424689,0.8112870805471932,United Kingdom_2019
2019,Italy,Albania,1.0,12.0,13.0,1,3.0,0.0,0.0,True,0.29601537042873605,0.1736941039058015,0.0,0.0,-0.02390971027574726,0.36720043298669675,Albania_2019
2019,Italy,Australia,6.0,6.0,12.0,1,8.0,0.0,0.0,False,-0.48359763137151585,0.025095441124077588,0.0,0.0,-0.9945498992308338,-1.1174236768953678,Australia_2019
2019,Italy,Azerbaijan,7.0,1.0,8.0,1,2.0,0.0,0.0,True,-0.48419372657693566,0.020635382105210178,0.0,0.0,-0.9952920545841795,-1.161983372298777,Azerbaijan_2019
2019,Italy,Belarus,0.0,0.0,0.0,1,4.0,0.0,0.0,True,-0.483564222215641,0.015403872871522853,0.0,0.0,-0.994508303888919,-1.2142504963361682,Belarus_2019
2019,Italy,Cyprus,0.0,0.0,0.0,1,3.0,0.0,0.0,True,-0.483372021023037,0.023700201516944727,0.0,0.0,-0.9942690079799541,-1.1313632798570346,Cyprus_2019
2019,Italy,Czech Republic,4.0,0.0,4.0,1,2.0,0.0,0.0,False,-0.48428164466101165,0.01529725681615649,0.0,0.0,-0.9954015150800191,-1.2153156793151694,Czech Republic_2019
2019,Italy,Denmark,12.0,4.0,16.0,1,8.0,0.0,0.0,True,-0.48342851048305624,0.09023030958382888,0.0,0.0,-0.9943393389518856,-0.46667222126896624,Denmark_2019
2019,Italy,Estonia,5.0,0.0,5.0,1,8.0,0.0,0.0,True,-0.48428164466101165,0.00520017829938068,0.0,0.0,-0.9954015150800191,-1.3161938832287328,Estonia_2019
2019,Italy,France,3.0,2.0,5.0,1,7.0,0.0,0.0,True,0.48484503297891407,0.12102318971134908,0.0,0.0,0.211188548622955,-0.15902576339217733,France_2019
2019,Italy,Germany,0.0,0.0,0.0,1,7.0,0.0,0.0,True,-0.48342851048305624,0.021896398932091304,0.0,0.0,-0.9943393389518856,-1.1493847664357841,Germany_2019
2019,Italy,Greece,0.0,0.0,0.0,1,3.0,0.0,1.0,True,-0.483442115570587,0.00904772119873226,0.0,0.0,-0.994356277669815,-1.2777537327909496,Greece_2019
2019,Italy,Iceland,0.0,7.0,7.0,1,8.0,0.0,0.0,True,0.5281293976442689,0.09111949833215811,0.0,0.0,0.2650788041735485,-0.45778848685781254,Iceland_2019
2019,Italy,Israel,0.0,0.0,0.0,1,2.0,0.0,0.0,True,-0.4833745945502017,0.019542868479310832,0.0,0.0,-0.9942722120939025,-1.1728984911768474,Israel_2019
2019,Italy,Malta,8.0,0.0,8.0,1,3.0,0.0,1.0,True,-0.48356280832461535,0.08353172197749381,0.0,0.0,-0.9945065435546901,-0.5335966772254122,Malta_2019
2019,Italy,Netherlands,0.0,5.0,5.0,1,7.0,0.0,0.0,False,-0.4833745945502017,0.01639115070160745,0.0,0.0,-0.9942722120939025,-1.2043867704973386,Netherlands_2019
2019,Italy,Norway,0.0,10.0,10.0,1,8.0,0.0,0.0,True,-0.483442115570587,0.1653419357600323,0.0,0.0,-0.994356277669815,0.28375533350278015,Norway_2019
2019,Italy,Russia,0.0,8.0,8.0,1,4.0,0.0,0.0,True,-0.4842366503646828,0.017332280017154908,0.0,0.0,-0.995345495911291,-1.194984106662934,Russia_2019
2019,Italy,San Marino,0.0,0.0,0.0,1,3.0,0.0,0.0,False,-0.4833745945502017,0.013848135069826168,0.0,0.0,-0.9942722120939025,-1.229793609617386,San Marino_2019
2019,Italy,Serbia,0.0,0.0,0.0,1,6.0,0.0,0.0,True,0.43608814494892173,0.16815459169927585,0.0,0.0,0.15048484704151419,0.31185610333499375,Serbia_2019
2019,Italy,Slovenia,0.0,0.0,0.0,1,6.0,0.0,0.0,True,0.47189480028214714,0.36456655916494285,0.0,0.0,0.19506514344272324,2.274174854461497,Slovenia_2019
2019,Italy,Spain,0.0,0.0,0.0,1,5.0,0.0,0.0,True,0.14608494010383194,0.29615836027004266,0.0,0.0,-0.21057732726601505,1.5907201080203515,Spain_2019
2019,Italy,Sweden,2.0,0.0,2.0,1,8.0,0.0,0.0,True,-0.4833745945502017,0.009534025286168963,0.0,0.0,-0.9942722120939025,-1.2728951508937274,Sweden_2019
2019,Italy,Switzerland,0.0,3.0,3.0,1,7.0,0.0,0.0,True,-0.4833745945502017,0.0262471224225917,0.0,0.0,-0.9942722120939025,-1.1059174238062277,Switzerland_2019
2019,Italy,United Kingdom,0.0,0.0,0.0,1,8.0,0.0,0.0,True,-0.4842366503646828,0.012591250383574833,0.0,0.0,-0.995345495911291,-1.2423509319621453,United Kingdom_2019
2019,Malta,Albania,2.0,0.0,2.0,3,3.0,1.0,0.0,True,-0.7188963824847227,0.027063102498098977,0.0,0.0,-1.2875034848098696,-1.0977651048646975,Albania_2019
2019,Malta,Australia,0.0,3.0,3.0,3,8.0,0.0,0.0,False,0.9999908253374016,0.16603075103133846,1.0,0.0,0.8525595982073393,0.2906371703907622,Australia_2019
2019,Malta,Azerbaijan,8.0,2.0,10.0,3,2.0,0.0,0.0,True,0.999992173733926,0.1609548742763474,1.0,0.0,0.8525612769990658,0.23992494412854506,Azerbaijan_2019
2019,Malta,Belarus,0.0,0.0,0.0,3,4.0,0.0,0.0,True,0.9999943066519839,0.24556922090822642,1.0,0.0,0.8525639325422417,1.0852925719390956,Belarus_2019
2019,Malta,Cyprus,6.0,0.0,6.0,3,3.0,1.0,0.0,True,0.9999957026134106,0.23390298284129676,1.0,0.0,0.8525656705536138,0.9687371603252712,Cyprus_2019
2019,Malta,Czech Republic,0.0,0.0,0.0,3,2.0,0.0,0.0,False,0.9999873912163453,0.17951541331573406,1.0,0.0,0.8525553226297089,0.4253601508420592,Czech Republic_2019
2019,Malta,Denmark,0.0,0.0,0.0,3,8.0,0.0,0.0,True,0.9999966008031933,0.19543058172626937,1.0,0.0,0.8525667888252415,0.5843659069693622,Denmark_2019
2019,Malta,Estonia,0.0,0.0,0.0,3,8.0,0.0,0.0,True,0.9999873912163453,0.2589464798885482,1.0,0.0,0.8525553226297089,1.2189425041426891,Estonia_2019
2019,Malta,France,0.0,0.0,0.0,3,7.0,0.0,0.0,True,-0.7572670167599479,0.20923986564991245,1.0,0.0,-1.3352760073527576,0.7223321273206318,France_2019
2019,Malta,Germany,0.0,0.0,0.0,3,7.0,0.0,0.0,True,0.9999966008031933,0.1960272829244607,1.0,0.0,0.8525667888252415,0.5903274477305441,Germany_2019
2019,Malta,Greece,4.0,0.0,4.0,3,3.0,1.0,1.0,True,0.9999981611842595,0.2081073029998659,1.0,0.0,0.8525687315437048,0.7110168854151183,Greece_2019
2019,Malta,Iceland,0.0,1.0,1.0,3,8.0,0.0,0.0,True,-0.3684741945138973,0.01654904185744138,0.0,0.0,-0.8512179714068953,-1.2028093066608534,Iceland_2019
2019,Malta,Israel,0.0,0.0,0.0,3,2.0,0.0,0.0,True,0.9999956174510969,0.2018388815525438,1.0,0.0,0.8525655645241299,0.6483901468066682,Israel_2019
2019,Malta,Italy,12.0,12.0,24.0,3,1.0,0.0,1.0,True,-0.48356280832461535,0.08353172197749381,0.0,0.0,-0.9945065435546901,-0.5335966772254122,Italy_2019
2019,Malta,Netherlands,7.0,10.0,17.0,3,7.0,0.0,0.0,False,0.9999956174510969,0.16903150632648126,1.0,0.0,0.8525655645241299,0.32061720907771313,Netherlands_2019
2019,Malta,Norway,0.0,7.0,7.0,3,8.0,0.0,0.0,True,0.9999981611842595,0.3121933678746122,1.0,0.0,0.8525687315437048,1.7509231572688815,Norway_2019
2019,Malta,Russia,10.0,4.0,14.0,3,4.0,0.0,0.0,True,0.9999899551356984,0.22287650008906132,1.0,0.0,0.8525585147816607,0.858573435869597,Russia_2019
2019,Malta,San Marino,1.0,0.0,1.0,3,3.0,1.0,0.0,False,0.9999956174510969,0.320973706432816,1.0,0.0,0.8525655645241299,1.838646034934236,San Marino_2019
2019,Malta,Serbia,0.0,0.0,0.0,3,6.0,0.0,0.0,True,-0.793733380012271,0.07978891060546475,0.0,0.0,-1.3806776587310763,-0.5709904726851821,Serbia_2019
2019,Malta,Slovenia,0.0,0.0,0.0,3,6.0,0.0,0.0,True,-0.697794680169377,0.05738161166897858,0.0,0.0,-1.2612312699092143,-0.7948580069933948,Slovenia_2019
2019,Malta,Spain,0.0,0.0,0.0,3,5.0,0.0,0.0,True,-0.7182831678159597,0.11862715625216776,0.0,0.0,-1.2867400152415278,-0.1829641284823793,Spain_2019
2019,Malta,Sweden,5.0,6.0,11.0,3,8.0,0.0,0.0,True,0.9999956174510969,0.22069945884973255,1.0,0.0,0.8525655645241299,0.836822985013504,Sweden_2019
2019,Malta,Switzerland,0.0,8.0,8.0,3,7.0,0.0,0.0,True,0.9999956174510969,0.22632096044095754,1.0,0.0,0.8525655645241299,0.8929864567422648,Switzerland_2019
2019,Malta,United Kingdom,0.0,0.0,0.0,3,8.0,0.0,0.0,True,0.9999899551356984,0.31366369593614,1.0,0.0,0.8525585147816607,1.765612956279972,United Kingdom_2019
2019,Netherlands,Albania,0.0,0.0,0.0,7,3.0,0.0,0.0,False,-0.7188693489008942,0.026569952705869464,0.0,0.0,-1.2874698272350793,-1.1026920810408067,Albania_2019
2019,Netherlands,Australia,2.0,2.0,4.0,7,8.0,0.0,0.0,False,0.9999840852953179,0.13400557178214786,1.0,0.0,0.8525512066647324,-0.029320979612797206,Australia_2019
2019,Netherlands,Azerbaijan,0.0,4.0,4.0,7,2.0,0.0,0.0,False,0.9999843622309251,0.1502784194278954,1.0,0.0,0.8525515514573787,0.133258289265292,Azerbaijan_2019
2019,Netherlands,Belarus,0.0,0.0,0.0,7,4.0,0.0,0.0,False,0.9999875602741438,0.20573243881233133,1.0,0.0,0.852555533111439,0.6872900189379393,Belarus_2019
2019,Netherlands,Cyprus,1.0,0.0,1.0,7,3.0,0.0,0.0,False,0.9999999289149769,0.2569841433960549,1.0,0.0,0.8525709324183357,1.1993371321028592,Cyprus_2019
2019,Netherlands,Czech Republic,4.0,0.0,4.0,7,2.0,0.0,0.0,False,0.9999865405876649,0.33084921558785685,1.0,0.0,0.8525542635729959,1.9373105768249719,Czech Republic_2019
2019,Netherlands,Denmark,7.0,5.0,12.0,7,8.0,0.0,0.0,False,0.9999887816645434,0.21138339936901776,1.0,0.0,0.8525570537769559,0.7437478102087304,Denmark_2019
2019,Netherlands,Estonia,0.0,0.0,0.0,7,8.0,0.0,0.0,False,0.9999865405876649,0.21228999204049037,1.0,0.0,0.8525542635729959,0.7528054242727795,Estonia_2019
2019,Netherlands,France,0.0,0.0,0.0,7,7.0,1.0,0.0,False,-0.7570619516787371,0.10323477459903145,1.0,0.0,-1.3350206955394412,-0.3367468105265616,France_2019
2019,Netherlands,Germany,0.0,0.0,0.0,7,7.0,1.0,0.0,False,0.9999887816645434,0.19168645522230238,1.0,0.0,0.8525570537769559,0.5469589722488063,Germany_2019
2019,Netherlands,Greece,0.0,0.0,0.0,7,3.0,0.0,0.0,False,0.9999914258327818,0.233276810586739,1.0,0.0,0.8525603458410346,0.9624811792238719,Greece_2019
2019,Netherlands,Iceland,0.0,7.0,7.0,7,8.0,0.0,0.0,False,-0.3684486393400525,0.02541690427479009,0.0,0.0,-0.8511861544942575,-1.1142119929202068,Iceland_2019
2019,Netherlands,Israel,0.0,0.0,0.0,7,2.0,0.0,0.0,False,1.0000000000000002,0.2152059398252554,1.0,0.0,0.852571020921196,0.7819381654656014,Israel_2019
2019,Netherlands,Italy,6.0,10.0,16.0,7,1.0,0.0,0.0,False,-0.4833745945502017,0.01639115070160745,0.0,0.0,-0.9942722120939025,-1.2043867704973386,Italy_2019
2019,Netherlands,Malta,8.0,0.0,8.0,7,3.0,0.0,0.0,False,0.9999956174510969,0.16903150632648126,1.0,0.0,0.8525655645241299,0.32061720907771313,Malta_2019
2019,Netherlands,Norway,0.0,12.0,12.0,7,8.0,0.0,0.0,False,0.9999914258327818,0.16395643956583283,1.0,0.0,0.8525603458410346,0.2699130753319929,Norway_2019
2019,Netherlands,Russia,5.0,0.0,5.0,7,4.0,0.0,0.0,False,0.9999891028343821,0.11208738358522456,1.0,0.0,0.8525574536424689,-0.24830189123703658,Russia_2019
2019,Netherlands,San Marino,0.0,0.0,0.0,7,3.0,0.0,0.0,False,1.0000000000000002,0.16502570811098946,1.0,0.0,0.852571020921196,0.280595956539409,San Marino_2019
2019,Netherlands,Serbia,0.0,0.0,0.0,7,6.0,0.0,0.0,False,-0.7935277312426053,0.051940851430947454,0.0,0.0,-1.3804216202091615,-0.8492157224281136,Serbia_2019
2019,Netherlands,Slovenia,0.0,0.0,0.0,7,6.0,0.0,0.0,False,-0.6981257683323371,0.021790403316009285,0.0,0.0,-1.261643484015847,-1.1504437507108198,Slovenia_2019
2019,Netherlands,Spain,0.0,3.0,3.0,7,5.0,0.0,0.0,False,-0.7185132313155163,0.0,0.0,0.0,-1.2870264507911728,-1.3681479851999356,Spain_2019
2019,Netherlands,Sweden,12.0,8.0,20.0,7,8.0,0.0,0.0,False,1.0000000000000002,0.1880883427622717,1.0,0.0,0.852571020921196,0.5110108391483409,Sweden_2019
2019,Netherlands,Switzerland,10.0,6.0,16.0,7,7.0,1.0,0.0,False,1.0000000000000002,0.17367085661944337,1.0,0.0,0.852571020921196,0.36696817328011166,Switzerland_2019
2019,Netherlands,United Kingdom,0.0,0.0,0.0,7,8.0,0.0,0.0,False,0.9999891028343821,0.22622632775233945,1.0,0.0,0.8525574536424689,0.8920409975539022,United Kingdom_2019
2019,Norway,Albania,0.0,0.0,0.0,8,3.0,0.0,0.0,True,-0.7187851435946964,0.023605886241742747,0.0,0.0,-1.2873649892524774,-1.1323055678216356,Albania_2019
2019,Norway,Australia,0.0,4.0,4.0,8,8.0,1.0,0.0,False,0.9999926754473722,0.18589478279266572,1.0,0.0,0.8525619016464655,0.4890953524515807,Australia_2019
2019,Norway,Azerbaijan,5.0,3.0,8.0,8,2.0,0.0,0.0,True,0.9999952392065466,0.1560024002714096,1.0,0.0,0.8525650935989901,0.19044561387309736,Azerbaijan_2019
2019,Norway,Belarus,0.0,0.0,0.0,8,4.0,0.0,0.0,True,0.99999617182692,0.1322971430492771,1.0,0.0,0.8525662547376748,-0.04638960216534932,Belarus_2019
2019,Norway,Cyprus,1.0,0.0,1.0,8,3.0,0.0,0.0,True,0.9999914691294847,0.25760492208950403,1.0,0.0,0.8525603997466515,1.2055392270473435,Cyprus_2019
2019,Norway,Czech Republic,12.0,0.0,12.0,8,2.0,0.0,0.0,False,0.9999831681700316,0.22345984808065555,1.0,0.0,0.8525500648178683,0.8644015670018685,Czech Republic_2019
2019,Norway,Denmark,4.0,5.0,9.0,8,8.0,1.0,1.0,True,0.999999684623319,0.15110828123185646,1.0,0.0,0.8525706282683274,0.1415492982082226,Denmark_2019
2019,Norway,Estonia,0.0,2.0,2.0,8,8.0,1.0,0.0,True,0.9999831681700316,0.18034243822404006,1.0,0.0,0.8525500648178683,0.43362281684025616,Estonia_2019
2019,Norway,France,0.0,0.0,0.0,8,7.0,0.0,0.0,True,-0.7574733488984975,0.1525602688789757,1.0,0.0,-1.3355328966882185,0.15605586124056015,France_2019
2019,Norway,Germany,0.0,0.0,0.0,8,7.0,0.0,0.0,True,0.999999684623319,0.24252111719339572,1.0,0.0,0.8525706282683274,1.0548394831982775,Germany_2019
2019,Norway,Greece,0.0,0.0,0.0,8,3.0,0.0,0.0,True,1.0000000000000002,0.16343739044297997,1.0,0.0,0.852571020921196,0.2647273433235399,Greece_2019
2019,Norway,Iceland,0.0,10.0,10.0,8,8.0,1.0,1.0,True,-0.36867507509177283,0.02148060607135333,0.0,0.0,-0.8514680733954668,-1.1535388825914268,Iceland_2019
2019,Norway,Israel,0.0,0.0,0.0,8,2.0,0.0,0.0,True,0.9999914258327818,0.1866380907754031,1.0,0.0,0.8525603458410346,0.49652161680404466,Israel_2019
2019,Norway,Italy,3.0,7.0,10.0,8,1.0,0.0,0.0,True,-0.483442115570587,0.1653419357600323,0.0,0.0,-0.994356277669815,0.28375533350278015,Italy_2019
2019,Norway,Malta,0.0,0.0,0.0,8,3.0,0.0,0.0,True,0.9999981611842595,0.3121933678746122,1.0,0.0,0.8525687315437048,1.7509231572688815,Malta_2019
2019,Norway,Netherlands,7.0,8.0,15.0,8,7.0,0.0,0.0,False,0.9999914258327818,0.16395643956583283,1.0,0.0,0.8525603458410346,0.2699130753319929,Netherlands_2019
2019,Norway,Russia,0.0,1.0,1.0,8,4.0,0.0,0.0,True,0.9999857358325644,0.24556963342071852,1.0,0.0,0.8525532616301845,1.085296693281643,Russia_2019
2019,Norway,San Marino,0.0,0.0,0.0,8,3.0,0.0,0.0,False,0.9999914258327818,0.20915324150650977,1.0,0.0,0.8525603458410346,0.721466680153167,San Marino_2019
2019,Norway,Serbia,0.0,0.0,0.0,8,6.0,0.0,0.0,True,-0.7936971859293747,0.04359265474355337,0.0,0.0,-1.3806325960764254,-0.9326211437430298,Serbia_2019
2019,Norway,Slovenia,0.0,0.0,0.0,8,6.0,0.0,0.0,True,-0.6976822012985118,0.023415636159938025,0.0,0.0,-1.261091230540684,-1.1342063242151788,Slovenia_2019
2019,Norway,Spain,0.0,0.0,0.0,8,5.0,0.0,0.0,True,-0.7182720156596802,0.16562366082121285,0.0,0.0,-1.286726130492231,0.2865700009456562,Spain_2019
2019,Norway,Sweden,8.0,12.0,20.0,8,8.0,1.0,1.0,True,0.9999914258327818,0.207419522875125,1.0,0.0,0.8525603458410346,0.7041453905014128,Sweden_2019
2019,Norway,Switzerland,6.0,6.0,12.0,8,7.0,0.0,0.0,True,0.9999914258327818,0.1770137079050312,1.0,0.0,0.8525603458410346,0.40036603515470953,Switzerland_2019
2019,Norway,United Kingdom,2.0,0.0,2.0,8,8.0,1.0,1.0,True,0.9999857358325644,0.19984380576156055,1.0,0.0,0.8525532616301845,0.628457681972267,United Kingdom_2019
2019,Russia,Albania,3.0,0.0,3.0,4,3.0,0.0,0.0,True,-0.7192059708260489,0.025290206590624715,0.0,0.0,-1.2878889310318147,-1.1154778080564738,Albania_2019
2019,Russia,Australia,0.0,4.0,4.0,4,8.0,0.0,0.0,False,0.9999851846780969,0.10195943587101437,1.0,0.0,0.8525525754273183,-0.34948850408178345,Australia_2019
2019,Russia,Azerbaijan,12.0,12.0,24.0,4,2.0,0.0,1.0,True,0.9999871514718471,0.24305021904383123,1.0,0.0,0.8525550241410427,1.0601256503079615,Azerbaijan_2019
2019,Russia,Belarus,7.0,8.0,15.0,4,4.0,1.0,1.0,True,0.9999862363238914,0.20943749363483313,1.0,0.0,0.8525538847560112,0.7243065950965069,Belarus_2019
2019,Russia,Cyprus,8.0,0.0,8.0,4,3.0,0.0,0.0,True,0.9999890997837352,0.20616051142947583,1.0,0.0,0.8525574498443272,0.6915668200631726,Cyprus_2019
2019,Russia,Czech Republic,0.0,0.0,0.0,4,2.0,0.0,0.0,False,0.9999987247056139,0.13833862829490184,1.0,0.0,0.8525694331436945,0.013969855229811132,Czech Republic_2019
2019,Russia,Denmark,0.0,0.0,0.0,4,8.0,0.0,0.0,True,0.9999830292048042,0.1309788392996263,1.0,0.0,0.8525498918022385,-0.05956055198576849,Denmark_2019
2019,Russia,Estonia,0.0,0.0,0.0,4,8.0,0.0,0.0,True,0.9999987247056139,0.22975679588916667,1.0,0.0,0.8525694331436945,0.9273133076607786,Estonia_2019
2019,Russia,France,0.0,0.0,0.0,4,7.0,0.0,0.0,True,-0.7573549359317082,0.17440808311921946,1.0,0.0,-1.3353854692027949,0.3743336785647673,France_2019
2019,Russia,Germany,0.0,0.0,0.0,4,7.0,0.0,0.0,True,0.9999830292048042,0.2383519100574375,1.0,0.0,0.8525498918022385,1.0131856397701708,Germany_2019
2019,Russia,Greece,10.0,0.0,10.0,4,3.0,0.0,0.0,True,0.9999857358325644,0.16411796174711063,1.0,0.0,0.8525532616301845,0.2715268161296338,Greece_2019
2019,Russia,Iceland,2.0,7.0,9.0,4,8.0,0.0,0.0,True,-0.36864065618813363,0.019283630801193177,0.0,0.0,-0.8514252208890889,-1.1754884909784518,Iceland_2019
2019,Russia,Israel,0.0,0.0,0.0,4,2.0,0.0,0.0,True,0.9999891028343821,0.19625911430457263,1.0,0.0,0.8525574536424689,0.5926436358435352,Israel_2019
2019,Russia,Italy,0.0,1.0,1.0,4,1.0,0.0,0.0,True,-0.4842366503646828,0.017332280017154908,0.0,0.0,-0.995345495911291,-1.194984106662934,Italy_2019
2019,Russia,Malta,6.0,0.0,6.0,4,3.0,0.0,0.0,True,0.9999899551356984,0.22287650008906132,1.0,0.0,0.8525585147816607,0.858573435869597,Malta_2019
2019,Russia,Netherlands,0.0,5.0,5.0,4,7.0,0.0,0.0,False,0.9999891028343821,0.11208738358522456,1.0,0.0,0.8525574536424689,-0.24830189123703658,Netherlands_2019
2019,Russia,Norway,0.0,10.0,10.0,4,8.0,0.0,0.0,True,0.9999857358325644,0.24556963342071852,1.0,0.0,0.8525532616301845,1.085296693281643,Norway_2019
2019,Russia,San Marino,5.0,0.0,5.0,4,3.0,0.0,0.0,False,0.9999891028343821,0.17883276332508824,1.0,0.0,0.8525574536424689,0.4185399102305252,San Marino_2019
2019,Russia,Serbia,0.0,3.0,3.0,4,6.0,0.0,0.0,True,-0.7938368795065283,0.05194808231813176,0.0,0.0,-1.3808065185223197,-0.8491434798570926,Serbia_2019
2019,Russia,Slovenia,0.0,6.0,6.0,4,6.0,0.0,0.0,True,-0.6979160605172772,0.019834851863505792,0.0,0.0,-1.2613823918678644,-1.1699813345635506,Slovenia_2019
2019,Russia,Spain,1.0,0.0,1.0,4,5.0,0.0,0.0,True,-0.7186577908396989,0.005204852949086534,0.0,0.0,-1.287206431478442,-1.3161471795940658,Spain_2019
2019,Russia,Sweden,0.0,0.0,0.0,4,8.0,0.0,0.0,True,0.9999891028343821,0.18282979423349585,1.0,0.0,0.8525574536424689,0.45847357008641715,Sweden_2019
2019,Russia,Switzerland,0.0,2.0,2.0,4,7.0,0.0,0.0,True,0.9999891028343821,0.1292862895602222,1.0,0.0,0.8525574536424689,-0.07647053019993984,Switzerland_2019
2019,Russia,United Kingdom,0.0,0.0,0.0,4,8.0,0.0,0.0,True,0.9999999999999999,0.21454351379043288,1.0,0.0,0.8525710209211954,0.7753199789765635,United Kingdom_2019
2019,San Marino,Albania,7.0,0.0,7.0,3,3.0,1.0,0.0,False,-0.7188693489008942,0.022363115624327485,0.0,0.0,-1.2874698272350793,-1.1447218788915265,Albania_2019
2019,San Marino,Australia,0.0,0.0,0.0,3,8.0,0.0,0.0,False,0.9999840852953179,0.161350719660579,1.0,0.0,0.8525512066647324,0.2438797684197908,Australia_2019
2019,San Marino,Azerbaijan,4.0,4.0,8.0,3,2.0,0.0,0.0,False,0.9999843622309251,0.1594252830509495,1.0,0.0,0.8525515514573787,0.22464305686940172,Azerbaijan_2019
2019,San Marino,Belarus,0.0,0.0,0.0,3,4.0,0.0,0.0,False,0.9999875602741438,0.21905623331695834,1.0,0.0,0.852555533111439,0.820405796606406,Belarus_2019
2019,San Marino,Cyprus,5.0,7.0,12.0,3,3.0,1.0,0.0,False,0.9999999289149769,0.3258730926691302,1.0,0.0,0.8525709324183357,1.8875949742711993,Cyprus_2019
2019,San Marino,Czech Republic,0.0,0.0,0.0,3,2.0,0.0,0.0,False,0.9999865405876649,0.17561222902227513,1.0,0.0,0.8525542635729959,0.38636409664543414,Czech Republic_2019
2019,San Marino,Denmark,0.0,0.0,0.0,3,8.0,0.0,0.0,False,0.9999887816645434,0.18366190607446153,1.0,0.0,0.8525570537769559,0.4667870587685504,Denmark_2019
2019,San Marino,Estonia,0.0,0.0,0.0,3,8.0,0.0,0.0,False,0.9999865405876649,0.2828924343520484,1.0,0.0,0.8525542635729959,1.4581824856146008,Estonia_2019
2019,San Marino,France,0.0,0.0,0.0,3,7.0,0.0,0.0,False,-0.7570619516787371,0.1822192135863993,1.0,0.0,-1.3350206955394412,0.452373362098419,France_2019
2019,San Marino,Germany,0.0,0.0,0.0,3,7.0,0.0,0.0,False,0.9999887816645434,0.12737917918968533,1.0,0.0,0.8525570537769559,-0.0955241473947601,Germany_2019
2019,San Marino,Greece,8.0,10.0,18.0,3,3.0,1.0,0.0,False,0.9999914258327818,0.27806940604979785,1.0,0.0,0.8525603458410346,1.409996425483746,Greece_2019
2019,San Marino,Iceland,6.0,2.0,8.0,3,8.0,0.0,0.0,False,-0.3684486393400525,0.011966582952552707,0.0,0.0,-0.8511861544942575,-1.2485918786260852,Iceland_2019
2019,San Marino,Israel,0.0,1.0,1.0,3,2.0,0.0,0.0,False,1.0000000000000002,0.12576477748742795,1.0,0.0,0.852571020921196,-0.11165336178564983,Israel_2019
2019,San Marino,Italy,12.0,8.0,20.0,3,1.0,0.0,0.0,False,-0.4833745945502017,0.013848135069826168,0.0,0.0,-0.9942722120939025,-1.229793609617386,Italy_2019
2019,San Marino,Malta,0.0,0.0,0.0,3,3.0,1.0,0.0,False,0.9999956174510969,0.320973706432816,1.0,0.0,0.8525655645241299,1.838646034934236,Malta_2019
2019,San Marino,Netherlands,3.0,6.0,9.0,3,7.0,0.0,0.0,False,1.0000000000000002,0.16502570811098946,1.0,0.0,0.852571020921196,0.280595956539409,Netherlands_2019
2019,San Marino,Norway,0.0,3.0,3.0,3,8.0,0.0,0.0,False,0.9999914258327818,0.20915324150650977,1.0,0.0,0.8525603458410346,0.721466680153167,Norway_2019
2019,San Marino,Russia,10.0,12.0,22.0,3,4.0,0.0,0.0,False,0.9999891028343821,0.17883276332508824,1.0,0.0,0.8525574536424689,0.4185399102305252,Russia_2019
2019,San Marino,Serbia,0.0,0.0,0.0,3,6.0,0.0,0.0,False,-0.7935277312426053,0.09001160852278124,0.0,0.0,-1.3804216202091615,-0.4688572265846941,Serbia_2019
2019,San Marino,Slovenia,0.0,0.0,0.0,3,6.0,0.0,0.0,False,-0.6981257683323371,0.05589699564864079,0.0,0.0,-1.261643484015847,-0.809690554584676,Slovenia_2019
2019,San Marino,Spain,0.0,0.0,0.0,3,5.0,0.0,0.0,False,-0.7185132313155163,0.006205449014253,0.0,0.0,-1.2870264507911728,-1.3061503935208203,Spain_2019
2019,San Marino,Sweden,0.0,0.0,0.0,3,8.0,0.0,0.0,False,1.0000000000000002,0.2738880312066848,1.0,0.0,0.852571020921196,1.3682210165511737,Sweden_2019
2019,San Marino,Switzerland,2.0,5.0,7.0,3,7.0,0.0,0.0,False,1.0000000000000002,0.12729331155746942,1.0,0.0,0.852571020921196,-0.09638203638689376,Switzerland_2019
2019,San Marino,United Kingdom,0.0,0.0,0.0,3,8.0,0.0,0.0,False,0.9999891028343821,0.23808286117921948,1.0,0.0,0.8525574536424689,1.0104976179275658,United Kingdom_2019
2019,Serbia,Albania,0.0,0.0,0.0,6,3.0,0.0,0.0,True,0.6555390845224411,0.14563147767776252,0.0,0.0,0.42370746000736087,0.08683148009811462,Albania_2019
2019,Serbia,Australia,7.0,0.0,7.0,6,8.0,0.0,0.0,False,-0.793937618215066,0.07177958631692762,0.0,0.0,-1.3809319410574294,-0.6510102771708567,Australia_2019
2019,Serbia,Azerbaijan,3.0,0.0,3.0,6,2.0,0.0,0.0,True,-0.7937970345583198,0.04344026970450216,0.0,0.0,-1.380756910437323,-0.9341435968978948,Azerbaijan_2019
2019,Serbia,Belarus,0.0,0.0,0.0,6,4.0,0.0,0.0,True,-0.7938959061415758,0.08829152597247104,0.0,0.0,-1.380880008348764,-0.48604228045647113,Belarus_2019
2019,Serbia,Cyprus,0.0,0.0,0.0,6,3.0,0.0,0.0,True,-0.7935528383152725,0.06280892416360756,0.0,0.0,-1.380452879223187,-0.7406346456888182,Cyprus_2019
2019,Serbia,Czech Republic,4.0,0.0,4.0,6,2.0,0.0,0.0,False,-0.793862481105508,0.039124887862848484,0.0,0.0,-1.3808383932355608,-0.9772578470905572,Czech Republic_2019
2019,Serbia,Denmark,2.0,0.0,2.0,6,8.0,0.0,0.0,True,-0.7936497529474713,0.09144176100211364,0.0,0.0,-1.3805735406753339,-0.45456881502110347,Denmark_2019
2019,Serbia,Estonia,6.0,0.0,6.0,6,8.0,0.0,0.0,True,-0.793862481105508,0.02665242661787327,0.0,0.0,-1.3808383932355608,-1.10186809813339,Estonia_2019
2019,Serbia,France,1.0,0.0,1.0,6,7.0,0.0,0.0,True,0.7852872915486834,0.14166762191132048,0.0,0.0,0.5852476394216631,0.047229267475251954,France_2019
2019,Serbia,Germany,0.0,0.0,0.0,6,7.0,0.0,0.0,True,-0.7936497529474713,0.06921666033623068,0.0,0.0,-1.3805735406753339,-0.6766160372198211,Germany_2019
2019,Serbia,Greece,0.0,0.0,0.0,6,3.0,0.0,0.0,True,-0.7936971859293747,0.09582119599644796,0.0,0.0,-1.3806325960764254,-0.41081462061223145,Greece_2019
2019,Serbia,Iceland,0.0,5.0,5.0,6,8.0,0.0,0.0,True,0.16921108376415275,0.026073434230308775,0.0,0.0,-0.18178462575844379,-1.1076527131623897,Iceland_2019
2019,Serbia,Israel,0.0,0.0,0.0,6,2.0,0.0,0.0,True,-0.7935277312426053,0.04548995085929419,0.0,0.0,-1.3804216202091615,-0.9136655791081585,Israel_2019
2019,Serbia,Italy,10.0,7.0,17.0,6,1.0,0.0,0.0,True,0.43608814494892173,0.16815459169927585,0.0,0.0,0.15048484704151419,0.31185610333499375,Italy_2019
2019,Serbia,Malta,0.0,0.0,0.0,6,3.0,0.0,0.0,True,-0.793733380012271,0.07978891060546475,0.0,0.0,-1.3806776587310763,-0.5709904726851821,Malta_2019
2019,Serbia,Netherlands,0.0,3.0,3.0,6,7.0,0.0,0.0,False,-0.7935277312426053,0.051940851430947454,0.0,0.0,-1.3804216202091615,-0.8492157224281136,Netherlands_2019
2019,Serbia,Norway,0.0,4.0,4.0,6,8.0,0.0,0.0,True,-0.7936971859293747,0.04359265474355337,0.0,0.0,-1.3806325960764254,-0.9326211437430298,Norway_2019
2019,Serbia,Russia,0.0,8.0,8.0,6,4.0,0.0,0.0,True,-0.7938368795065283,0.05194808231813176,0.0,0.0,-1.3808065185223197,-0.8491434798570926,Russia_2019
2019,Serbia,San Marino,0.0,1.0,1.0,6,3.0,0.0,0.0,False,-0.7935277312426053,0.09001160852278124,0.0,0.0,-1.3804216202091615,-0.4688572265846941,San Marino_2019
2019,Serbia,Slovenia,0.0,10.0,10.0,6,6.0,1.0,1.0,True,0.5841788745749541,0.41221211902372096,0.0,0.0,0.3348619847428909,2.750193585525549,Slovenia_2019
2019,Serbia,Spain,0.0,2.0,2.0,6,5.0,0.0,0.0,True,0.5458368580817595,0.12491389844922697,0.0,0.0,0.2871250921462628,-0.12015435036158341,Spain_2019
2019,Serbia,Sweden,8.0,0.0,8.0,6,8.0,0.0,0.0,True,-0.7935277312426053,0.08943835113886191,0.0,0.0,-1.3804216202091615,-0.4745845441621389,Sweden_2019
2019,Serbia,Switzerland,5.0,6.0,11.0,6,7.0,0.0,0.0,True,-0.7935277312426053,0.03549716083683263,0.0,0.0,-1.3804216202091615,-1.0135018543115717,Switzerland_2019
2019,Serbia,United Kingdom,0.0,0.0,0.0,6,8.0,0.0,0.0,True,-0.7938368795065283,0.12663190636809812,0.0,0.0,-1.3808065185223197,-0.10299002378166669,United Kingdom_2019
2019,Slovenia,Albania,0.0,0.0,0.0,6,3.0,0.0,0.0,True,0.5259371384219903,0.17364160938665313,0.0,0.0,0.26234937957334636,0.3666759691233925,Albania_2019
2019,Slovenia,Australia,0.0,2.0,2.0,6,8.0,0.0,0.0,False,-0.6974906262598898,0.0373874134200452,0.0,0.0,-1.260852714211098,-0.994616660419037,Australia_2019
2019,Slovenia,Azerbaijan,10.0,0.0,10.0,6,2.0,0.0,0.0,True,-0.6976691438967513,0.02882950541290143,0.0,0.0,-1.261074973706995,-1.0801172720646557,Azerbaijan_2019
2019,Slovenia,Belarus,0.0,0.0,0.0,6,4.0,0.0,0.0,True,-0.697551598919376,0.020643279956485207,0.0,0.0,-1.2609286268928876,-1.1619044662023177,Belarus_2019
2019,Slovenia,Cyprus,0.0,0.0,0.0,6,3.0,0.0,0.0,True,-0.6981538704699505,0.030324923700191533,0.0,0.0,-1.2616784719702554,-1.065176800851058,Cyprus_2019
2019,Slovenia,Czech Republic,12.0,0.0,12.0,6,2.0,0.0,0.0,False,-0.6978689186486892,0.01888531123862735,0.0,0.0,-1.2613236989110665,-1.1794680343670187,Czech Republic_2019
2019,Slovenia,Denmark,4.0,3.0,7.0,6,8.0,0.0,0.0,True,-0.6976336321939128,0.034010052862065716,0.0,0.0,-1.261030760634774,-1.0283592985981322,Denmark_2019
2019,Slovenia,Estonia,0.0,1.0,1.0,6,8.0,0.0,0.0,True,-0.6978689186486892,0.0056305530119337205,0.0,0.0,-1.2613236989110665,-1.3118940822575873,Estonia_2019
2019,Slovenia,France,3.0,0.0,3.0,6,7.0,0.0,0.0,True,0.4253950079520782,0.15871735276696494,0.0,0.0,0.1371715897059238,0.21757024512234752,France_2019
2019,Slovenia,Germany,0.0,0.0,0.0,6,7.0,0.0,0.0,True,-0.6976336321939128,0.032120664632624425,0.0,0.0,-1.261030760634774,-1.0472358568783116,Germany_2019
2019,Slovenia,Greece,0.0,0.0,0.0,6,3.0,0.0,0.0,True,-0.6976822012985118,0.009216046061328751,0.0,0.0,-1.261091230540684,-1.2760720275546755,Greece_2019
2019,Slovenia,Iceland,0.0,7.0,7.0,6,8.0,0.0,0.0,True,0.19857021539894967,0.08427047082354917,0.0,0.0,-0.1452316783194554,-0.5262159624365289,Iceland_2019
2019,Slovenia,Israel,0.0,0.0,0.0,6,2.0,0.0,0.0,True,-0.6981257683323371,0.032938700859856285,0.0,0.0,-1.261643484015847,-1.0390629952726231,Israel_2019
2019,Slovenia,Italy,8.0,8.0,16.0,6,1.0,0.0,0.0,True,0.47189480028214714,0.36456655916494285,0.0,0.0,0.19506514344272324,2.274174854461497,Italy_2019
2019,Slovenia,Malta,1.0,0.0,1.0,6,3.0,0.0,0.0,True,-0.697794680169377,0.05738161166897858,0.0,0.0,-1.2612312699092143,-0.7948580069933948,Malta_2019
2019,Slovenia,Netherlands,6.0,5.0,11.0,6,7.0,0.0,0.0,False,-0.6981257683323371,0.021790403316009285,0.0,0.0,-1.261643484015847,-1.1504437507108198,Netherlands_2019
2019,Slovenia,Norway,0.0,6.0,6.0,6,8.0,0.0,0.0,True,-0.6976822012985118,0.023415636159938025,0.0,0.0,-1.261091230540684,-1.1342063242151788,Norway_2019
2019,Slovenia,Russia,0.0,0.0,0.0,6,4.0,0.0,0.0,True,-0.6979160605172772,0.019834851863505792,0.0,0.0,-1.2613823918678644,-1.1699813345635506,Russia_2019
2019,Slovenia,San Marino,0.0,0.0,0.0,6,3.0,0.0,0.0,False,-0.6981257683323371,0.05589699564864079,0.0,0.0,-1.261643484015847,-0.809690554584676,San Marino_2019
2019,Slovenia,Serbia,0.0,10.0,10.0,6,6.0,1.0,1.0,True,0.5841788745749541,0.41221211902372096,0.0,0.0,0.3348619847428909,2.750193585525549,Serbia_2019
2019,Slovenia,Spain,0.0,0.0,0.0,6,5.0,0.0,0.0,True,0.3425028218436922,0.04187292319394436,0.0,0.0,0.033968478673459736,-0.94980269082616,Spain_2019
2019,Slovenia,Sweden,7.0,0.0,7.0,6,8.0,0.0,0.0,True,-0.6981257683323371,0.010929908167427931,0.0,0.0,-1.261643484015847,-1.2589491210890529,Sweden_2019
2019,Slovenia,Switzerland,5.0,4.0,9.0,6,7.0,0.0,0.0,True,-0.6981257683323371,0.03860077282295415,0.0,0.0,-1.261643484015847,-0.9824941918194589,Switzerland_2019
2019,Slovenia,United Kingdom,0.0,0.0,0.0,6,8.0,0.0,0.0,True,-0.6979160605172772,0.018539357380619906,0.0,0.0,-1.2613823918678644,-1.1829244008570658,United Kingdom_2019
2019,Spain,Albania,0.0,0.0,0.0,5,3.0,0.0,0.0,True,0.43842580016895905,0.08974910714870103,0.0,0.0,0.15339529376219396,-0.4714798334207267,Albania_2019
2019,Spain,Australia,10.0,5.0,15.0,5,8.0,0.0,0.0,False,-0.7184691613515938,0.008995342221993004,0.0,0.0,-1.2869715824423766,-1.278277042289584,Australia_2019
2019,Spain,Azerbaijan,7.0,1.0,8.0,5,2.0,0.0,0.0,True,-0.7183817793095676,0.0,0.0,0.0,-1.2868627893340168,-1.3681479851999356,Azerbaijan_2019
2019,Spain,Belarus,0.0,0.0,0.0,5,4.0,0.0,0.0,True,-0.7184300660587363,0.03298753227606887,0.0,0.0,-1.286922907699448,-1.038575128851272,Belarus_2019
2019,Spain,Cyprus,5.0,0.0,5.0,5,3.0,0.0,0.0,True,-0.7184711344963874,0.0,0.0,0.0,-1.2869740390633293,-1.3681479851999356,Cyprus_2019
2019,Spain,Czech Republic,6.0,0.0,6.0,5,2.0,0.0,0.0,False,-0.7187132993735605,0.0,0.0,0.0,-1.2872755411696242,-1.3681479851999356,Czech Republic_2019
2019,Spain,Denmark,0.0,0.0,0.0,5,8.0,0.0,0.0,True,-0.71823256234806,0.03375160499993274,0.0,0.0,-1.2866770100058391,-1.0309414074818015,Denmark_2019
2019,Spain,Estonia,0.0,0.0,0.0,5,8.0,0.0,0.0,True,-0.7187132993735605,0.004364789336087655,0.0,0.0,-1.2872755411696242,-1.3245401130858343,Estonia_2019
2019,Spain,France,0.0,4.0,4.0,5,7.0,0.0,0.0,True,0.6384362905277082,0.0,0.0,0.0,0.40241399882036955,-1.3681479851999356,France_2019
2019,Spain,Germany,0.0,0.0,0.0,5,7.0,0.0,0.0,True,-0.71823256234806,0.05868016948816871,0.0,0.0,-1.2866770100058391,-0.781884335424914,Germany_2019
2019,Spain,Greece,0.0,0.0,0.0,5,3.0,0.0,0.0,True,-0.7182720156596802,0.009416582945448808,0.0,0.0,-1.286726130492231,-1.274068497458832,Greece_2019
2019,Spain,Iceland,0.0,3.0,3.0,5,8.0,0.0,0.0,True,0.22221274776282524,0.0,0.0,0.0,-0.11579605830278382,-1.3681479851999356,Iceland_2019
2019,Spain,Israel,0.0,0.0,0.0,5,2.0,0.0,1.0,True,-0.7185132313155163,0.0,0.0,0.0,-1.2870264507911728,-1.3681479851999356,Israel_2019
2019,Spain,Italy,4.0,12.0,16.0,5,1.0,0.0,0.0,True,0.14608494010383194,0.29615836027004266,0.0,0.0,-0.21057732726601505,1.5907201080203515,Italy_2019
2019,Spain,Malta,0.0,0.0,0.0,5,3.0,0.0,0.0,True,-0.7182831678159597,0.11862715625216776,0.0,0.0,-1.2867400152415278,-0.1829641284823793,Malta_2019
2019,Spain,Netherlands,8.0,8.0,16.0,5,7.0,0.0,0.0,False,-0.7185132313155163,0.0,0.0,0.0,-1.2870264507911728,-1.3681479851999356,Netherlands_2019
2019,Spain,Norway,0.0,7.0,7.0,5,8.0,0.0,0.0,True,-0.7182720156596802,0.16562366082121285,0.0,0.0,-1.286726130492231,0.2865700009456562,Norway_2019
2019,Spain,Russia,2.0,2.0,4.0,5,4.0,0.0,0.0,True,-0.7186577908396989,0.005204852949086534,0.0,0.0,-1.287206431478442,-1.3161471795940658,Russia_2019
2019,Spain,San Marino,0.0,0.0,0.0,5,3.0,0.0,0.0,False,-0.7185132313155163,0.006205449014253,0.0,0.0,-1.2870264507911728,-1.3061503935208203,San Marino_2019
2019,Spain,Serbia,0.0,0.0,0.0,5,6.0,0.0,0.0,True,0.5458368580817595,0.12491389844922697,0.0,0.0,0.2871250921462628,-0.12015435036158341,Serbia_2019
2019,Spain,Slovenia,1.0,0.0,1.0,5,6.0,0.0,0.0,True,0.3425028218436922,0.04187292319394436,0.0,0.0,0.033968478673459736,-0.94980269082616,Slovenia_2019
2019,Spain,Sweden,12.0,6.0,18.0,5,8.0,0.0,0.0,True,-0.7185132313155163,0.0038672952476837097,0.0,0.0,-1.2870264507911728,-1.3295104923903456,Sweden_2019
2019,Spain,Switzerland,3.0,10.0,13.0,5,7.0,0.0,0.0,True,-0.7185132313155163,0.05330497895556508,0.0,0.0,-1.2870264507911728,-0.8355869550213982,Switzerland_2019
2019,Spain,United Kingdom,0.0,0.0,0.0,5,8.0,0.0,0.0,True,-0.7186577908396989,0.0,0.0,0.0,-1.287206431478442,-1.3681479851999356,United Kingdom_2019
2019,Sweden,Albania,0.0,0.0,0.0,8,3.0,0.0,0.0,True,-0.7188693489008942,0.018791058405987663,0.0,0.0,-1.2874698272350793,-1.1804096984785397,Albania_2019
2019,Sweden,Australia,6.0,5.0,11.0,8,8.0,1.0,0.0,False,0.9999840852953179,0.17482898351096746,1.0,0.0,0.8525512066647324,0.3785388231989809,Australia_2019
2019,Sweden,Azerbaijan,5.0,3.0,8.0,8,2.0,0.0,0.0,True,0.9999843622309251,0.20466602829065053,1.0,0.0,0.8525515514573787,0.6766356917597411,Azerbaijan_2019
2019,Sweden,Belarus,0.0,0.0,0.0,8,4.0,0.0,0.0,True,0.9999875602741438,0.19168246834254205,1.0,0.0,0.852555533111439,0.5469191400073542,Belarus_2019
2019,Sweden,Cyprus,7.0,0.0,7.0,8,3.0,0.0,0.0,True,0.9999999289149769,0.22888828799030894,1.0,0.0,0.8525709324183357,0.9186361921192935,Cyprus_2019
2019,Sweden,Czech Republic,1.0,0.0,1.0,8,2.0,0.0,0.0,False,0.9999865405876649,0.18428894342953314,1.0,0.0,0.8525542635729959,0.47305168294288374,Czech Republic_2019
2019,Sweden,Denmark,0.0,7.0,7.0,8,8.0,1.0,1.0,True,0.9999887816645434,0.2895635899277366,1.0,0.0,0.8525570537769559,1.5248328727919676,Denmark_2019
2019,Sweden,Estonia,0.0,10.0,10.0,8,8.0,1.0,0.0,True,0.9999865405876649,0.22242286195516625,1.0,0.0,0.8525542635729959,0.8540412139899708,Estonia_2019
2019,Sweden,France,0.0,0.0,0.0,8,7.0,0.0,0.0,True,-0.7570619516787371,0.0986029559808149,1.0,0.0,-1.3350206955394412,-0.38302252704028156,France_2019
2019,Sweden,Germany,0.0,0.0,0.0,8,7.0,0.0,0.0,True,0.9999887816645434,0.274497172583942,1.0,0.0,0.8525570537769559,1.3743068450376061,Germany_2019
2019,Sweden,Greece,0.0,0.0,0.0,8,3.0,0.0,0.0,True,0.9999914258327818,0.21592339997115195,1.0,0.0,0.8525603458410346,0.7891061884513945,Greece_2019
2019,Sweden,Iceland,0.0,8.0,8.0,8,8.0,1.0,1.0,True,-0.3684486393400525,0.014328069300906915,0.0,0.0,-0.8511861544942575,-1.2249986678777904,Iceland_2019
2019,Sweden,Israel,0.0,0.0,0.0,8,2.0,0.0,0.0,True,1.0000000000000002,0.13991994933312096,1.0,0.0,0.852571020921196,0.02976856630066594,Israel_2019
2019,Sweden,Italy,8.0,4.0,12.0,8,1.0,0.0,0.0,True,-0.4833745945502017,0.009534025286168963,0.0,0.0,-0.9942722120939025,-1.2728951508937274,Italy_2019
2019,Sweden,Malta,2.0,0.0,2.0,8,3.0,0.0,0.0,True,0.9999956174510969,0.22069945884973255,1.0,0.0,0.8525655645241299,0.836822985013504,Malta_2019
2019,Sweden,Netherlands,12.0,6.0,18.0,8,7.0,0.0,0.0,False,1.0000000000000002,0.1880883427622717,1.0,0.0,0.852571020921196,0.5110108391483409,Netherlands_2019
2019,Sweden,Norway,4.0,12.0,16.0,8,8.0,1.0,1.0,True,0.9999914258327818,0.207419522875125,1.0,0.0,0.8525603458410346,0.7041453905014128,Norway_2019
2019,Sweden,Russia,3.0,0.0,3.0,8,4.0,0.0,0.0,True,0.9999891028343821,0.18282979423349585,1.0,0.0,0.8525574536424689,0.45847357008641715,Russia_2019
2019,Sweden,San Marino,0.0,0.0,0.0,8,3.0,0.0,0.0,False,1.0000000000000002,0.2738880312066848,1.0,0.0,0.852571020921196,1.3682210165511737,San Marino_2019
2019,Sweden,Serbia,0.0,0.0,0.0,8,6.0,0.0,0.0,True,-0.7935277312426053,0.08943835113886191,0.0,0.0,-1.3804216202091615,-0.4745845441621389,Serbia_2019
2019,Sweden,Slovenia,0.0,0.0,0.0,8,6.0,0.0,0.0,True,-0.6981257683323371,0.010929908167427931,0.0,0.0,-1.261643484015847,-1.2589491210890529,Slovenia_2019
2019,Sweden,Spain,0.0,0.0,0.0,8,5.0,0.0,0.0,True,-0.7185132313155163,0.0038672952476837097,0.0,0.0,-1.2870264507911728,-1.3295104923903456,Spain_2019
2019,Sweden,Switzerland,10.0,1.0,11.0,8,7.0,0.0,0.0,True,1.0000000000000002,0.10397113372399559,1.0,0.0,0.852571020921196,-0.3293899710369677,Switzerland_2019
2019,Sweden,United Kingdom,0.0,0.0,0.0,8,8.0,1.0,1.0,True,0.9999891028343821,0.20405019644154457,1.0,0.0,0.8525574536424689,0.6704830199005135,United Kingdom_2019
2019,Switzerland,Albania,0.0,10.0,10.0,7,3.0,0.0,0.0,True,-0.7188693489008942,0.027330271645933962,0.0,0.0,-1.2874698272350793,-1.0950958630904624,Albania_2019
2019,Switzerland,Australia,4.0,0.0,4.0,7,8.0,0.0,0.0,False,0.9999840852953179,0.2432453208652762,1.0,0.0,0.8525512066647324,1.0620748796117578,Australia_2019
2019,Switzerland,Azerbaijan,0.0,0.0,0.0,7,2.0,0.0,0.0,True,0.9999843622309251,0.3039250560486919,1.0,0.0,0.8525515514573787,1.668315852095379,Azerbaijan_2019
2019,Switzerland,Belarus,0.0,0.0,0.0,7,4.0,0.0,0.0,True,0.9999875602741438,0.228532866450971,1.0,0.0,0.852555533111439,0.9150852356261817,Belarus_2019
2019,Switzerland,Cyprus,0.0,0.0,0.0,7,3.0,0.0,0.0,True,0.9999999289149769,0.2639727205336224,1.0,0.0,0.8525709324183357,1.26915882442484,Cyprus_2019
2019,Switzerland,Czech Republic,0.0,0.0,0.0,7,2.0,0.0,0.0,False,0.9999865405876649,0.2957145159456074,1.0,0.0,0.8525542635729959,1.5862857344347774,Czech Republic_2019
2019,Switzerland,Denmark,0.0,1.0,1.0,7,8.0,0.0,0.0,True,0.9999887816645434,0.15276703738599862,1.0,0.0,0.8525570537769559,0.15812165042697737,Denmark_2019
2019,Switzerland,Estonia,0.0,0.0,0.0,7,8.0,0.0,0.0,True,0.9999865405876649,0.18943565574237003,1.0,0.0,0.8525542635729959,0.5244716152843226,Estonia_2019
2019,Switzerland,France,2.0,3.0,5.0,7,7.0,1.0,1.0,True,-0.7570619516787371,0.12350543535264973,1.0,0.0,-1.3350206955394412,-0.13422606697002454,France_2019
2019,Switzerland,Germany,6.0,0.0,6.0,7,7.0,1.0,1.0,True,0.9999887816645434,0.18614904830202939,1.0,0.0,0.8525570537769559,0.4916356761560223,Germany_2019
2019,Switzerland,Greece,0.0,0.0,0.0,7,3.0,0.0,0.0,True,0.9999914258327818,0.1678996295154867,1.0,0.0,0.8525603458410346,0.30930881927418385,Greece_2019
2019,Switzerland,Iceland,0.0,0.0,0.0,7,8.0,0.0,0.0,True,-0.3684486393400525,0.02189956506862568,0.0,0.0,-0.8511861544942575,-1.149353134101104,Iceland_2019
2019,Switzerland,Israel,0.0,0.0,0.0,7,2.0,0.0,0.0,True,1.0000000000000002,0.14850431580091647,1.0,0.0,0.852571020921196,0.11553351995218557,Israel_2019
2019,Switzerland,Italy,5.0,12.0,17.0,7,1.0,0.0,0.0,True,-0.4833745945502017,0.0262471224225917,0.0,0.0,-0.9942722120939025,-1.1059174238062277,Italy_2019
2019,Switzerland,Malta,0.0,0.0,0.0,7,3.0,0.0,0.0,True,0.9999956174510969,0.22632096044095754,1.0,0.0,0.8525655645241299,0.8929864567422648,Malta_2019
2019,Switzerland,Netherlands,10.0,6.0,16.0,7,7.0,1.0,0.0,False,1.0000000000000002,0.17367085661944337,1.0,0.0,0.852571020921196,0.36696817328011166,Netherlands_2019
2019,Switzerland,Norway,7.0,8.0,15.0,7,8.0,0.0,0.0,True,0.9999914258327818,0.1770137079050312,1.0,0.0,0.8525603458410346,0.40036603515470953,Norway_2019
2019,Switzerland,Russia,3.0,0.0,3.0,7,4.0,0.0,0.0,True,0.9999891028343821,0.1292862895602222,1.0,0.0,0.8525574536424689,-0.07647053019993984,Russia_2019
2019,Switzerland,San Marino,0.0,0.0,0.0,7,3.0,0.0,0.0,False,1.0000000000000002,0.12729331155746942,1.0,0.0,0.852571020921196,-0.09638203638689376,San Marino_2019
2019,Switzerland,Serbia,0.0,7.0,7.0,7,6.0,0.0,0.0,True,-0.7935277312426053,0.03549716083683263,0.0,0.0,-1.3804216202091615,-1.0135018543115717,Serbia_2019
2019,Switzerland,Slovenia,0.0,0.0,0.0,7,6.0,0.0,0.0,True,-0.6981257683323371,0.03860077282295415,0.0,0.0,-1.261643484015847,-0.9824941918194589,Slovenia_2019
2019,Switzerland,Spain,0.0,5.0,5.0,7,5.0,0.0,0.0,True,-0.7185132313155163,0.05330497895556508,0.0,0.0,-1.2870264507911728,-0.8355869550213982,Spain_2019
2019,Switzerland,Sweden,8.0,4.0,12.0,7,8.0,0.0,0.0,True,1.0000000000000002,0.10397113372399559,1.0,0.0,0.852571020921196,-0.3293899710369677,Sweden_2019
2019,Switzerland,United Kingdom,1.0,0.0,1.0,7,8.0,0.0,0.0,True,0.9999891028343821,0.2059821456534424,1.0,0.0,0.8525574536424689,0.6897847977587993,United Kingdom_2019
2019,United Kingdom,Albania,0.0,0.0,0.0,8,3.0,0.0,0.0,True,-0.7192059708260489,0.02375091919180525,0.0,0.0,-1.2878889310318147,-1.1308565681445228,Albania_2019
2019,United Kingdom,Australia,8.0,10.0,18.0,8,8.0,1.0,0.0,False,0.9999851846780969,0.15398916435983312,1.0,0.0,0.8525525754273183,0.1703317143449621,Australia_2019
2019,United Kingdom,Azerbaijan,7.0,3.0,10.0,8,2.0,0.0,0.0,True,0.9999871514718471,0.18172825441978724,1.0,0.0,0.8525550241410427,0.44746827209239015,Azerbaijan_2019
2019,United Kingdom,Belarus,0.0,0.0,0.0,8,4.0,0.0,0.0,True,0.9999862363238914,0.25664350414904025,1.0,0.0,0.8525538847560112,1.195933862992471,Belarus_2019
2019,United Kingdom,Cyprus,0.0,1.0,1.0,8,3.0,0.0,0.0,True,0.9999890997837352,0.2565182953207541,1.0,0.0,0.8525574498443272,1.1946829227635083,Cyprus_2019
2019,United Kingdom,Czech Republic,1.0,0.0,1.0,8,2.0,0.0,0.0,False,0.9999987247056139,0.2950661885230053,1.0,0.0,0.8525694331436945,1.579808404796175,Czech Republic_2019
2019,United Kingdom,Denmark,3.0,6.0,9.0,8,8.0,1.0,1.0,True,0.9999830292048042,0.20697720956875032,1.0,0.0,0.8525498918022385,0.699726313058367,Denmark_2019
2019,United Kingdom,Estonia,0.0,0.0,0.0,8,8.0,1.0,0.0,True,0.9999987247056139,0.24539714201488094,1.0,0.0,0.8525694331436945,1.083573360816464,Estonia_2019
2019,United Kingdom,France,2.0,0.0,2.0,8,7.0,0.0,0.0,True,-0.7573549359317082,0.1623153499551757,1.0,0.0,-1.3353854692027949,0.2535172265615541,France_2019
2019,United Kingdom,Germany,0.0,0.0,0.0,8,7.0,0.0,0.0,True,0.9999830292048042,0.1403645284712688,1.0,0.0,0.8525498918022385,0.03421028128577568,Germany_2019
2019,United Kingdom,Greece,0.0,0.0,0.0,8,3.0,0.0,0.0,True,0.9999857358325644,0.28869214243362934,1.0,0.0,0.8525532616301845,1.5161263882514682,Greece_2019
2019,United Kingdom,Iceland,0.0,8.0,8.0,8,8.0,1.0,1.0,True,-0.36864065618813363,0.022720207529877665,0.0,0.0,-0.8514252208890889,-1.1411542340520688,Iceland_2019
2019,United Kingdom,Israel,0.0,0.0,0.0,8,2.0,0.0,0.0,True,0.9999891028343821,0.21814352483831664,1.0,0.0,0.8525574536424689,0.8112870805471932,Israel_2019
2019,United Kingdom,Italy,0.0,0.0,0.0,8,1.0,0.0,0.0,True,-0.4842366503646828,0.012591250383574833,0.0,0.0,-0.995345495911291,-1.2423509319621453,Italy_2019
2019,United Kingdom,Malta,0.0,0.0,0.0,8,3.0,0.0,0.0,True,0.9999899551356984,0.31366369593614,1.0,0.0,0.8525585147816607,1.765612956279972,Malta_2019
2019,United Kingdom,Netherlands,6.0,4.0,10.0,8,7.0,0.0,0.0,False,0.9999891028343821,0.22622632775233945,1.0,0.0,0.8525574536424689,0.8920409975539022,Netherlands_2019
2019,United Kingdom,Norway,0.0,12.0,12.0,8,8.0,1.0,1.0,True,0.9999857358325644,0.19984380576156055,1.0,0.0,0.8525532616301845,0.628457681972267,Norway_2019
2019,United Kingdom,Russia,4.0,0.0,4.0,8,4.0,0.0,0.0,True,0.9999999999999999,0.21454351379043288,1.0,0.0,0.8525710209211954,0.7753199789765635,Russia_2019
2019,United Kingdom,San Marino,0.0,0.0,0.0,8,3.0,0.0,0.0,False,0.9999891028343821,0.23808286117921948,1.0,0.0,0.8525574536424689,1.0104976179275658,San Marino_2019
2019,United Kingdom,Serbia,0.0,0.0,0.0,8,6.0,0.0,0.0,True,-0.7938368795065283,0.12663190636809812,0.0,0.0,-1.3808065185223197,-0.10299002378166669,Serbia_2019
2019,United Kingdom,Slovenia,0.0,0.0,0.0,8,6.0,0.0,0.0,True,-0.6979160605172772,0.018539357380619906,0.0,0.0,-1.2613823918678644,-1.1829244008570658,Slovenia_2019
2019,United Kingdom,Spain,0.0,2.0,2.0,8,5.0,0.0,0.0,True,-0.7186577908396989,0.0,0.0,0.0,-1.287206431478442,-1.3681479851999356,Spain_2019
2019,United Kingdom,Sweden,10.0,5.0,15.0,8,8.0,1.0,1.0,True,0.9999891028343821,0.20405019644154457,1.0,0.0,0.8525574536424689,0.6704830199005135,Sweden_2019
2019,United Kingdom,Switzerland,5.0,7.0,12.0,8,7.0,0.0,0.0,True,0.9999891028343821,0.2059821456534424,1.0,0.0,0.8525574536424689,0.6897847977587993,Switzerland_2019
2021,Albania,Azerbaijan,2.0,0.0,2.0,3,2.0,0.0,0.0,True,-0.6033019013672826,0.1884433437338775,0.0,0.0,-1.1435850935889589,0.5145575938203643,Azerbaijan_2021
2021,Albania,Belgium,0.0,0.0,0.0,3,7.0,0.0,0.0,True,-0.6030151977352923,0.0311984686584423,0.0,0.0,-1.143228139475974,-1.0564493609010095,Belgium_2021
2021,Albania,Bulgaria,0.0,5.0,5.0,3,3.0,1.0,0.0,False,-0.6030754311798789,0.009657433106362742,0.0,0.0,-1.1433031318143518,-1.2716622042320416,Bulgaria_2021
2021,Albania,Cyprus,7.0,2.0,9.0,3,3.0,1.0,1.0,True,-0.6033019013672826,0.03251749248961783,0.0,0.0,-1.1435850935889589,-1.0432712168678517,Cyprus_2021
2021,Albania,Finland,3.0,3.0,6.0,3,8.0,0.0,0.0,True,-0.6035938697438391,0.018075993122984732,0.0,0.0,-1.143948602457507,-1.1875537947941652,Finland_2021
2021,Albania,France,10.0,6.0,16.0,3,7.0,0.0,0.0,True,0.5590716572059155,0.17936713660367137,0.0,0.0,0.3036027905594362,0.4238787432873649,France_2021
2021,Albania,Greece,6.0,8.0,14.0,3,3.0,1.0,0.0,True,-0.6033019013672826,0.02087590050458,0.0,0.0,-1.1435850935889589,-1.1595803936454685,Greece_2021
2021,Albania,Iceland,0.0,0.0,0.0,3,8.0,0.0,0.0,True,-0.6030151977352923,0.01844980383865815,0.0,0.0,-1.143228139475974,-1.183819115150135,Iceland_2021
2021,Albania,Israel,0.0,0.0,0.0,3,2.0,0.0,0.0,True,-0.6035027492133624,0.12377889892127542,0.0,0.0,-1.143835154825521,-0.13149393870213802,Israel_2021
2021,Albania,Italy,4.0,10.0,14.0,3,1.0,0.0,0.0,True,0.5349295217452892,0.13881806846057315,0.0,0.0,0.2735451505878474,0.018759860845453974,Italy_2021
2021,Albania,Lithuania,0.0,0.0,0.0,3,9.0,0.0,0.0,True,-0.6030754311798789,0.00817012555586819,0.0,0.0,-1.1433031318143518,-1.286521642445946,Lithuania_2021
2021,Albania,Malta,8.0,0.0,8.0,3,3.0,1.0,0.0,True,-0.6035027492133624,0.022501838436900328,0.0,0.0,-1.143835154825521,-1.1433359227309465,Malta_2021
2021,Albania,Moldova,0.0,7.0,7.0,3,2.0,0.0,0.0,True,-0.6033019013672826,0.022627108380065823,0.0,0.0,-1.1435850935889589,-1.1420843719135598,Moldova_2021
2021,Albania,Netherlands,0.0,0.0,0.0,3,7.0,0.0,0.0,False,-0.6034386399128054,0.028420808229703453,0.0,0.0,-1.143755336937078,-1.0842004965059675,Netherlands_2021
2021,Albania,Norway,0.0,0.0,0.0,3,8.0,0.0,0.0,True,-0.6030754311798789,0.0212933708595815,0.0,0.0,-1.1433031318143518,-1.155409517928325,Norway_2021
2021,Albania,Portugal,0.0,0.0,0.0,3,1.0,0.0,0.0,False,-0.6033019013672826,0.0,0.0,0.0,-1.1435850935889589,-1.3681479851999356,Portugal_2021
2021,Albania,Russia,0.0,0.0,0.0,3,4.0,0.0,0.0,True,0.5062555534684944,0.0,0.0,0.0,0.2378452508657911,-1.3681479851999356,Russia_2021
2021,Albania,San Marino,5.0,0.0,5.0,3,3.0,1.0,0.0,False,-0.6035390859346123,0.02027162746115078,0.0,0.0,-1.1438803950689476,-1.1656175834319242,San Marino_2021
2021,Albania,Serbia,1.0,0.0,1.0,3,6.0,0.0,0.0,True,0.3447420983572119,0.42494855842035567,0.0,0.0,0.03675644112814745,2.8774411976394667,Serbia_2021
2021,Albania,Spain,0.0,0.0,0.0,3,5.0,0.0,0.0,True,0.195263808197483,0.07824757939303527,0.0,0.0,-0.14934824859648158,-0.5863896521693732,Spain_2021
2021,Albania,Sweden,0.0,1.0,1.0,3,8.0,0.0,0.0,True,-0.6035254118622915,0.0,0.0,0.0,-1.1438633704630077,-1.3681479851999356,Sweden_2021
2021,Albania,Switzerland,12.0,12.0,24.0,3,7.0,0.0,0.0,True,0.3728123160913588,0.10744044206320297,0.0,0.0,0.07170465438596531,-0.2947286981251926,Switzerland_2021
2021,Albania,Ukraine,0.0,4.0,4.0,3,9.0,0.0,0.0,True,0.13354751254288721,0.0,0.0,0.0,-0.22618677840223925,-1.3681479851999356,Ukraine_2021
2021,Azerbaijan,Albania,0.0,0.0,0.0,2,3.0,0.0,0.0,True,-0.6033019013672826,0.1884433437338775,0.0,0.0,-1.1435850935889589,0.5145575938203643,Albania_2021
2021,Azerbaijan,Belgium,3.0,0.0,3.0,2,7.0,0.0,0.0,True,0.9999835136500889,0.10758368293619622,1.0,0.0,0.8525504949502895,-0.2932976027870151,Belgium_2021
2021,Azerbaijan,Bulgaria,1.0,0.0,1.0,2,3.0,0.0,0.0,False,0.9999776762889111,0.16304383744461995,1.0,0.0,0.852543227270885,0.26079542187186494,Bulgaria_2021
2021,Azerbaijan,Cyprus,0.0,0.0,0.0,2,3.0,0.0,0.0,True,0.9999999999999999,0.10548282924807349,1.0,0.0,0.8525710209211954,-0.3142868767033162,Cyprus_2021
2021,Azerbaijan,Finland,0.0,5.0,5.0,2,8.0,0.0,0.0,True,0.999995966175078,0.11830979675825956,1.0,0.0,0.8525659986953278,-0.18613481351639044,Finland_2021
2021,Azerbaijan,France,4.0,2.0,6.0,2,7.0,0.0,0.0,True,-0.6232125527689302,0.06942609005403143,0.0,0.0,-1.1683744164890222,-0.6745236603265681,France_2021
2021,Azerbaijan,Greece,10.0,0.0,10.0,2,3.0,0.0,0.0,True,0.9999999999999999,0.19597487426521915,1.0,0.0,0.8525710209211954,0.5898038416790489,Greece_2021
2021,Azerbaijan,Iceland,0.0,0.0,0.0,2,8.0,0.0,0.0,True,0.9999835136500889,0.11127087129593528,1.0,0.0,0.8525504949502895,-0.2564595274364584,Iceland_2021
2021,Azerbaijan,Israel,0.0,12.0,12.0,2,2.0,1.0,0.0,True,0.9999864844704448,0.30511435735446835,1.0,0.0,0.8525541937054731,1.6801979603150436,Israel_2021
2021,Azerbaijan,Italy,0.0,10.0,10.0,2,1.0,0.0,0.0,True,-0.8189065292817744,0.2655376827500093,0.0,0.0,-1.4120189399912957,1.2847940972732586,Italy_2021
2021,Azerbaijan,Lithuania,0.0,0.0,0.0,2,9.0,0.0,0.0,True,0.9999776762889111,0.15888034037198137,1.0,0.0,0.852543227270885,0.2191986267207389,Lithuania_2021
2021,Azerbaijan,Malta,7.0,0.0,7.0,2,3.0,0.0,0.0,True,0.9999864844704448,0.16317001416287943,1.0,0.0,0.8525541937054731,0.2620560321258683,Malta_2021
2021,Azerbaijan,Moldova,8.0,1.0,9.0,2,2.0,1.0,1.0,True,0.9999999999999999,0.18803779519027505,1.0,0.0,0.8525710209211954,0.5105058269047753,Moldova_2021
2021,Azerbaijan,Netherlands,0.0,0.0,0.0,2,7.0,0.0,0.0,False,0.9999824642736206,0.1402999817258792,1.0,0.0,0.8525491884469718,0.03356540566828407,Netherlands_2021
2021,Azerbaijan,Norway,0.0,7.0,7.0,2,8.0,0.0,0.0,True,0.9999776762889111,0.13056698663186844,1.0,0.0,0.852543227270885,-0.06367530233968473,Norway_2021
2021,Azerbaijan,Portugal,2.0,0.0,2.0,2,1.0,0.0,0.0,False,0.9999999999999999,0.03901906629265371,1.0,0.0,0.8525710209211954,-0.9783150925025668,Portugal_2021
2021,Azerbaijan,Russia,12.0,6.0,18.0,2,4.0,0.0,1.0,True,-0.7505912221930511,0.0351870657513211,0.0,0.0,-1.3269644547171868,-1.0165999618697978,Russia_2021
2021,Azerbaijan,San Marino,0.0,3.0,3.0,2,3.0,0.0,0.0,False,0.9999864686383675,0.2038979651926951,1.0,0.0,0.8525541739940902,0.6689621032375462,San Marino_2021
2021,Azerbaijan,Serbia,0.0,0.0,0.0,2,6.0,0.0,0.0,True,-0.8273988836675051,0.14606807039396563,0.0,0.0,-1.422592160867044,0.09119340409218271,Serbia_2021
2021,Azerbaijan,Spain,0.0,0.0,0.0,2,5.0,0.0,0.0,True,-0.7300838843393364,0.047377763775379465,0.0,0.0,-1.3014322403450163,-0.8948047595173131,Spain_2021
2021,Azerbaijan,Sweden,5.0,0.0,5.0,2,8.0,0.0,0.0,True,0.9999864978207685,0.20761852351578236,1.0,0.0,0.852554210327003,0.7061335722486192,Sweden_2021
2021,Azerbaijan,Switzerland,0.0,4.0,4.0,2,7.0,0.0,0.0,True,-0.31756359867156553,0.04134034099547619,0.0,0.0,-0.7878328428185986,-0.9551236295044662,Switzerland_2021
2021,Azerbaijan,Ukraine,6.0,8.0,14.0,2,9.0,0.0,1.0,True,-0.7204134951344676,0.0,0.0,0.0,-1.2893923328737347,-1.3681479851999356,Ukraine_2021
2021,Belgium,Albania,0.0,0.0,0.0,7,3.0,0.0,0.0,True,-0.6030151977352923,0.0311984686584423,0.0,0.0,-1.143228139475974,-1.0564493609010095,Albania_2021
2021,Belgium,Azerbaijan,0.0,0.0,0.0,7,2.0,0.0,0.0,True,0.9999835136500889,0.10758368293619622,1.0,0.0,0.8525504949502895,-0.2932976027870151,Azerbaijan_2021
2021,Belgium,Bulgaria,6.0,0.0,6.0,7,3.0,0.0,0.0,False,0.999993544110912,0.27049645273787387,1.0,0.0,0.8525629831570873,1.3343363296293953,Bulgaria_2021
2021,Belgium,Cyprus,0.0,0.0,0.0,7,3.0,0.0,0.0,True,0.9999835136500889,0.1401335876351043,1.0,0.0,0.8525504949502895,0.03190299044676092,Cyprus_2021
2021,Belgium,Finland,8.0,6.0,14.0,7,8.0,0.0,0.0,True,0.999979483275509,0.28149934529868564,1.0,0.0,0.852545477020195,1.4442643684719643,Finland_2021
2021,Belgium,France,0.0,12.0,12.0,7,7.0,1.0,0.0,True,-0.6235204494442204,0.01882489713151163,0.0,0.0,-1.1687577565390113,-1.1800716214943991,France_2021
2021,Belgium,Greece,0.0,0.0,0.0,7,3.0,0.0,0.0,True,0.9999835136500889,0.24316404323630322,1.0,0.0,0.8525504949502895,1.0612628485657951,Greece_2021
2021,Belgium,Iceland,3.0,5.0,8.0,7,8.0,0.0,0.0,True,0.9999999999999993,0.261570988085973,1.0,0.0,0.8525710209211949,1.2451635217046266,Iceland_2021
2021,Belgium,Israel,0.0,0.0,0.0,7,2.0,0.0,0.0,True,0.999978137764931,0.2136680705121643,1.0,0.0,0.8525438018215535,0.7665735732322476,Israel_2021
2021,Belgium,Italy,2.0,8.0,10.0,7,1.0,0.0,0.0,True,-0.8192693579265343,0.011400540115412097,0.0,0.0,-1.4124706718935276,-1.2542471168867375,Italy_2021
2021,Belgium,Lithuania,0.0,7.0,7.0,7,9.0,0.0,0.0,True,0.999993544110912,0.13636194765283016,1.0,0.0,0.8525629831570873,-0.005778826782674028,Lithuania_2021
2021,Belgium,Malta,5.0,2.0,7.0,7,3.0,0.0,0.0,True,0.999978137764931,0.24384160735782776,1.0,0.0,0.8525438018215535,1.068032277119025,Malta_2021
2021,Belgium,Moldova,0.0,0.0,0.0,7,2.0,0.0,0.0,True,0.9999835136500889,0.1931792745268249,1.0,0.0,0.8525504949502895,0.5618734774650949,Moldova_2021
2021,Belgium,Netherlands,0.0,0.0,0.0,7,7.0,1.0,0.0,False,0.9999939325061485,0.1506639373574286,1.0,0.0,0.8525634667201177,0.137109933703153,Netherlands_2021
2021,Belgium,Norway,0.0,1.0,1.0,7,8.0,0.0,0.0,True,0.999993544110912,0.23368586077608947,1.0,0.0,0.8525629831570873,0.9665679304899555,Norway_2021
2021,Belgium,Portugal,1.0,0.0,1.0,7,1.0,0.0,0.0,False,0.9999835136500889,0.13893521043661636,1.0,0.0,0.8525504949502895,0.019930206517867116,Portugal_2021
2021,Belgium,Russia,7.0,0.0,7.0,7,4.0,0.0,0.0,True,-0.7515825300518756,0.05701776235455607,0.0,0.0,-1.328198660977447,-0.79849316396213,Russia_2021
2021,Belgium,San Marino,0.0,0.0,0.0,7,3.0,0.0,0.0,False,0.9999780456689824,0.24359696806326045,1.0,0.0,0.8525436871594984,1.0655881272986953,San Marino_2021
2021,Belgium,Serbia,0.0,0.0,0.0,7,6.0,0.0,0.0,True,-0.8268333201786559,0.030457859471357374,0.0,0.0,-1.4218880183624742,-1.0638486620425112,Serbia_2021
2021,Belgium,Spain,0.0,0.0,0.0,7,5.0,0.0,0.0,True,-0.7296484537852955,0.005169239989143471,0.0,0.0,-1.3008901170168072,-1.3165029826542414,Spain_2021
2021,Belgium,Sweden,4.0,3.0,7.0,7,8.0,0.0,0.0,True,0.9999780927206349,0.1612926066739922,1.0,0.0,0.8525437457401335,0.24329917139846524,Sweden_2021
2021,Belgium,Switzerland,12.0,4.0,16.0,7,7.0,1.0,0.0,True,-0.3174374606562762,0.0,0.0,0.0,-0.787675797429781,-1.3681479851999356,Switzerland_2021
2021,Belgium,Ukraine,10.0,10.0,20.0,7,9.0,0.0,0.0,True,-0.7195167698093168,0.0,0.0,0.0,-1.288275884537143,-1.3681479851999356,Ukraine_2021
2021,Bulgaria,Albania,0.0,0.0,0.0,3,3.0,1.0,0.0,False,-0.6030754311798789,0.009657433106362742,0.0,0.0,-1.1433031318143518,-1.2716622042320416,Albania_2021
2021,Bulgaria,Azerbaijan,0.0,4.0,4.0,3,2.0,0.0,0.0,False,0.9999776762889111,0.16304383744461995,1.0,0.0,0.852543227270885,0.26079542187186494,Azerbaijan_2021
2021,Bulgaria,Belgium,0.0,0.0,0.0,3,7.0,0.0,0.0,False,0.999993544110912,0.27049645273787387,1.0,0.0,0.8525629831570873,1.3343363296293953,Belgium_2021
2021,Bulgaria,Cyprus,0.0,0.0,0.0,3,3.0,1.0,0.0,False,0.9999776762889111,0.1574321806299033,1.0,0.0,0.852543227270885,0.20473030764031902,Cyprus_2021
2021,Bulgaria,Finland,1.0,8.0,9.0,3,8.0,0.0,0.0,False,0.9999736440319503,0.26806179995019747,1.0,0.0,0.8525382069971733,1.3100121253592307,Finland_2021
2021,Bulgaria,France,7.0,10.0,17.0,3,7.0,0.0,0.0,False,-0.6226814308810139,0.011019994774433437,0.0,0.0,-1.1677131547496018,-1.2580490810332796,France_2021
2021,Bulgaria,Greece,8.0,2.0,10.0,3,3.0,1.0,0.0,False,0.9999776762889111,0.18841395388889828,1.0,0.0,0.852543227270885,0.5142639648493827,Greece_2021
2021,Bulgaria,Iceland,0.0,0.0,0.0,3,8.0,0.0,0.0,False,0.999993544110912,0.2880151567309341,1.0,0.0,0.8525629831570873,1.5093627385829433,Iceland_2021
2021,Bulgaria,Israel,3.0,0.0,3.0,3,2.0,0.0,0.0,False,0.9999845943662004,0.23849276161717675,1.0,0.0,0.8525518404723476,1.0145928638836916,Israel_2021
2021,Bulgaria,Italy,10.0,12.0,22.0,3,1.0,0.0,0.0,False,-0.8187916776718731,0.009766025970094364,0.0,0.0,-1.4118759464957034,-1.270577271294967,Italy_2021
2021,Bulgaria,Lithuania,0.0,0.0,0.0,3,9.0,0.0,0.0,False,0.9999999999999998,0.2615694161640167,1.0,0.0,0.8525710209211954,1.2451478168981935,Lithuania_2021
2021,Bulgaria,Malta,5.0,0.0,5.0,3,3.0,1.0,0.0,False,0.9999845943662004,0.23106655590360514,1.0,0.0,0.8525518404723476,0.9403988984675485,Malta_2021
2021,Bulgaria,Moldova,12.0,0.0,12.0,3,2.0,0.0,0.0,False,0.9999776762889111,0.2706415460455992,1.0,0.0,0.852543227270885,1.33578593232971,Moldova_2021
2021,Bulgaria,Netherlands,2.0,0.0,2.0,3,7.0,0.0,0.0,False,0.999988368638064,0.18631385204426462,1.0,0.0,0.8525565395473328,0.4932822024742343,Netherlands_2021
2021,Bulgaria,Norway,0.0,0.0,0.0,3,8.0,0.0,0.0,False,0.9999999999999998,0.3529768428387773,1.0,0.0,0.8525710209211954,2.1583839586188236,Norway_2021
2021,Bulgaria,Portugal,6.0,0.0,6.0,3,1.0,0.0,0.0,False,0.9999776762889111,0.24365095878183016,1.0,0.0,0.852543227270885,1.0661275394373912,Portugal_2021
2021,Bulgaria,Russia,0.0,7.0,7.0,3,4.0,0.0,0.0,False,-0.7513058455286867,0.06414396294844958,0.0,0.0,-1.3278541809376723,-0.7272964989619158,Russia_2021
2021,Bulgaria,San Marino,0.0,0.0,0.0,3,3.0,1.0,0.0,False,0.9999845000630955,0.2502456058122612,1.0,0.0,0.8525517230623206,1.1320135426776856,San Marino_2021
2021,Bulgaria,Serbia,0.0,5.0,5.0,3,6.0,0.0,0.0,False,-0.8268654440820775,0.019668012641615176,0.0,0.0,-1.4219280135288133,-1.1716481970147732,Serbia_2021
2021,Bulgaria,Spain,4.0,0.0,4.0,3,5.0,0.0,0.0,False,-0.7299603869485858,0.002478465811898515,0.0,0.0,-1.3012784826082715,-1.3433860524141212,Spain_2021
2021,Bulgaria,Sweden,0.0,1.0,1.0,3,8.0,0.0,0.0,False,0.999984547435883,0.29426911693586,1.0,0.0,0.8525517820427782,1.5718449973641975,Sweden_2021
2021,Bulgaria,Switzerland,0.0,3.0,3.0,3,7.0,0.0,0.0,False,-0.3178923788093772,0.0,0.0,0.0,-0.7882421833687859,-1.3681479851999356,Switzerland_2021
2021,Bulgaria,Ukraine,0.0,6.0,6.0,3,9.0,0.0,0.0,False,-0.7200425551257091,0.0,0.0,0.0,-1.288930502094411,-1.3681479851999356,Ukraine_2021
2021,Cyprus,Albania,0.0,0.0,0.0,3,3.0,1.0,1.0,True,-0.6033019013672826,0.03251749248961783,0.0,0.0,-1.1435850935889589,-1.0432712168678517,Albania_2021
2021,Cyprus,Azerbaijan,0.0,0.0,0.0,3,2.0,0.0,0.0,True,0.9999999999999999,0.10548282924807349,1.0,0.0,0.8525710209211954,-0.3142868767033162,Azerbaijan_2021
2021,Cyprus,Belgium,4.0,0.0,4.0,3,7.0,0.0,0.0,True,0.9999835136500889,0.1401335876351043,1.0,0.0,0.8525504949502895,0.03190299044676092,Belgium_2021
2021,Cyprus,Bulgaria,5.0,7.0,12.0,3,3.0,1.0,0.0,False,0.9999776762889111,0.1574321806299033,1.0,0.0,0.852543227270885,0.20473030764031902,Bulgaria_2021
2021,Cyprus,Finland,3.0,4.0,7.0,3,8.0,0.0,0.0,True,0.999995966175078,0.12542839512386855,1.0,0.0,0.8525659986953278,-0.11501410109333102,Finland_2021
2021,Cyprus,France,7.0,8.0,15.0,3,7.0,0.0,0.0,True,-0.6232125527689302,0.021023810336295887,0.0,0.0,-1.1683744164890222,-1.1581026515302748,France_2021
2021,Cyprus,Greece,12.0,12.0,24.0,3,3.0,1.0,0.0,True,0.9999999999999999,0.24146918149663943,1.0,0.0,0.8525710209211954,1.0443297715480184,Greece_2021
2021,Cyprus,Iceland,0.0,0.0,0.0,3,8.0,0.0,0.0,True,0.9999835136500889,0.16997846786893944,1.0,0.0,0.8525504949502895,0.330078141704877,Iceland_2021
2021,Cyprus,Israel,0.0,2.0,2.0,3,2.0,0.0,0.0,True,0.9999864844704448,0.20188560545756584,1.0,0.0,0.8525541937054731,0.6488569574401224,Israel_2021
2021,Cyprus,Italy,8.0,10.0,18.0,3,1.0,0.0,0.0,True,-0.8189065292817744,0.03284734159190408,0.0,0.0,-1.4120189399912957,-1.0399757502686908,Italy_2021
2021,Cyprus,Lithuania,0.0,5.0,5.0,3,9.0,0.0,0.0,True,0.9999776762889111,0.19500555972817474,1.0,0.0,0.852543227270885,0.5801195840631568,Lithuania_2021
2021,Cyprus,Malta,10.0,1.0,11.0,3,3.0,1.0,0.0,True,0.9999864844704448,0.24184427726445082,1.0,0.0,0.8525541937054731,1.0480772899306403,Malta_2021
2021,Cyprus,Moldova,0.0,0.0,0.0,3,2.0,0.0,0.0,True,0.9999999999999999,0.17403869272877578,1.0,0.0,0.8525710209211954,0.37064316164257277,Moldova_2021
2021,Cyprus,Netherlands,0.0,0.0,0.0,3,7.0,0.0,0.0,False,0.9999824642736206,0.15192285539244058,1.0,0.0,0.8525491884469718,0.1496875708915139,Netherlands_2021
2021,Cyprus,Norway,0.0,0.0,0.0,3,8.0,0.0,0.0,True,0.9999776762889111,0.24247654336515956,1.0,0.0,0.852543227270885,1.0543941536183852,Norway_2021
2021,Cyprus,Portugal,1.0,0.0,1.0,3,1.0,0.0,0.0,False,0.9999999999999999,0.19181908753441296,1.0,0.0,0.8525710209211954,0.5482840792492509,Portugal_2021
2021,Cyprus,Russia,6.0,3.0,9.0,3,4.0,0.0,0.0,True,-0.7505912221930511,0.0253139815535848,0.0,0.0,-1.3269644547171868,-1.1152402764221956,Russia_2021
2021,Cyprus,San Marino,0.0,0.0,0.0,3,3.0,1.0,0.0,False,0.9999864686383675,0.23823973203535417,1.0,0.0,0.8525541739940902,1.0120648881223016,San Marino_2021
2021,Cyprus,Serbia,0.0,0.0,0.0,3,6.0,0.0,0.0,True,-0.8273988836675051,0.08281146896131719,0.0,0.0,-1.422592160867044,-0.5407926033058627,Serbia_2021
2021,Cyprus,Spain,0.0,0.0,0.0,3,5.0,0.0,0.0,True,-0.7300838843393364,0.18828050219073567,0.0,0.0,-1.3014322403450163,0.512930671501461,Spain_2021
2021,Cyprus,Sweden,0.0,0.0,0.0,3,8.0,0.0,0.0,True,0.9999864978207685,0.12150364328239405,1.0,0.0,0.852554210327003,-0.1542256330148263,Sweden_2021
2021,Cyprus,Switzerland,2.0,0.0,2.0,3,7.0,0.0,0.0,True,-0.31756359867156553,0.0,0.0,0.0,-0.7878328428185986,-1.3681479851999356,Switzerland_2021
2021,Cyprus,Ukraine,0.0,6.0,6.0,3,9.0,0.0,0.0,True,-0.7204134951344676,0.0,0.0,0.0,-1.2893923328737347,-1.3681479851999356,Ukraine_2021
2021,Finland,Albania,0.0,0.0,0.0,8,3.0,0.0,0.0,True,-0.6035938697438391,0.018075993122984732,0.0,0.0,-1.143948602457507,-1.1875537947941652,Albania_2021
2021,Finland,Azerbaijan,0.0,0.0,0.0,8,2.0,0.0,0.0,True,0.999995966175078,0.11830979675825956,1.0,0.0,0.8525659986953278,-0.18613481351639044,Azerbaijan_2021
2021,Finland,Belgium,0.0,0.0,0.0,8,7.0,0.0,0.0,True,0.999979483275509,0.28149934529868564,1.0,0.0,0.852545477020195,1.4442643684719643,Belgium_2021
2021,Finland,Bulgaria,10.0,0.0,10.0,8,3.0,0.0,0.0,False,0.9999736440319503,0.26806179995019747,1.0,0.0,0.8525382069971733,1.3100121253592307,Bulgaria_2021
2021,Finland,Cyprus,0.0,0.0,0.0,8,3.0,0.0,0.0,True,0.999995966175078,0.12542839512386855,1.0,0.0,0.8525659986953278,-0.11501410109333102,Cyprus_2021
2021,Finland,France,7.0,6.0,13.0,8,7.0,0.0,0.0,True,-0.6232949229558151,0.02289702417758619,0.0,0.0,-1.1684769696962898,-1.1393876888268122,France_2021
2021,Finland,Greece,2.0,0.0,2.0,8,3.0,0.0,0.0,True,0.999995966175078,0.21423696825144095,1.0,0.0,0.8525659986953278,0.7722573343373401,Greece_2021
2021,Finland,Iceland,8.0,12.0,20.0,8,8.0,1.0,1.0,True,0.999979483275509,0.1899288718946141,1.0,0.0,0.852545477020195,0.5293992544521151,Iceland_2021
2021,Finland,Israel,0.0,0.0,0.0,8,2.0,0.0,0.0,True,0.9999824519711001,0.2510133574680726,1.0,0.0,0.8525491731299865,1.1396840196340883,Israel_2021
2021,Finland,Italy,6.0,8.0,14.0,8,1.0,0.0,0.0,True,-0.8188744294995619,0.008745167663765905,0.0,0.0,-1.4119789748565426,-1.2807764939930533,Italy_2021
2021,Finland,Lithuania,3.0,5.0,8.0,8,9.0,0.0,0.0,True,0.9999736440319503,0.16249336164113293,1.0,0.0,0.8525382069971733,0.2552957112118573,Lithuania_2021
2021,Finland,Malta,1.0,0.0,1.0,8,3.0,0.0,0.0,True,0.9999824519711001,0.1550749304047531,1.0,0.0,0.8525491731299865,0.18117941928257167,Malta_2021
2021,Finland,Moldova,0.0,2.0,2.0,8,2.0,0.0,0.0,True,0.999995966175078,0.17037948518739443,1.0,0.0,0.8525659986953278,0.33408463791630694,Moldova_2021
2021,Finland,Netherlands,0.0,0.0,0.0,8,7.0,0.0,0.0,False,0.9999864959816445,0.2085412813303222,1.0,0.0,0.8525542080372417,0.7153526895233168,Netherlands_2021
2021,Finland,Norway,0.0,4.0,4.0,8,8.0,1.0,1.0,True,0.9999736440319503,0.1895026955459209,1.0,0.0,0.8525382069971733,0.5251413986242949,Norway_2021
2021,Finland,Portugal,0.0,0.0,0.0,8,1.0,0.0,0.0,False,0.999995966175078,0.23639597047964758,1.0,0.0,0.8525659986953278,0.9936441782233406,Portugal_2021
2021,Finland,Russia,4.0,1.0,5.0,8,4.0,0.0,0.0,True,-0.7506345091047286,0.04243172139155289,0.0,0.0,-1.3270183481438393,-0.9442198325339096,Russia_2021
2021,Finland,San Marino,0.0,0.0,0.0,8,3.0,0.0,0.0,False,0.9999824317877769,0.24413465461233658,1.0,0.0,0.8525491480011795,1.0709600626807134,San Marino_2021
2021,Finland,Serbia,0.0,0.0,0.0,8,6.0,0.0,0.0,True,-0.8274853587771469,0.02384921641121131,0.0,0.0,-1.4226998248189902,-1.1298744972487775,Serbia_2021
2021,Finland,Spain,0.0,0.0,0.0,8,5.0,0.0,0.0,True,-0.7300238469047858,0.004638989520094489,0.0,0.0,-1.3013574920446649,-1.3218006254182464,Spain_2021
2021,Finland,Sweden,5.0,3.0,8.0,8,8.0,1.0,1.0,True,0.9999824616032406,0.20669673309431386,1.0,0.0,0.8525491851222732,0.6969241200344988,Sweden_2021
2021,Finland,Switzerland,12.0,7.0,19.0,8,7.0,0.0,0.0,True,-0.31778597774722933,0.0,0.0,0.0,-0.7881097110436327,-1.3681479851999356,Switzerland_2021
2021,Finland,Ukraine,0.0,10.0,10.0,8,9.0,0.0,0.0,True,-0.7205311597738622,0.0,0.0,0.0,-1.2895388286704332,-1.3681479851999356,Ukraine_2021
2021,France,Albania,0.0,0.0,0.0,7,3.0,0.0,0.0,True,0.5590716572059155,0.17936713660367137,0.0,0.0,0.3036027905594362,0.4238787432873649,Albania_2021
2021,France,Azerbaijan,0.0,0.0,0.0,7,2.0,0.0,0.0,True,-0.6232125527689302,0.06942609005403143,0.0,0.0,-1.1683744164890222,-0.6745236603265681,Azerbaijan_2021
2021,France,Belgium,6.0,0.0,6.0,7,7.0,1.0,0.0,True,-0.6235204494442204,0.01882489713151163,0.0,0.0,-1.1687577565390113,-1.1800716214943991,Belgium_2021
2021,France,Bulgaria,0.0,0.0,0.0,7,3.0,0.0,0.0,False,-0.6226814308810139,0.011019994774433437,0.0,0.0,-1.1677131547496018,-1.2580490810332796,Bulgaria_2021
2021,France,Cyprus,2.0,0.0,2.0,7,3.0,0.0,0.0,True,-0.6232125527689302,0.021023810336295887,0.0,0.0,-1.1683744164890222,-1.1581026515302748,Cyprus_2021
2021,France,Finland,0.0,1.0,1.0,7,8.0,0.0,0.0,True,-0.6232949229558151,0.02289702417758619,0.0,0.0,-1.1684769696962898,-1.1393876888268122,Finland_2021
2021,France,Greece,12.0,0.0,12.0,7,3.0,0.0,0.0,True,-0.6232125527689302,0.015336051636053435,0.0,0.0,-1.1683744164890222,-1.2149280868302885,Greece_2021
2021,France,Iceland,3.0,4.0,7.0,7,8.0,0.0,0.0,True,-0.6235204494442204,0.0,0.0,0.0,-1.1687577565390113,-1.3681479851999356,Iceland_2021
2021,France,Israel,5.0,5.0,10.0,7,2.0,0.0,0.0,True,-0.6223639040831801,0.058845440289596276,0.0,0.0,-1.1673178249252707,-0.780233142797297,Israel_2021
2021,France,Italy,0.0,10.0,10.0,7,1.0,0.0,0.0,True,0.583405557055911,0.22351125055343088,0.0,0.0,0.33389918260763535,0.8649151204145389,Italy_2021
2021,France,Lithuania,0.0,0.0,0.0,7,9.0,0.0,0.0,True,-0.6226814308810139,0.012072614183186286,0.0,0.0,-1.1677131547496018,-1.247532538532088,Lithuania_2021
2021,France,Malta,0.0,0.0,0.0,7,3.0,0.0,0.0,True,-0.6223639040831801,0.0729509980896538,1.0,1.0,-1.1673178249252707,-0.6393069002505438,Malta_2021
2021,France,Moldova,0.0,7.0,7.0,7,2.0,0.0,0.0,True,-0.6232125527689302,0.0219615950190292,0.0,0.0,-1.1683744164890222,-1.1487334033566956,Moldova_2021
2021,France,Netherlands,0.0,0.0,0.0,7,7.0,1.0,0.0,False,-0.6235136102841967,0.0050403271184529955,0.0,0.0,-1.1687492415917715,-1.3177909293444636,Netherlands_2021
2021,France,Norway,0.0,0.0,0.0,7,8.0,0.0,0.0,True,-0.6226814308810139,0.013958447162420676,0.0,0.0,-1.1677131547496018,-1.2286915001554866,Norway_2021
2021,France,Portugal,8.0,8.0,16.0,7,1.0,0.0,0.0,False,-0.6232125527689302,0.014799199735936361,0.0,0.0,-1.1683744164890222,-1.2202916833757065,Portugal_2021
2021,France,Russia,10.0,0.0,10.0,7,4.0,0.0,0.0,True,0.5574812970592674,0.0,0.0,0.0,0.301622747294785,-1.3681479851999356,Russia_2021
2021,France,San Marino,4.0,0.0,4.0,7,3.0,0.0,0.0,False,-0.6224155005004298,0.023971448619473583,0.0,0.0,-1.167382063920866,-1.128653295927088,San Marino_2021
2021,France,Serbia,0.0,3.0,3.0,7,6.0,0.0,0.0,True,0.26521817627290484,0.1404800946535601,0.0,0.0,-0.06225308613745654,0.03536488346930084,Serbia_2021
2021,France,Spain,0.0,0.0,0.0,7,5.0,0.0,0.0,True,0.14990847402434923,0.2473024423131143,0.0,0.0,-0.2058169196297684,1.1026088938850067,Spain_2021
2021,France,Sweden,1.0,2.0,3.0,7,8.0,0.0,0.0,True,-0.6223973310410891,0.0,0.0,0.0,-1.1673594424312206,-1.3681479851999356,Sweden_2021
2021,France,Switzerland,7.0,6.0,13.0,7,7.0,1.0,1.0,True,0.4618177240820185,0.7409704558440184,1.0,1.0,0.18251889918509634,6.034762531378614,Switzerland_2021
2021,France,Ukraine,0.0,12.0,12.0,7,9.0,0.0,0.0,True,0.15566718948795696,0.0,0.0,0.0,-0.19864715635898225,-1.3681479851999356,Ukraine_2021
2021,Germany,Albania,0.0,0.0,0.0,7,3.0,0.0,0.0,True,-0.6035027492133624,0.036029152568011716,0.0,0.0,-1.143835154825521,-1.0081868148920952,Albania_2021
2021,Germany,Azerbaijan,0.0,0.0,0.0,7,2.0,0.0,0.0,True,0.9999864844704448,0.14798795148622892,1.0,0.0,0.8525541937054731,0.11037461140807622,Azerbaijan_2021
2021,Germany,Belgium,0.0,0.0,0.0,7,7.0,1.0,0.0,True,0.999978137764931,0.33104661220851767,1.0,0.0,0.8525438018215535,1.9392827330796534,Belgium_2021
2021,Germany,Bulgaria,0.0,0.0,0.0,7,3.0,0.0,0.0,False,0.9999845943662004,0.19288767492693734,1.0,0.0,0.8525518404723476,0.5589601551759101,Bulgaria_2021
2021,Germany,Cyprus,7.0,0.0,7.0,7,3.0,0.0,0.0,True,0.9999864844704448,0.11252155041914476,1.0,0.0,0.8525541937054731,-0.24396420382260878,Cyprus_2021
2021,Germany,Finland,0.0,8.0,8.0,7,8.0,0.0,0.0,True,0.9999824519711001,0.1948752838263811,1.0,0.0,0.8525491731299865,0.5788180195596891,Finland_2021
2021,Germany,France,12.0,10.0,22.0,7,7.0,1.0,1.0,True,-0.6223639040831801,0.015685141045804287,0.0,0.0,-1.1673178249252707,-1.2114403935730356,France_2021
2021,Germany,Greece,0.0,0.0,0.0,7,3.0,0.0,0.0,True,0.9999864844704448,0.12893451207620168,1.0,0.0,0.8525541937054731,-0.07998507955263255,Greece_2021
2021,Germany,Iceland,3.0,6.0,9.0,7,8.0,0.0,0.0,True,0.999978137764931,0.18731448378974352,1.0,0.0,0.8525438018215535,0.5032793450234475,Iceland_2021
2021,Germany,Israel,0.0,0.0,0.0,7,2.0,0.0,0.0,True,1.0,0.28637813616088836,1.0,0.0,0.8525710209211956,1.4930075429091256,Israel_2021
2021,Germany,Italy,6.0,7.0,13.0,7,1.0,0.0,0.0,True,-0.8189653304658621,0.0,0.0,0.0,-1.412092149124932,-1.3681479851999356,Italy_2021
2021,Germany,Lithuania,1.0,12.0,13.0,7,9.0,0.0,0.0,True,0.9999845943662004,0.1621804542758154,1.0,0.0,0.8525518404723476,0.2521695066416826,Lithuania_2021
2021,Germany,Malta,8.0,0.0,8.0,7,3.0,0.0,0.0,True,1.0,0.22656481213032528,1.0,0.0,0.8525710209211956,0.8954227377322399,Malta_2021
2021,Germany,Moldova,0.0,0.0,0.0,7,2.0,0.0,0.0,True,0.9999864844704448,0.22760875784651366,1.0,0.0,0.8525541937054731,0.9058526228378546,Moldova_2021
2021,Germany,Netherlands,0.0,0.0,0.0,7,7.0,1.0,0.0,False,0.9999771080287041,0.1284107388136864,1.0,0.0,0.8525425197708905,-0.0852180096415393,Netherlands_2021
2021,Germany,Norway,0.0,1.0,1.0,7,8.0,0.0,0.0,True,0.9999845943662004,0.2646822641103258,1.0,0.0,0.8525518404723476,1.2762477543066193,Norway_2021
2021,Germany,Portugal,0.0,0.0,0.0,7,1.0,0.0,0.0,False,0.9999864844704448,0.15316347124509197,1.0,0.0,0.8525541937054731,0.1620823540710479,Portugal_2021
2021,Germany,Russia,2.0,5.0,7.0,7,4.0,0.0,0.0,True,-0.750899434527629,0.04064566920927838,0.0,0.0,-1.3273481877718976,-0.9620639778423178,Russia_2021
2021,Germany,San Marino,0.0,0.0,0.0,7,3.0,0.0,0.0,False,0.9999999051491896,0.2911957245728649,1.0,0.0,0.8525709028292597,1.541139254016209,San Marino_2021
2021,Germany,Serbia,0.0,3.0,3.0,7,6.0,0.0,0.0,True,-0.8270557531675217,0.02714373075642566,0.0,0.0,-1.4221649537109662,-1.0969595615710446,Serbia_2021
2021,Germany,Spain,0.0,0.0,0.0,7,5.0,0.0,0.0,True,-0.7303182791063969,0.029077845561495362,0.0,0.0,-1.301724068444938,-1.0776361476376086,Spain_2021
2021,Germany,Sweden,4.0,0.0,4.0,7,8.0,0.0,0.0,True,0.9999999526021317,0.21454234974969322,1.0,0.0,0.852570961909512,0.7753083492423879,Sweden_2021
2021,Germany,Switzerland,10.0,2.0,12.0,7,7.0,1.0,1.0,True,-0.3177724161261597,0.019210709881849315,0.0,0.0,-0.788092826442674,-1.1762170315517386,Switzerland_2021
2021,Germany,Ukraine,5.0,4.0,9.0,7,9.0,0.0,0.0,True,-0.7206607635125736,0.0,0.0,0.0,-1.2897001889827187,-1.3681479851999356,Ukraine_2021
2021,Greece,Albania,0.0,7.0,7.0,3,3.0,1.0,0.0,True,-0.6033019013672826,0.02087590050458,0.0,0.0,-1.1435850935889589,-1.1595803936454685,Albania_2021
2021,Greece,Azerbaijan,0.0,2.0,2.0,3,2.0,0.0,0.0,True,0.9999999999999999,0.19597487426521915,1.0,0.0,0.8525710209211954,0.5898038416790489,Azerbaijan_2021
2021,Greece,Belgium,3.0,0.0,3.0,3,7.0,0.0,0.0,True,0.9999835136500889,0.24316404323630322,1.0,0.0,0.8525504949502895,1.0612628485657951,Belgium_2021
2021,Greece,Bulgaria,8.0,0.0,8.0,3,3.0,1.0,0.0,False,0.9999776762889111,0.18841395388889828,1.0,0.0,0.852543227270885,0.5142639648493827,Bulgaria_2021
2021,Greece,Cyprus,12.0,12.0,24.0,3,3.0,1.0,0.0,True,0.9999999999999999,0.24146918149663943,1.0,0.0,0.8525710209211954,1.0443297715480184,Cyprus_2021
2021,Greece,Finland,0.0,6.0,6.0,3,8.0,0.0,0.0,True,0.999995966175078,0.21423696825144095,1.0,0.0,0.8525659986953278,0.7722573343373401,Finland_2021
2021,Greece,France,5.0,8.0,13.0,3,7.0,0.0,0.0,True,-0.6232125527689302,0.015336051636053435,0.0,0.0,-1.1683744164890222,-1.2149280868302885,France_2021
2021,Greece,Iceland,0.0,0.0,0.0,3,8.0,0.0,0.0,True,0.9999835136500889,0.2829468747343724,1.0,0.0,0.8525504949502895,1.4587263902678218,Iceland_2021
2021,Greece,Israel,0.0,0.0,0.0,3,2.0,0.0,0.0,True,0.9999864844704448,0.24934554457092012,1.0,0.0,0.8525541937054731,1.123021183027531,Israel_2021
2021,Greece,Italy,4.0,10.0,14.0,3,1.0,0.0,1.0,True,-0.8189065292817744,0.009998290957868278,0.0,0.0,-1.4120189399912957,-1.268256751081154,Italy_2021
2021,Greece,Lithuania,0.0,0.0,0.0,3,9.0,0.0,0.0,True,0.9999776762889111,0.23576819890681258,1.0,0.0,0.852543227270885,0.9873722186034991,Lithuania_2021
2021,Greece,Malta,6.0,3.0,9.0,3,3.0,1.0,1.0,True,0.9999864844704448,0.18445856297950394,1.0,0.0,0.8525541937054731,0.47474632318176596,Malta_2021
2021,Greece,Moldova,10.0,0.0,10.0,3,2.0,0.0,0.0,True,0.9999999999999999,0.17222219260543062,1.0,0.0,0.8525710209211954,0.35249481610407135,Moldova_2021
2021,Greece,Netherlands,0.0,0.0,0.0,3,7.0,0.0,0.0,False,0.9999824642736206,0.252468438097444,1.0,0.0,0.8525491884469718,1.154221484129044,Netherlands_2021
2021,Greece,Norway,0.0,0.0,0.0,3,8.0,0.0,0.0,True,0.9999776762889111,0.15082231452285663,1.0,0.0,0.852543227270885,0.13869225317930198,Norway_2021
2021,Greece,Portugal,0.0,0.0,0.0,3,1.0,0.0,0.0,False,0.9999999999999999,0.11974926197521456,1.0,0.0,0.8525710209211954,-0.17175335996611768,Portugal_2021
2021,Greece,Russia,2.0,1.0,3.0,3,4.0,0.0,0.0,True,-0.7505912221930511,0.030407550534893156,0.0,0.0,-1.3269644547171868,-1.0643512901188283,Russia_2021
2021,Greece,San Marino,7.0,0.0,7.0,3,3.0,1.0,0.0,False,0.9999864686383675,0.19389916805121568,1.0,0.0,0.8525541739940902,0.5690658119239078,San Marino_2021
2021,Greece,Serbia,0.0,0.0,0.0,3,6.0,0.0,0.0,True,-0.8273988836675051,0.027020410309076166,0.0,0.0,-1.422592160867044,-1.098191635305419,Serbia_2021
2021,Greece,Spain,0.0,0.0,0.0,3,5.0,0.0,0.0,True,-0.7300838843393364,0.01165499022680802,0.0,0.0,-1.3014322403450163,-1.2517049488546104,Spain_2021
2021,Greece,Sweden,0.0,0.0,0.0,3,8.0,0.0,0.0,True,0.9999864978207685,0.25265800882165407,1.0,0.0,0.852554210327003,1.1561154531757472,Sweden_2021
2021,Greece,Switzerland,0.0,4.0,4.0,3,7.0,0.0,0.0,True,-0.31756359867156553,0.0,0.0,0.0,-0.7878328428185986,-1.3681479851999356,Switzerland_2021
2021,Greece,Ukraine,1.0,5.0,6.0,3,9.0,0.0,0.0,True,-0.7204134951344676,0.0,0.0,0.0,-1.2893923328737347,-1.3681479851999356,Ukraine_2021
2021,Iceland,Albania,0.0,0.0,0.0,8,3.0,0.0,0.0,True,-0.6030151977352923,0.01844980383865815,0.0,0.0,-1.143228139475974,-1.183819115150135,Albania_2021
2021,Iceland,Azerbaijan,0.0,0.0,0.0,8,2.0,0.0,0.0,True,0.9999835136500889,0.11127087129593528,1.0,0.0,0.8525504949502895,-0.2564595274364584,Azerbaijan_2021
2021,Iceland,Belgium,0.0,0.0,0.0,8,7.0,0.0,0.0,True,0.9999999999999993,0.261570988085973,1.0,0.0,0.8525710209211949,1.2451635217046266,Belgium_2021
2021,Iceland,Bulgaria,8.0,0.0,8.0,8,3.0,0.0,0.0,False,0.999993544110912,0.2880151567309341,1.0,0.0,0.8525629831570873,1.5093627385829433,Bulgaria_2021
2021,Iceland,Cyprus,0.0,0.0,0.0,8,3.0,0.0,0.0,True,0.9999835136500889,0.16997846786893944,1.0,0.0,0.8525504949502895,0.330078141704877,Cyprus_2021
2021,Iceland,Finland,5.0,12.0,17.0,8,8.0,1.0,1.0,True,0.999979483275509,0.1899288718946141,1.0,0.0,0.852545477020195,0.5293992544521151,Finland_2021
2021,Iceland,France,6.0,7.0,13.0,8,7.0,0.0,0.0,True,-0.6235204494442204,0.0,0.0,0.0,-1.1687577565390113,-1.3681479851999356,France_2021
2021,Iceland,Greece,4.0,0.0,4.0,8,3.0,0.0,0.0,True,0.9999835136500889,0.2829468747343724,1.0,0.0,0.8525504949502895,1.4587263902678218,Greece_2021
2021,Iceland,Israel,0.0,0.0,0.0,8,2.0,0.0,0.0,True,0.999978137764931,0.2713625842815952,1.0,0.0,0.8525438018215535,1.3429897034085854,Israel_2021
2021,Iceland,Italy,7.0,5.0,12.0,8,1.0,0.0,0.0,True,-0.8192693579265343,0.0,0.0,0.0,-1.4124706718935276,-1.3681479851999356,Italy_2021
2021,Iceland,Lithuania,0.0,4.0,4.0,8,9.0,0.0,0.0,True,0.999993544110912,0.12528164015662682,1.0,0.0,0.8525629831570873,-0.11648030515286593,Lithuania_2021
2021,Iceland,Malta,1.0,3.0,4.0,8,3.0,0.0,0.0,True,0.999978137764931,0.2070104228150107,1.0,0.0,0.8525438018215535,0.7000581409849617,Malta_2021
2021,Iceland,Moldova,0.0,0.0,0.0,8,2.0,0.0,0.0,True,0.9999835136500889,0.22039007360253798,1.0,0.0,0.8525504949502895,0.8337319693298598,Moldova_2021
2021,Iceland,Netherlands,0.0,0.0,0.0,8,7.0,0.0,0.0,False,0.9999939325061485,0.15502139323158526,1.0,0.0,0.8525634667201177,0.18064453843928543,Netherlands_2021
2021,Iceland,Norway,0.0,1.0,1.0,8,8.0,1.0,1.0,True,0.999993544110912,0.18149273972624025,1.0,0.0,0.8525629831570873,0.4451152846177656,Norway_2021
2021,Iceland,Portugal,10.0,2.0,12.0,8,1.0,0.0,0.0,False,0.9999835136500889,0.21195793874221472,1.0,0.0,0.8525504949502895,0.7494879359242469,Portugal_2021
2021,Iceland,Russia,2.0,0.0,2.0,8,4.0,0.0,0.0,True,-0.7515825300518756,0.04136248562581118,0.0,0.0,-1.328198660977447,-0.9549023862477348,Russia_2021
2021,Iceland,San Marino,0.0,0.0,0.0,8,3.0,0.0,0.0,False,0.9999780456689824,0.20234633993584117,1.0,0.0,0.8525436871594984,0.6534600776963675,San Marino_2021
2021,Iceland,Serbia,0.0,0.0,0.0,8,6.0,0.0,0.0,True,-0.8268333201786559,0.007179197044981986,0.0,0.0,-1.4218880183624742,-1.296421841619287,Serbia_2021
2021,Iceland,Spain,0.0,0.0,0.0,8,5.0,0.0,0.0,True,-0.7296484537852955,0.0,0.0,0.0,-1.3008901170168072,-1.3681479851999356,Spain_2021
2021,Iceland,Sweden,0.0,10.0,10.0,8,8.0,1.0,1.0,True,0.9999780927206349,0.19044281098673277,1.0,0.0,0.8525437457401335,0.5345339330076755,Sweden_2021
2021,Iceland,Switzerland,12.0,6.0,18.0,8,7.0,0.0,0.0,True,-0.3174374606562762,0.0,0.0,0.0,-0.787675797429781,-1.3681479851999356,Switzerland_2021
2021,Iceland,Ukraine,3.0,8.0,11.0,8,9.0,0.0,0.0,True,-0.7195167698093168,0.0,0.0,0.0,-1.288275884537143,-1.3681479851999356,Ukraine_2021
2021,Israel,Albania,0.0,0.0,0.0,2,3.0,0.0,0.0,True,-0.6035027492133624,0.12377889892127542,0.0,0.0,-1.143835154825521,-0.13149393870213802,Albania_2021
2021,Israel,Azerbaijan,2.0,2.0,4.0,2,2.0,1.0,0.0,True,0.9999864844704448,0.30511435735446835,1.0,0.0,0.8525541937054731,1.6801979603150436,Azerbaijan_2021
2021,Israel,Belgium,6.0,0.0,6.0,2,7.0,0.0,0.0,True,0.999978137764931,0.2136680705121643,1.0,0.0,0.8525438018215535,0.7665735732322476,Belgium_2021
2021,Israel,Bulgaria,1.0,0.0,1.0,2,3.0,0.0,0.0,False,0.9999845943662004,0.23849276161717675,1.0,0.0,0.8525518404723476,1.0145928638836916,Bulgaria_2021
2021,Israel,Cyprus,3.0,0.0,3.0,2,3.0,0.0,0.0,True,0.9999864844704448,0.20188560545756584,1.0,0.0,0.8525541937054731,0.6488569574401224,Cyprus_2021
2021,Israel,Finland,0.0,4.0,4.0,2,8.0,0.0,0.0,True,0.9999824519711001,0.2510133574680726,1.0,0.0,0.8525491731299865,1.1396840196340883,Finland_2021
2021,Israel,France,8.0,8.0,16.0,2,7.0,0.0,0.0,True,-0.6223639040831801,0.058845440289596276,0.0,0.0,-1.1673178249252707,-0.780233142797297,France_2021
2021,Israel,Greece,0.0,0.0,0.0,2,3.0,0.0,0.0,True,0.9999864844704448,0.24934554457092012,1.0,0.0,0.8525541937054731,1.123021183027531,Greece_2021
2021,Israel,Iceland,0.0,1.0,1.0,2,8.0,0.0,0.0,True,0.999978137764931,0.2713625842815952,1.0,0.0,0.8525438018215535,1.3429897034085854,Iceland_2021
2021,Israel,Italy,0.0,7.0,7.0,2,1.0,0.0,0.0,True,-0.8189653304658621,0.10322804214024076,0.0,0.0,-1.412092149124932,-0.33681407338379293,Italy_2021
2021,Israel,Lithuania,10.0,3.0,13.0,2,9.0,0.0,0.0,True,0.9999845943662004,0.22958126184320074,1.0,0.0,0.8525518404723476,0.9255595766926273,Lithuania_2021
2021,Israel,Malta,5.0,5.0,10.0,2,3.0,0.0,0.0,True,1.0,0.29804714240043184,1.0,0.0,0.8525710209211956,1.6095906108674005,Malta_2021
2021,Israel,Moldova,0.0,0.0,0.0,2,2.0,1.0,0.0,True,0.9999864844704448,0.23833246677074915,1.0,0.0,0.8525541937054731,1.0129913851809809,Moldova_2021
2021,Israel,Netherlands,0.0,0.0,0.0,2,7.0,0.0,0.0,False,0.9999771080287041,0.13745157139223269,1.0,0.0,0.8525425197708905,0.00510741972812429,Netherlands_2021
2021,Israel,Norway,0.0,0.0,0.0,2,8.0,0.0,0.0,True,0.9999845943662004,0.20852143969034878,1.0,0.0,0.8525518404723476,0.715154455053822,Norway_2021
2021,Israel,Portugal,0.0,0.0,0.0,2,1.0,0.0,0.0,False,0.9999864844704448,0.15909224205544448,1.0,0.0,0.8525541937054731,0.221315700604883,Portugal_2021
2021,Israel,Russia,7.0,10.0,17.0,2,4.0,0.0,0.0,True,-0.750899434527629,0.0484627028988195,0.0,0.0,-1.3273481877718976,-0.8839653162123664,Russia_2021
2021,Israel,San Marino,0.0,0.0,0.0,2,3.0,0.0,0.0,False,0.9999999051491896,0.2936499496415273,1.0,0.0,0.8525709028292597,1.5656590016357768,San Marino_2021
2021,Israel,Serbia,0.0,0.0,0.0,2,6.0,0.0,0.0,True,-0.8270557531675217,0.04208250666981778,0.0,0.0,-1.4221649537109662,-0.9477087777620055,Serbia_2021
2021,Israel,Spain,0.0,0.0,0.0,2,5.0,0.0,1.0,True,-0.7303182791063969,0.011390430521024045,0.0,0.0,-1.301724068444938,-1.2543481201346047,Spain_2021
2021,Israel,Sweden,0.0,0.0,0.0,2,8.0,0.0,0.0,True,0.9999999526021317,0.26219261913471587,1.0,0.0,0.852570961909512,1.2513741323867063,Sweden_2021
2021,Israel,Switzerland,12.0,6.0,18.0,2,7.0,0.0,0.0,True,-0.3177724161261597,0.05039674461248367,0.0,0.0,-0.788092826442674,-0.8646426325228024,Switzerland_2021
2021,Israel,Ukraine,4.0,12.0,16.0,2,9.0,0.0,0.0,True,-0.7206607635125736,0.0,0.0,0.0,-1.2897001889827187,-1.3681479851999356,Ukraine_2021
2021,Italy,Albania,0.0,10.0,10.0,1,3.0,0.0,0.0,True,0.5349295217452892,0.13881806846057315,0.0,0.0,0.2735451505878474,0.018759860845453974,Albania_2021
2021,Italy,Azerbaijan,0.0,0.0,0.0,1,2.0,0.0,0.0,True,-0.8189065292817744,0.2655376827500093,0.0,0.0,-1.4120189399912957,1.2847940972732586,Azerbaijan_2021
2021,Italy,Belgium,5.0,0.0,5.0,1,7.0,0.0,0.0,True,-0.8192693579265343,0.011400540115412097,0.0,0.0,-1.4124706718935276,-1.2542471168867375,Belgium_2021
2021,Italy,Bulgaria,0.0,0.0,0.0,1,3.0,0.0,0.0,False,-0.8187916776718731,0.009766025970094364,0.0,0.0,-1.4118759464957034,-1.270577271294967,Bulgaria_2021
2021,Italy,Cyprus,0.0,0.0,0.0,1,3.0,0.0,0.0,True,-0.8189065292817744,0.03284734159190408,0.0,0.0,-1.4120189399912957,-1.0399757502686908,Cyprus_2021
2021,Italy,Finland,10.0,8.0,18.0,1,8.0,0.0,0.0,True,-0.8188744294995619,0.008745167663765905,0.0,0.0,-1.4119789748565426,-1.2807764939930533,Finland_2021
2021,Italy,France,3.0,1.0,4.0,1,7.0,0.0,0.0,True,0.583405557055911,0.22351125055343088,0.0,0.0,0.33389918260763535,0.8649151204145389,France_2021
2021,Italy,Greece,0.0,0.0,0.0,1,3.0,0.0,1.0,True,-0.8189065292817744,0.009998290957868278,0.0,0.0,-1.4120189399912957,-1.268256751081154,Greece_2021
2021,Italy,Iceland,8.0,6.0,14.0,1,8.0,0.0,0.0,True,-0.8192693579265343,0.0,0.0,0.0,-1.4124706718935276,-1.3681479851999356,Iceland_2021
2021,Italy,Israel,4.0,0.0,4.0,1,2.0,0.0,0.0,True,-0.8189653304658621,0.10322804214024076,0.0,0.0,-1.412092149124932,-0.33681407338379293,Israel_2021
2021,Italy,Lithuania,12.0,5.0,17.0,1,9.0,0.0,0.0,True,-0.8187916776718731,0.004879666993340247,0.0,0.0,-1.4118759464957034,-1.3193960574847445,Lithuania_2021
2021,Italy,Malta,7.0,0.0,7.0,1,3.0,0.0,1.0,True,-0.8189653304658621,0.010879528036858427,0.0,0.0,-1.412092149124932,-1.259452460453636,Malta_2021
2021,Italy,Moldova,0.0,2.0,2.0,1,2.0,0.0,0.0,True,-0.8189065292817744,0.005178971768046853,0.0,0.0,-1.4120189399912957,-1.3164057540969882,Moldova_2021
2021,Italy,Netherlands,0.0,0.0,0.0,1,7.0,0.0,0.0,False,-0.8193206356228675,0.06103381416172045,0.0,0.0,-1.412534514072587,-0.7583694695234411,Netherlands_2021
2021,Italy,Norway,2.0,0.0,2.0,1,8.0,0.0,0.0,True,-0.8187916776718731,0.012166156678257819,0.0,0.0,-1.4118759464957034,-1.2465979712830828,Norway_2021
2021,Italy,Portugal,6.0,0.0,6.0,1,1.0,1.0,0.0,False,-0.8189065292817744,0.0,0.0,0.0,-1.4120189399912957,-1.3681479851999356,Portugal_2021
2021,Italy,Russia,0.0,7.0,7.0,1,4.0,0.0,0.0,True,0.684731607132979,0.0,0.0,0.0,0.46005297450921884,-1.3681479851999356,Russia_2021
2021,Italy,San Marino,0.0,3.0,3.0,1,3.0,0.0,0.0,False,-0.8190084263909113,0.009807415822688266,0.0,0.0,-1.4121458047678428,-1.2701637522772649,San Marino_2021
2021,Italy,Serbia,0.0,4.0,4.0,1,6.0,0.0,0.0,True,0.5877897967373322,0.3462746707254998,0.0,0.0,0.3393576847400682,2.0914236904597026,Serbia_2021
2021,Italy,Spain,0.0,0.0,0.0,1,5.0,0.0,0.0,True,0.496310551481653,0.36026625282057345,0.0,0.0,0.22546344273101646,2.231211221012739,Spain_2021
2021,Italy,Sweden,0.0,0.0,0.0,1,8.0,0.0,0.0,True,-0.8189952270980134,0.013059818228614368,0.0,0.0,-1.412129371275683,-1.2376695498632835,Sweden_2021
2021,Italy,Switzerland,0.0,0.0,0.0,1,7.0,0.0,0.0,True,0.18370476058427887,0.25462502865832104,0.0,0.0,-0.16373958908658792,1.1757676157152017,Switzerland_2021
2021,Italy,Ukraine,1.0,12.0,13.0,1,9.0,0.0,0.0,True,0.5277431060128827,0.0,0.0,0.0,0.26459786019081,-1.3681479851999356,Ukraine_2021
2021,Lithuania,Albania,0.0,0.0,0.0,9,3.0,0.0,0.0,True,-0.6030754311798789,0.00817012555586819,0.0,0.0,-1.1433031318143518,-1.286521642445946,Albania_2021
2021,Lithuania,Azerbaijan,0.0,0.0,0.0,9,2.0,0.0,0.0,True,0.9999776762889111,0.15888034037198137,1.0,0.0,0.852543227270885,0.2191986267207389,Azerbaijan_2021
2021,Lithuania,Belgium,7.0,2.0,9.0,9,7.0,0.0,0.0,True,0.999993544110912,0.13636194765283016,1.0,0.0,0.8525629831570873,-0.005778826782674028,Belgium_2021
2021,Lithuania,Bulgaria,2.0,0.0,2.0,9,3.0,0.0,0.0,False,0.9999999999999998,0.2615694161640167,1.0,0.0,0.8525710209211954,1.2451478168981935,Bulgaria_2021
2021,Lithuania,Cyprus,0.0,0.0,0.0,9,3.0,0.0,0.0,True,0.9999776762889111,0.19500555972817474,1.0,0.0,0.852543227270885,0.5801195840631568,Cyprus_2021
2021,Lithuania,Finland,0.0,7.0,7.0,9,8.0,0.0,0.0,True,0.9999736440319503,0.16249336164113293,1.0,0.0,0.8525382069971733,0.2552957112118573,Finland_2021
2021,Lithuania,France,5.0,8.0,13.0,9,7.0,0.0,0.0,True,-0.6226814308810139,0.012072614183186286,0.0,0.0,-1.1677131547496018,-1.247532538532088,France_2021
2021,Lithuania,Greece,0.0,0.0,0.0,9,3.0,0.0,0.0,True,0.9999776762889111,0.23576819890681258,1.0,0.0,0.852543227270885,0.9873722186034991,Greece_2021
2021,Lithuania,Iceland,4.0,3.0,7.0,9,8.0,0.0,0.0,True,0.999993544110912,0.12528164015662682,1.0,0.0,0.8525629831570873,-0.11648030515286593,Iceland_2021
2021,Lithuania,Israel,1.0,0.0,1.0,9,2.0,0.0,0.0,True,0.9999845943662004,0.22958126184320074,1.0,0.0,0.8525518404723476,0.9255595766926273,Israel_2021
2021,Lithuania,Italy,10.0,10.0,20.0,9,1.0,0.0,0.0,True,-0.8187916776718731,0.004879666993340247,0.0,0.0,-1.4118759464957034,-1.3193960574847445,Italy_2021
2021,Lithuania,Malta,3.0,0.0,3.0,9,3.0,0.0,0.0,True,0.9999845943662004,0.18621439434363174,1.0,0.0,0.8525518404723476,0.49228853740680434,Malta_2021
2021,Lithuania,Moldova,0.0,0.0,0.0,9,2.0,0.0,0.0,True,0.9999776762889111,0.2719153654651292,1.0,0.0,0.852543227270885,1.3485124467307723,Moldova_2021
2021,Lithuania,Netherlands,0.0,0.0,0.0,9,7.0,0.0,0.0,False,0.999988368638064,0.19461716872525736,1.0,0.0,0.8525565395473328,0.5762392352349887,Netherlands_2021
2021,Lithuania,Norway,0.0,5.0,5.0,9,8.0,0.0,0.0,True,0.9999999999999998,0.19605652720299982,1.0,0.0,0.8525710209211954,0.5906196223718398,Norway_2021
2021,Lithuania,Portugal,6.0,0.0,6.0,9,1.0,0.0,0.0,False,0.9999776762889111,0.21384688091853654,1.0,0.0,0.852543227270885,0.768360037763143,Portugal_2021
2021,Lithuania,Russia,0.0,4.0,4.0,9,4.0,0.0,0.0,True,-0.7513058455286867,0.032900966958237784,0.0,0.0,-1.3278541809376723,-1.039439988302399,Russia_2021
2021,Lithuania,San Marino,0.0,0.0,0.0,9,3.0,0.0,0.0,False,0.9999845000630955,0.24514678568224016,1.0,0.0,0.8525517230623206,1.081072093035568,San Marino_2021
2021,Lithuania,Serbia,0.0,0.0,0.0,9,6.0,0.0,0.0,True,-0.8268654440820775,0.026430579525249742,0.0,0.0,-1.4219280135288133,-1.1040845349185575,Serbia_2021
2021,Lithuania,Spain,0.0,0.0,0.0,9,5.0,0.0,0.0,True,-0.7299603869485858,0.011937366823686358,0.0,0.0,-1.3012784826082715,-1.2488837720287609,Spain_2021
2021,Lithuania,Sweden,0.0,1.0,1.0,9,8.0,0.0,0.0,True,0.999984547435883,0.19446464847628117,1.0,0.0,0.8525517820427782,0.574715431220629,Sweden_2021
2021,Lithuania,Switzerland,8.0,6.0,14.0,9,7.0,0.0,0.0,True,-0.3178923788093772,0.0,0.0,0.0,-0.7882421833687859,-1.3681479851999356,Switzerland_2021
2021,Lithuania,Ukraine,12.0,12.0,24.0,9,9.0,1.0,0.0,True,-0.7200425551257091,0.0,0.0,0.0,-1.288930502094411,-1.3681479851999356,Ukraine_2021
2021,Malta,Albania,12.0,0.0,12.0,3,3.0,1.0,0.0,True,-0.6035027492133624,0.022501838436900328,0.0,0.0,-1.143835154825521,-1.1433359227309465,Albania_2021
2021,Malta,Azerbaijan,0.0,0.0,0.0,3,2.0,0.0,0.0,True,0.9999864844704448,0.16317001416287943,1.0,0.0,0.8525541937054731,0.2620560321258683,Azerbaijan_2021
2021,Malta,Belgium,0.0,0.0,0.0,3,7.0,0.0,0.0,True,0.999978137764931,0.24384160735782776,1.0,0.0,0.8525438018215535,1.068032277119025,Belgium_2021
2021,Malta,Bulgaria,0.0,0.0,0.0,3,3.0,1.0,0.0,False,0.9999845943662004,0.23106655590360514,1.0,0.0,0.8525518404723476,0.9403988984675485,Bulgaria_2021
2021,Malta,Cyprus,4.0,2.0,6.0,3,3.0,1.0,0.0,True,0.9999864844704448,0.24184427726445082,1.0,0.0,0.8525541937054731,1.0480772899306403,Cyprus_2021
2021,Malta,Finland,2.0,7.0,9.0,3,8.0,0.0,0.0,True,0.9999824519711001,0.1550749304047531,1.0,0.0,0.8525491731299865,0.18117941928257167,Finland_2021
2021,Malta,France,3.0,3.0,6.0,3,7.0,0.0,0.0,True,-0.6223639040831801,0.0729509980896538,1.0,1.0,-1.1673178249252707,-0.6393069002505438,France_2021
2021,Malta,Greece,6.0,0.0,6.0,3,3.0,1.0,1.0,True,0.9999864844704448,0.18445856297950394,1.0,0.0,0.8525541937054731,0.47474632318176596,Greece_2021
2021,Malta,Iceland,0.0,5.0,5.0,3,8.0,0.0,0.0,True,0.999978137764931,0.2070104228150107,1.0,0.0,0.8525438018215535,0.7000581409849617,Iceland_2021
2021,Malta,Israel,0.0,0.0,0.0,3,2.0,0.0,0.0,True,1.0,0.29804714240043184,1.0,0.0,0.8525710209211956,1.6095906108674005,Israel_2021
2021,Malta,Italy,0.0,12.0,12.0,3,1.0,0.0,1.0,True,-0.8189653304658621,0.010879528036858427,0.0,0.0,-1.412092149124932,-1.259452460453636,Italy_2021
2021,Malta,Lithuania,0.0,6.0,6.0,3,9.0,0.0,0.0,True,0.9999845943662004,0.18621439434363174,1.0,0.0,0.8525518404723476,0.49228853740680434,Lithuania_2021
2021,Malta,Moldova,0.0,0.0,0.0,3,2.0,0.0,0.0,True,0.9999864844704448,0.28863860722278395,1.0,0.0,0.8525541937054731,1.5155915270134135,Moldova_2021
2021,Malta,Netherlands,0.0,0.0,0.0,3,7.0,0.0,0.0,False,0.9999771080287041,0.19107380249662656,1.0,0.0,0.8525425197708905,0.5408380624741381,Netherlands_2021
2021,Malta,Norway,0.0,10.0,10.0,3,8.0,0.0,0.0,True,0.9999845943662004,0.21079116468103667,1.0,0.0,0.8525518404723476,0.7378308935957141,Norway_2021
2021,Malta,Portugal,7.0,0.0,7.0,3,1.0,0.0,0.0,False,0.9999864844704448,0.16374588293996256,1.0,0.0,0.8525541937054731,0.26780943969079196,Portugal_2021
2021,Malta,Russia,0.0,0.0,0.0,3,4.0,0.0,0.0,True,-0.750899434527629,0.027627676512589947,0.0,0.0,-1.3273481877718976,-1.0921245413627405,Russia_2021
2021,Malta,San Marino,1.0,0.0,1.0,3,3.0,1.0,0.0,False,0.9999999051491896,0.22305719401891377,1.0,0.0,0.8525709028292597,0.860378718365055,San Marino_2021
2021,Malta,Serbia,0.0,4.0,4.0,3,6.0,0.0,0.0,True,-0.8270557531675217,0.11397741957479278,0.0,0.0,-1.4221649537109662,-0.2294188612949738,Serbia_2021
2021,Malta,Spain,0.0,0.0,0.0,3,5.0,0.0,0.0,True,-0.7303182791063969,0.018055025708600896,0.0,0.0,-1.301724068444938,-1.1877632766854112,Spain_2021
2021,Malta,Sweden,8.0,8.0,16.0,3,8.0,0.0,0.0,True,0.9999999526021317,0.18825044152084996,1.0,0.0,0.852570961909512,0.512630340432284,Sweden_2021
2021,Malta,Switzerland,10.0,0.0,10.0,3,7.0,0.0,0.0,True,-0.3177724161261597,0.06311894706828973,1.0,1.0,-0.788092826442674,-0.7375372592770515,Switzerland_2021
2021,Malta,Ukraine,5.0,1.0,6.0,3,9.0,0.0,0.0,True,-0.7206607635125736,0.0,0.0,0.0,-1.2897001889827187,-1.3681479851999356,Ukraine_2021
2021,Moldova,Albania,0.0,0.0,0.0,2,3.0,0.0,0.0,True,-0.6033019013672826,0.022627108380065823,0.0,0.0,-1.1435850935889589,-1.1420843719135598,Albania_2021
2021,Moldova,Azerbaijan,6.0,1.0,7.0,2,2.0,1.0,1.0,True,0.9999999999999999,0.18803779519027505,1.0,0.0,0.8525710209211954,0.5105058269047753,Azerbaijan_2021
2021,Moldova,Belgium,0.0,0.0,0.0,2,7.0,0.0,0.0,True,0.9999835136500889,0.1931792745268249,1.0,0.0,0.8525504949502895,0.5618734774650949,Belgium_2021
2021,Moldova,Bulgaria,12.0,0.0,12.0,2,3.0,0.0,0.0,False,0.9999776762889111,0.2706415460455992,1.0,0.0,0.852543227270885,1.33578593232971,Bulgaria_2021
2021,Moldova,Cyprus,1.0,0.0,1.0,2,3.0,0.0,0.0,True,0.9999999999999999,0.17403869272877578,1.0,0.0,0.8525710209211954,0.37064316164257277,Cyprus_2021
2021,Moldova,Finland,0.0,5.0,5.0,2,8.0,0.0,0.0,True,0.999995966175078,0.17037948518739443,1.0,0.0,0.8525659986953278,0.33408463791630694,Finland_2021
2021,Moldova,France,4.0,6.0,10.0,2,7.0,0.0,0.0,True,-0.6232125527689302,0.0219615950190292,0.0,0.0,-1.1683744164890222,-1.1487334033566956,France_2021
2021,Moldova,Greece,8.0,7.0,15.0,2,3.0,0.0,0.0,True,0.9999999999999999,0.17222219260543062,1.0,0.0,0.8525710209211954,0.35249481610407135,Greece_2021
2021,Moldova,Iceland,5.0,0.0,5.0,2,8.0,0.0,0.0,True,0.9999835136500889,0.22039007360253798,1.0,0.0,0.8525504949502895,0.8337319693298598,Iceland_2021
2021,Moldova,Israel,0.0,0.0,0.0,2,2.0,1.0,0.0,True,0.9999864844704448,0.23833246677074915,1.0,0.0,0.8525541937054731,1.0129913851809809,Israel_2021
2021,Moldova,Italy,0.0,8.0,8.0,2,1.0,0.0,0.0,True,-0.8189065292817744,0.005178971768046853,0.0,0.0,-1.4120189399912957,-1.3164057540969882,Italy_2021
2021,Moldova,Lithuania,0.0,2.0,2.0,2,9.0,0.0,0.0,True,0.9999776762889111,0.2719153654651292,1.0,0.0,0.852543227270885,1.3485124467307723,Lithuania_2021
2021,Moldova,Malta,7.0,0.0,7.0,2,3.0,0.0,0.0,True,0.9999864844704448,0.28863860722278395,1.0,0.0,0.8525541937054731,1.5155915270134135,Malta_2021
2021,Moldova,Netherlands,0.0,0.0,0.0,2,7.0,0.0,0.0,False,0.9999824642736206,0.14347041687478404,1.0,0.0,0.8525491884469718,0.06524068707909733,Netherlands_2021
2021,Moldova,Norway,0.0,0.0,0.0,2,8.0,0.0,0.0,True,0.9999776762889111,0.22303414694672924,1.0,0.0,0.852543227270885,0.8601484589644195,Norway_2021
2021,Moldova,Portugal,2.0,0.0,2.0,2,1.0,0.0,0.0,False,0.9999999999999999,0.20677504181504036,1.0,0.0,0.8525710209211954,0.6977064892202521,Portugal_2021
2021,Moldova,Russia,10.0,12.0,22.0,2,4.0,0.0,1.0,True,-0.7505912221930511,0.031525087261482586,0.0,0.0,-1.3269644547171868,-1.0531861696734957,Russia_2021
2021,Moldova,San Marino,0.0,0.0,0.0,2,3.0,0.0,0.0,False,0.9999864686383675,0.37400219550484826,1.0,0.0,0.8525541739940902,2.368444701444439,San Marino_2021
2021,Moldova,Serbia,0.0,0.0,0.0,2,6.0,0.0,0.0,True,-0.8273988836675051,0.09108228000391486,0.0,0.0,-1.422592160867044,-0.45816032888118663,Serbia_2021
2021,Moldova,Spain,0.0,0.0,0.0,2,5.0,0.0,0.0,True,-0.7300838843393364,0.01875228996970723,0.0,0.0,-1.3014322403450163,-1.1807970273691697,Spain_2021
2021,Moldova,Sweden,0.0,3.0,3.0,2,8.0,0.0,0.0,True,0.9999864978207685,0.21466421774775607,1.0,0.0,0.852554210327003,0.7765259118015675,Sweden_2021
2021,Moldova,Switzerland,3.0,4.0,7.0,2,7.0,0.0,0.0,True,-0.31756359867156553,0.0,0.0,0.0,-0.7878328428185986,-1.3681479851999356,Switzerland_2021
2021,Moldova,Ukraine,0.0,10.0,10.0,2,9.0,0.0,1.0,True,-0.7204134951344676,0.0,0.0,0.0,-1.2893923328737347,-1.3681479851999356,Ukraine_2021
2021,Netherlands,Albania,1.0,0.0,1.0,7,3.0,0.0,0.0,False,-0.6034386399128054,0.028420808229703453,0.0,0.0,-1.143755336937078,-1.0842004965059675,Albania_2021
2021,Netherlands,Azerbaijan,2.0,0.0,2.0,7,2.0,0.0,0.0,False,0.9999824642736206,0.1402999817258792,1.0,0.0,0.8525491884469718,0.03356540566828407,Azerbaijan_2021
2021,Netherlands,Belgium,6.0,0.0,6.0,7,7.0,1.0,0.0,False,0.9999939325061485,0.1506639373574286,1.0,0.0,0.8525634667201177,0.137109933703153,Belgium_2021
2021,Netherlands,Bulgaria,0.0,0.0,0.0,7,3.0,0.0,0.0,False,0.999988368638064,0.18631385204426462,1.0,0.0,0.8525565395473328,0.4932822024742343,Bulgaria_2021
2021,Netherlands,Cyprus,0.0,0.0,0.0,7,3.0,0.0,0.0,False,0.9999824642736206,0.15192285539244058,1.0,0.0,0.8525491884469718,0.1496875708915139,Cyprus_2021
2021,Netherlands,Finland,0.0,4.0,4.0,7,8.0,0.0,0.0,False,0.9999864959816445,0.2085412813303222,1.0,0.0,0.8525542080372417,0.7153526895233168,Finland_2021
2021,Netherlands,France,12.0,12.0,24.0,7,7.0,1.0,0.0,False,-0.6235136102841967,0.0050403271184529955,0.0,0.0,-1.1687492415917715,-1.3177909293444636,France_2021
2021,Netherlands,Greece,0.0,10.0,10.0,7,3.0,0.0,0.0,False,0.9999824642736206,0.252468438097444,1.0,0.0,0.8525491884469718,1.154221484129044,Greece_2021
2021,Netherlands,Iceland,10.0,8.0,18.0,7,8.0,0.0,0.0,False,0.9999939325061485,0.15502139323158526,1.0,0.0,0.8525634667201177,0.18064453843928543,Iceland_2021
2021,Netherlands,Israel,4.0,0.0,4.0,7,2.0,0.0,0.0,False,0.9999771080287041,0.13745157139223269,1.0,0.0,0.8525425197708905,0.00510741972812429,Israel_2021
2021,Netherlands,Italy,0.0,2.0,2.0,7,1.0,0.0,0.0,False,-0.8193206356228675,0.06103381416172045,0.0,0.0,-1.412534514072587,-0.7583694695234411,Italy_2021
2021,Netherlands,Lithuania,0.0,3.0,3.0,7,9.0,0.0,0.0,False,0.999988368638064,0.19461716872525736,1.0,0.0,0.8525565395473328,0.5762392352349887,Lithuania_2021
2021,Netherlands,Malta,7.0,1.0,8.0,7,3.0,0.0,0.0,False,0.9999771080287041,0.19107380249662656,1.0,0.0,0.8525425197708905,0.5408380624741381,Malta_2021
2021,Netherlands,Moldova,0.0,0.0,0.0,7,2.0,0.0,0.0,False,0.9999824642736206,0.14347041687478404,1.0,0.0,0.8525491884469718,0.06524068707909733,Moldova_2021
2021,Netherlands,Norway,0.0,0.0,0.0,7,8.0,0.0,0.0,False,0.999988368638064,0.13911602662554354,1.0,0.0,0.8525565395473328,0.021736710483064962,Norway_2021
2021,Netherlands,Portugal,0.0,6.0,6.0,7,1.0,0.0,0.0,False,0.9999824642736206,0.09769924856854809,1.0,0.0,0.8525491884469718,-0.3920513149675404,Portugal_2021
2021,Netherlands,Russia,8.0,0.0,8.0,7,4.0,0.0,0.0,False,-0.7515874875765817,0.04867075229706062,0.0,0.0,-1.328204833235614,-0.8818867298584037,Russia_2021
2021,Netherlands,San Marino,0.0,0.0,0.0,7,3.0,0.0,0.0,False,0.9999771396436218,0.17907971255425822,1.0,0.0,0.852542559132355,0.4210071382168301,San Marino_2021
2021,Netherlands,Serbia,0.0,0.0,0.0,7,6.0,0.0,0.0,False,-0.826949643023843,0.06696216271900317,0.0,0.0,-1.4220328435875171,-0.6991403416486177,Serbia_2021
2021,Netherlands,Spain,0.0,0.0,0.0,7,5.0,0.0,0.0,False,-0.7297586942533593,0.04054348273497027,0.0,0.0,-1.3010273695106789,-0.9630849056260657,Spain_2021
2021,Netherlands,Sweden,0.0,0.0,0.0,7,8.0,0.0,0.0,False,0.9999771530358484,0.15429488292387022,1.0,0.0,0.8525425758060552,0.1733860968172641,Sweden_2021
2021,Netherlands,Switzerland,5.0,7.0,12.0,7,7.0,1.0,0.0,False,-0.3174711992687345,0.0,0.0,0.0,-0.7877178029544402,-1.3681479851999356,Switzerland_2021
2021,Netherlands,Ukraine,3.0,5.0,8.0,7,9.0,0.0,0.0,False,-0.7198491060502069,0.0,0.0,0.0,-1.2886896525360212,-1.3681479851999356,Ukraine_2021
2021,Norway,Albania,0.0,0.0,0.0,8,3.0,0.0,0.0,True,-0.6030754311798789,0.0212933708595815,0.0,0.0,-1.1433031318143518,-1.155409517928325,Albania_2021
2021,Norway,Azerbaijan,0.0,1.0,1.0,8,2.0,0.0,0.0,True,0.9999776762889111,0.13056698663186844,1.0,0.0,0.852543227270885,-0.06367530233968473,Azerbaijan_2021
2021,Norway,Belgium,0.0,0.0,0.0,8,7.0,0.0,0.0,True,0.999993544110912,0.23368586077608947,1.0,0.0,0.8525629831570873,0.9665679304899555,Belgium_2021
2021,Norway,Bulgaria,6.0,0.0,6.0,8,3.0,0.0,0.0,False,0.9999999999999998,0.3529768428387773,1.0,0.0,0.8525710209211954,2.1583839586188236,Bulgaria_2021
2021,Norway,Cyprus,0.0,0.0,0.0,8,3.0,0.0,0.0,True,0.9999776762889111,0.24247654336515956,1.0,0.0,0.852543227270885,1.0543941536183852,Cyprus_2021
2021,Norway,Finland,0.0,6.0,6.0,8,8.0,1.0,1.0,True,0.9999736440319503,0.1895026955459209,1.0,0.0,0.8525382069971733,0.5251413986242949,Finland_2021
2021,Norway,France,4.0,4.0,8.0,8,7.0,0.0,0.0,True,-0.6226814308810139,0.013958447162420676,0.0,0.0,-1.1677131547496018,-1.2286915001554866,France_2021
2021,Norway,Greece,1.0,0.0,1.0,8,3.0,0.0,0.0,True,0.9999776762889111,0.15082231452285663,1.0,0.0,0.852543227270885,0.13869225317930198,Greece_2021
2021,Norway,Iceland,2.0,10.0,12.0,8,8.0,1.0,1.0,True,0.999993544110912,0.18149273972624025,1.0,0.0,0.8525629831570873,0.4451152846177656,Iceland_2021
2021,Norway,Israel,8.0,0.0,8.0,8,2.0,0.0,0.0,True,0.9999845943662004,0.20852143969034878,1.0,0.0,0.8525518404723476,0.715154455053822,Israel_2021
2021,Norway,Italy,5.0,7.0,12.0,8,1.0,0.0,0.0,True,-0.8187916776718731,0.012166156678257819,0.0,0.0,-1.4118759464957034,-1.2465979712830828,Italy_2021
2021,Norway,Lithuania,0.0,12.0,12.0,8,9.0,0.0,0.0,True,0.9999999999999998,0.19605652720299982,1.0,0.0,0.8525710209211954,0.5906196223718398,Lithuania_2021
2021,Norway,Malta,12.0,3.0,15.0,8,3.0,0.0,0.0,True,0.9999845943662004,0.21079116468103667,1.0,0.0,0.8525518404723476,0.7378308935957141,Malta_2021
2021,Norway,Moldova,0.0,0.0,0.0,8,2.0,0.0,0.0,True,0.9999776762889111,0.22303414694672924,1.0,0.0,0.852543227270885,0.8601484589644195,Moldova_2021
2021,Norway,Netherlands,0.0,0.0,0.0,8,7.0,0.0,0.0,False,0.999988368638064,0.13911602662554354,1.0,0.0,0.8525565395473328,0.021736710483064962,Netherlands_2021
2021,Norway,Portugal,0.0,0.0,0.0,8,1.0,0.0,0.0,False,0.9999776762889111,0.2422588979701083,1.0,0.0,0.852543227270885,1.0522196952831002,Portugal_2021
2021,Norway,Russia,0.0,0.0,0.0,8,4.0,0.0,0.0,True,-0.7513058455286867,0.04071981594118639,0.0,0.0,-1.3278541809376723,-0.9613231903830033,Russia_2021
2021,Norway,San Marino,0.0,0.0,0.0,8,3.0,0.0,0.0,False,0.9999845000630955,0.28788087536008533,1.0,0.0,0.8525517230623206,1.508021156115523,San Marino_2021
2021,Norway,Serbia,0.0,0.0,0.0,8,6.0,0.0,0.0,True,-0.8268654440820775,0.02415562158147699,0.0,0.0,-1.4219280135288133,-1.1268132550097598,Serbia_2021
2021,Norway,Spain,0.0,0.0,0.0,8,5.0,0.0,0.0,True,-0.7299603869485858,0.02170987581080824,0.0,0.0,-1.3012784826082715,-1.151248287397033,Spain_2021
2021,Norway,Sweden,10.0,8.0,18.0,8,8.0,1.0,1.0,True,0.999984547435883,0.26572814968654207,1.0,0.0,0.8525517820427782,1.2866970202257169,Sweden_2021
2021,Norway,Switzerland,7.0,2.0,9.0,8,7.0,0.0,0.0,True,-0.3178923788093772,0.0,0.0,0.0,-0.7882421833687859,-1.3681479851999356,Switzerland_2021
2021,Norway,Ukraine,3.0,5.0,8.0,8,9.0,0.0,0.0,True,-0.7200425551257091,0.0,0.0,0.0,-1.288930502094411,-1.3681479851999356,Ukraine_2021
2021,Portugal,Albania,0.0,0.0,0.0,1,3.0,0.0,0.0,False,-0.6033019013672826,0.0,0.0,0.0,-1.1435850935889589,-1.3681479851999356,Albania_2021
2021,Portugal,Azerbaijan,0.0,0.0,0.0,1,2.0,0.0,0.0,False,0.9999999999999999,0.03901906629265371,1.0,0.0,0.8525710209211954,-0.9783150925025668,Azerbaijan_2021
2021,Portugal,Belgium,5.0,0.0,5.0,1,7.0,0.0,0.0,False,0.9999835136500889,0.13893521043661636,1.0,0.0,0.8525504949502895,0.019930206517867116,Belgium_2021
2021,Portugal,Bulgaria,12.0,0.0,12.0,1,3.0,0.0,0.0,False,0.9999776762889111,0.24365095878183016,1.0,0.0,0.852543227270885,1.0661275394373912,Bulgaria_2021
2021,Portugal,Cyprus,0.0,0.0,0.0,1,3.0,0.0,0.0,False,0.9999999999999999,0.19181908753441296,1.0,0.0,0.8525710209211954,0.5482840792492509,Cyprus_2021
2021,Portugal,Finland,0.0,5.0,5.0,1,8.0,0.0,0.0,False,0.999995966175078,0.23639597047964758,1.0,0.0,0.8525659986953278,0.9936441782233406,Finland_2021
2021,Portugal,France,6.0,12.0,18.0,1,7.0,0.0,0.0,False,-0.6232125527689302,0.014799199735936361,0.0,0.0,-1.1683744164890222,-1.2202916833757065,France_2021
2021,Portugal,Greece,0.0,2.0,2.0,1,3.0,0.0,0.0,False,0.9999999999999999,0.11974926197521456,1.0,0.0,0.8525710209211954,-0.17175335996611768,Greece_2021
2021,Portugal,Iceland,8.0,3.0,11.0,1,8.0,0.0,0.0,False,0.9999835136500889,0.21195793874221472,1.0,0.0,0.8525504949502895,0.7494879359242469,Iceland_2021
2021,Portugal,Israel,0.0,0.0,0.0,1,2.0,0.0,0.0,False,0.9999864844704448,0.15909224205544448,1.0,0.0,0.8525541937054731,0.221315700604883,Israel_2021
2021,Portugal,Italy,3.0,7.0,10.0,1,1.0,1.0,0.0,False,-0.8189065292817744,0.0,0.0,0.0,-1.4120189399912957,-1.3681479851999356,Italy_2021
2021,Portugal,Lithuania,0.0,0.0,0.0,1,9.0,0.0,0.0,False,0.9999776762889111,0.21384688091853654,1.0,0.0,0.852543227270885,0.768360037763143,Lithuania_2021
2021,Portugal,Malta,4.0,0.0,4.0,1,3.0,0.0,0.0,False,0.9999864844704448,0.16374588293996256,1.0,0.0,0.8525541937054731,0.26780943969079196,Malta_2021
2021,Portugal,Moldova,0.0,8.0,8.0,1,2.0,0.0,0.0,False,0.9999999999999999,0.20677504181504036,1.0,0.0,0.8525710209211954,0.6977064892202521,Moldova_2021
2021,Portugal,Netherlands,1.0,0.0,1.0,1,7.0,0.0,0.0,False,0.9999824642736206,0.09769924856854809,1.0,0.0,0.8525491884469718,-0.3920513149675404,Netherlands_2021
2021,Portugal,Norway,0.0,0.0,0.0,1,8.0,0.0,0.0,False,0.9999776762889111,0.2422588979701083,1.0,0.0,0.852543227270885,1.0522196952831002,Norway_2021
2021,Portugal,Russia,10.0,1.0,11.0,1,4.0,0.0,0.0,False,-0.7505912221930511,0.012738697305595055,0.0,0.0,-1.3269644547171868,-1.240877814699437,Russia_2021
2021,Portugal,San Marino,0.0,0.0,0.0,1,3.0,0.0,0.0,False,0.9999864686383675,0.19044270851666406,1.0,0.0,0.8525541739940902,0.5345329092465481,San Marino_2021
2021,Portugal,Serbia,0.0,0.0,0.0,1,6.0,0.0,0.0,False,-0.8273988836675051,0.016771354564582057,0.0,0.0,-1.422592160867044,-1.2005882179997864,Serbia_2021
2021,Portugal,Spain,0.0,0.0,0.0,1,5.0,0.0,0.0,False,-0.7300838843393364,0.0,0.0,0.0,-1.3014322403450163,-1.3681479851999356,Spain_2021
2021,Portugal,Sweden,0.0,4.0,4.0,1,8.0,0.0,0.0,False,0.9999864978207685,0.1047236846873675,1.0,0.0,0.852554210327003,-0.3218713616280928,Sweden_2021
2021,Portugal,Switzerland,7.0,6.0,13.0,1,7.0,0.0,0.0,False,-0.31756359867156553,0.0,0.0,0.0,-0.7878328428185986,-1.3681479851999356,Switzerland_2021
2021,Portugal,Ukraine,2.0,10.0,12.0,1,9.0,0.0,0.0,False,-0.7204134951344676,0.0,0.0,0.0,-1.2893923328737347,-1.3681479851999356,Ukraine_2021
2021,Russia,Albania,0.0,0.0,0.0,4,3.0,0.0,0.0,True,0.5062555534684944,0.0,0.0,0.0,0.2378452508657911,-1.3681479851999356,Albania_2021
2021,Russia,Azerbaijan,8.0,4.0,12.0,4,2.0,0.0,1.0,True,-0.7505912221930511,0.0351870657513211,0.0,0.0,-1.3269644547171868,-1.0165999618697978,Azerbaijan_2021
2021,Russia,Belgium,3.0,0.0,3.0,4,7.0,0.0,0.0,True,-0.7515825300518756,0.05701776235455607,0.0,0.0,-1.328198660977447,-0.79849316396213,Belgium_2021
2021,Russia,Bulgaria,6.0,0.0,6.0,4,3.0,0.0,0.0,False,-0.7513058455286867,0.06414396294844958,0.0,0.0,-1.3278541809376723,-0.7272964989619158,Bulgaria_2021
2021,Russia,Cyprus,2.0,12.0,14.0,4,3.0,0.0,0.0,True,-0.7505912221930511,0.0253139815535848,0.0,0.0,-1.3269644547171868,-1.1152402764221956,Cyprus_2021
2021,Russia,Finland,0.0,8.0,8.0,4,8.0,0.0,0.0,True,-0.7506345091047286,0.04243172139155289,0.0,0.0,-1.3270183481438393,-0.9442198325339096,Finland_2021
2021,Russia,France,0.0,6.0,6.0,4,7.0,0.0,0.0,True,0.5574812970592674,0.0,0.0,0.0,0.301622747294785,-1.3681479851999356,France_2021
2021,Russia,Greece,7.0,0.0,7.0,4,3.0,0.0,0.0,True,-0.7505912221930511,0.030407550534893156,0.0,0.0,-1.3269644547171868,-1.0643512901188283,Greece_2021
2021,Russia,Iceland,0.0,1.0,1.0,4,8.0,0.0,0.0,True,-0.7515825300518756,0.04136248562581118,0.0,0.0,-1.328198660977447,-0.9549023862477348,Iceland_2021
2021,Russia,Israel,5.0,0.0,5.0,4,2.0,0.0,0.0,True,-0.750899434527629,0.0484627028988195,0.0,0.0,-1.3273481877718976,-0.8839653162123664,Israel_2021
2021,Russia,Italy,10.0,10.0,20.0,4,1.0,0.0,0.0,True,0.684731607132979,0.0,0.0,0.0,0.46005297450921884,-1.3681479851999356,Italy_2021
2021,Russia,Lithuania,0.0,2.0,2.0,4,9.0,0.0,0.0,True,-0.7513058455286867,0.032900966958237784,0.0,0.0,-1.3278541809376723,-1.039439988302399,Lithuania_2021
2021,Russia,Malta,4.0,0.0,4.0,4,3.0,0.0,0.0,True,-0.750899434527629,0.027627676512589947,0.0,0.0,-1.3273481877718976,-1.0921245413627405,Malta_2021
2021,Russia,Moldova,12.0,3.0,15.0,4,2.0,0.0,1.0,True,-0.7505912221930511,0.031525087261482586,0.0,0.0,-1.3269644547171868,-1.0531861696734957,Moldova_2021
2021,Russia,Netherlands,0.0,0.0,0.0,4,7.0,0.0,0.0,False,-0.7515874875765817,0.04867075229706062,0.0,0.0,-1.328204833235614,-0.8818867298584037,Netherlands_2021
2021,Russia,Norway,0.0,0.0,0.0,4,8.0,0.0,0.0,True,-0.7513058455286867,0.04071981594118639,0.0,0.0,-1.3278541809376723,-0.9613231903830033,Norway_2021
2021,Russia,Portugal,0.0,0.0,0.0,4,1.0,0.0,0.0,False,-0.7505912221930511,0.012738697305595055,0.0,0.0,-1.3269644547171868,-1.240877814699437,Portugal_2021
2021,Russia,San Marino,0.0,0.0,0.0,4,3.0,0.0,0.0,False,-0.7509192838417148,0.08889162910461046,0.0,0.0,-1.3273729007281085,-0.4800467515485253,San Marino_2021
2021,Russia,Serbia,0.0,0.0,0.0,4,6.0,0.0,0.0,True,0.5340927293434389,0.015076241547134354,0.0,0.0,0.2725033204321514,-1.2175238054914077,Serbia_2021
2021,Russia,Spain,0.0,0.0,0.0,4,5.0,0.0,0.0,True,0.38299945532817664,0.0,0.0,0.0,0.08438793023039526,-1.3681479851999356,Spain_2021
2021,Russia,Sweden,0.0,0.0,0.0,4,8.0,0.0,0.0,True,-0.7509068449343401,0.04618217703817387,0.0,0.0,-1.3273574139373843,-0.9067496644194383,Sweden_2021
2021,Russia,Switzerland,1.0,5.0,6.0,4,7.0,0.0,0.0,True,0.06140672321537658,0.0,0.0,0.0,-0.3160040970238248,-1.3681479851999356,Switzerland_2021
2021,Russia,Ukraine,0.0,7.0,7.0,4,9.0,0.0,1.0,True,0.4244820759525822,0.6070710882523974,0.0,0.0,0.13603496360239842,4.6969965938985165,Ukraine_2021
2021,San Marino,Albania,2.0,0.0,2.0,3,3.0,1.0,0.0,False,-0.6035390859346123,0.02027162746115078,0.0,0.0,-1.1438803950689476,-1.1656175834319242,Albania_2021
2021,San Marino,Azerbaijan,0.0,0.0,0.0,3,2.0,0.0,0.0,False,0.9999864686383675,0.2038979651926951,1.0,0.0,0.8525541739940902,0.6689621032375462,Azerbaijan_2021
2021,San Marino,Belgium,0.0,0.0,0.0,3,7.0,0.0,0.0,False,0.9999780456689824,0.24359696806326045,1.0,0.0,0.8525436871594984,1.0655881272986953,Belgium_2021
2021,San Marino,Bulgaria,3.0,2.0,5.0,3,3.0,1.0,0.0,False,0.9999845000630955,0.2502456058122612,1.0,0.0,0.8525517230623206,1.1320135426776856,Bulgaria_2021
2021,San Marino,Cyprus,0.0,8.0,8.0,3,3.0,1.0,0.0,False,0.9999864686383675,0.23823973203535417,1.0,0.0,0.8525541739940902,1.0120648881223016,Cyprus_2021
2021,San Marino,Finland,1.0,4.0,5.0,3,8.0,0.0,0.0,False,0.9999824317877769,0.24413465461233658,1.0,0.0,0.8525491480011795,1.0709600626807134,Finland_2021
2021,San Marino,France,12.0,10.0,22.0,3,7.0,0.0,0.0,False,-0.6224155005004298,0.023971448619473583,0.0,0.0,-1.167382063920866,-1.128653295927088,France_2021
2021,San Marino,Greece,8.0,7.0,15.0,3,3.0,1.0,0.0,False,0.9999864686383675,0.19389916805121568,1.0,0.0,0.8525541739940902,0.5690658119239078,Greece_2021
2021,San Marino,Iceland,0.0,0.0,0.0,3,8.0,0.0,0.0,False,0.9999780456689824,0.20234633993584117,1.0,0.0,0.8525436871594984,0.6534600776963675,Iceland_2021
2021,San Marino,Israel,0.0,0.0,0.0,3,2.0,0.0,0.0,False,0.9999999051491896,0.2936499496415273,1.0,0.0,0.8525709028292597,1.5656590016357768,Israel_2021
2021,San Marino,Italy,10.0,12.0,22.0,3,1.0,0.0,0.0,False,-0.8190084263909113,0.009807415822688266,0.0,0.0,-1.4121458047678428,-1.2701637522772649,Italy_2021
2021,San Marino,Lithuania,6.0,0.0,6.0,3,9.0,0.0,0.0,False,0.9999845000630955,0.24514678568224016,1.0,0.0,0.8525517230623206,1.081072093035568,Lithuania_2021
2021,San Marino,Malta,7.0,0.0,7.0,3,3.0,1.0,0.0,False,0.9999999051491896,0.22305719401891377,1.0,0.0,0.8525709028292597,0.860378718365055,Malta_2021
2021,San Marino,Moldova,5.0,6.0,11.0,3,2.0,0.0,0.0,False,0.9999864686383675,0.37400219550484826,1.0,0.0,0.8525541739940902,2.368444701444439,Moldova_2021
2021,San Marino,Netherlands,0.0,0.0,0.0,3,7.0,0.0,0.0,False,0.9999771396436218,0.17907971255425822,1.0,0.0,0.852542559132355,0.4210071382168301,Netherlands_2021
2021,San Marino,Norway,0.0,0.0,0.0,3,8.0,0.0,0.0,False,0.9999845000630955,0.28788087536008533,1.0,0.0,0.8525517230623206,1.508021156115523,Norway_2021
2021,San Marino,Portugal,0.0,0.0,0.0,3,1.0,0.0,0.0,False,0.9999864686383675,0.19044270851666406,1.0,0.0,0.8525541739940902,0.5345329092465481,Portugal_2021
2021,San Marino,Russia,0.0,1.0,1.0,3,4.0,0.0,0.0,False,-0.7509192838417148,0.08889162910461046,0.0,0.0,-1.3273729007281085,-0.4800467515485253,Russia_2021
2021,San Marino,Serbia,0.0,0.0,0.0,3,6.0,0.0,0.0,False,-0.8270129136146577,0.07059412943880312,0.0,0.0,-1.4221116172586616,-0.6628539763639938,Serbia_2021
2021,San Marino,Spain,0.0,0.0,0.0,3,5.0,0.0,0.0,False,-0.7302653042719757,0.04114140241425549,0.0,0.0,-1.3016581132810636,-0.9571111912263359,Spain_2021
2021,San Marino,Sweden,0.0,0.0,0.0,3,8.0,0.0,0.0,False,0.9999999870149187,0.32579159366622407,1.0,0.0,0.8525710047544027,1.8867807315157072,Sweden_2021
2021,San Marino,Switzerland,4.0,3.0,7.0,3,7.0,0.0,0.0,False,-0.31784759419076397,0.017664035806931714,0.0,0.0,-0.7881864252547311,-1.191669590671501,Switzerland_2021
2021,San Marino,Ukraine,0.0,5.0,5.0,3,9.0,0.0,0.0,False,-0.7206105881632334,0.0,0.0,0.0,-1.289637719256775,-1.3681479851999356,Ukraine_2021
2021,Serbia,Albania,0.0,0.0,0.0,6,3.0,0.0,0.0,True,0.3447420983572119,0.42494855842035567,0.0,0.0,0.03675644112814745,2.8774411976394667,Albania_2021
2021,Serbia,Azerbaijan,0.0,4.0,4.0,6,2.0,0.0,0.0,True,-0.8273988836675051,0.14606807039396563,0.0,0.0,-1.422592160867044,0.09119340409218271,Azerbaijan_2021
2021,Serbia,Belgium,0.0,0.0,0.0,6,7.0,0.0,0.0,True,-0.8268333201786559,0.030457859471357374,0.0,0.0,-1.4218880183624742,-1.0638486620425112,Belgium_2021
2021,Serbia,Bulgaria,6.0,0.0,6.0,6,3.0,0.0,0.0,False,-0.8268654440820775,0.019668012641615176,0.0,0.0,-1.4219280135288133,-1.1716481970147732,Bulgaria_2021
2021,Serbia,Cyprus,0.0,2.0,2.0,6,3.0,0.0,0.0,True,-0.8273988836675051,0.08281146896131719,0.0,0.0,-1.422592160867044,-0.5407926033058627,Cyprus_2021
2021,Serbia,Finland,10.0,7.0,17.0,6,8.0,0.0,0.0,True,-0.8274853587771469,0.02384921641121131,0.0,0.0,-1.4226998248189902,-1.1298744972487775,Finland_2021
2021,Serbia,France,12.0,10.0,22.0,6,7.0,0.0,0.0,True,0.26521817627290484,0.1404800946535601,0.0,0.0,-0.06225308613745654,0.03536488346930084,France_2021
2021,Serbia,Greece,3.0,3.0,6.0,6,3.0,0.0,0.0,True,-0.8273988836675051,0.027020410309076166,0.0,0.0,-1.422592160867044,-1.098191635305419,Greece_2021
2021,Serbia,Iceland,7.0,5.0,12.0,6,8.0,0.0,0.0,True,-0.8268333201786559,0.007179197044981986,0.0,0.0,-1.4218880183624742,-1.296421841619287,Iceland_2021
2021,Serbia,Israel,2.0,0.0,2.0,6,2.0,0.0,0.0,True,-0.8270557531675217,0.04208250666981778,0.0,0.0,-1.4221649537109662,-0.9477087777620055,Israel_2021
2021,Serbia,Italy,8.0,12.0,20.0,6,1.0,0.0,0.0,True,0.5877897967373322,0.3462746707254998,0.0,0.0,0.3393576847400682,2.0914236904597026,Italy_2021
2021,Serbia,Lithuania,0.0,0.0,0.0,6,9.0,0.0,0.0,True,-0.8268654440820775,0.026430579525249742,0.0,0.0,-1.4219280135288133,-1.1040845349185575,Lithuania_2021
2021,Serbia,Malta,0.0,0.0,0.0,6,3.0,0.0,0.0,True,-0.8270557531675217,0.11397741957479278,0.0,0.0,-1.4221649537109662,-0.2294188612949738,Malta_2021
2021,Serbia,Moldova,0.0,0.0,0.0,6,2.0,0.0,0.0,True,-0.8273988836675051,0.09108228000391486,0.0,0.0,-1.422592160867044,-0.45816032888118663,Moldova_2021
2021,Serbia,Netherlands,0.0,0.0,0.0,6,7.0,0.0,0.0,False,-0.826949643023843,0.06696216271900317,0.0,0.0,-1.4220328435875171,-0.6991403416486177,Netherlands_2021
2021,Serbia,Norway,0.0,0.0,0.0,6,8.0,0.0,0.0,True,-0.8268654440820775,0.02415562158147699,0.0,0.0,-1.4219280135288133,-1.1268132550097598,Norway_2021
2021,Serbia,Portugal,5.0,0.0,5.0,6,1.0,0.0,0.0,False,-0.8273988836675051,0.016771354564582057,0.0,0.0,-1.422592160867044,-1.2005882179997864,Portugal_2021
2021,Serbia,Russia,0.0,6.0,6.0,6,4.0,0.0,0.0,True,0.5340927293434389,0.015076241547134354,0.0,0.0,0.2725033204321514,-1.2175238054914077,Russia_2021
2021,Serbia,San Marino,0.0,0.0,0.0,6,3.0,0.0,0.0,False,-0.8270129136146577,0.07059412943880312,0.0,0.0,-1.4221116172586616,-0.6628539763639938,San Marino_2021
2021,Serbia,Spain,0.0,0.0,0.0,6,5.0,0.0,0.0,True,0.7448147057920685,0.1432819110811473,0.0,0.0,0.5348581279645841,0.06335735757365857,Spain_2021
2021,Serbia,Sweden,4.0,0.0,4.0,6,8.0,0.0,0.0,True,-0.8270270355462547,0.006380030160131311,0.0,0.0,-1.4221291994620395,-1.3044061828162967,Sweden_2021
2021,Serbia,Switzerland,1.0,1.0,2.0,6,7.0,0.0,0.0,True,-0.0028237198901966526,0.1055753087844433,0.0,0.0,-0.3959728113586278,-0.3133629292949401,Switzerland_2021
2021,Serbia,Ukraine,0.0,8.0,8.0,6,9.0,0.0,0.0,True,0.7679898538879307,0.0,0.0,0.0,0.5637118413773746,-1.3681479851999356,Ukraine_2021
2021,Spain,Albania,0.0,0.0,0.0,5,3.0,0.0,0.0,True,0.195263808197483,0.07824757939303527,0.0,0.0,-0.14934824859648158,-0.5863896521693732,Albania_2021
2021,Spain,Azerbaijan,0.0,0.0,0.0,5,2.0,0.0,0.0,True,-0.7300838843393364,0.047377763775379465,0.0,0.0,-1.3014322403450163,-0.8948047595173131,Azerbaijan_2021
2021,Spain,Belgium,0.0,0.0,0.0,5,7.0,0.0,0.0,True,-0.7296484537852955,0.005169239989143471,0.0,0.0,-1.3008901170168072,-1.3165029826542414,Belgium_2021
2021,Spain,Bulgaria,4.0,8.0,12.0,5,3.0,0.0,0.0,False,-0.7299603869485858,0.002478465811898515,0.0,0.0,-1.3012784826082715,-1.3433860524141212,Bulgaria_2021
2021,Spain,Cyprus,6.0,0.0,6.0,5,3.0,0.0,0.0,True,-0.7300838843393364,0.18828050219073567,0.0,0.0,-1.3014322403450163,0.512930671501461,Cyprus_2021
2021,Spain,Finland,0.0,2.0,2.0,5,8.0,0.0,0.0,True,-0.7300238469047858,0.004638989520094489,0.0,0.0,-1.3013574920446649,-1.3218006254182464,Finland_2021
2021,Spain,France,12.0,12.0,24.0,5,7.0,0.0,0.0,True,0.14990847402434923,0.2473024423131143,0.0,0.0,-0.2058169196297684,1.1026088938850067,France_2021
2021,Spain,Greece,1.0,0.0,1.0,5,3.0,0.0,0.0,True,-0.7300838843393364,0.01165499022680802,0.0,0.0,-1.3014322403450163,-1.2517049488546104,Greece_2021
2021,Spain,Iceland,7.0,5.0,12.0,5,8.0,0.0,0.0,True,-0.7296484537852955,0.0,0.0,0.0,-1.3008901170168072,-1.3681479851999356,Iceland_2021
2021,Spain,Israel,3.0,0.0,3.0,5,2.0,0.0,1.0,True,-0.7303182791063969,0.011390430521024045,0.0,0.0,-1.301724068444938,-1.2543481201346047,Israel_2021
2021,Spain,Italy,0.0,10.0,10.0,5,1.0,0.0,0.0,True,0.496310551481653,0.36026625282057345,0.0,0.0,0.22546344273101646,2.231211221012739,Italy_2021
2021,Spain,Lithuania,2.0,4.0,6.0,5,9.0,0.0,0.0,True,-0.7299603869485858,0.011937366823686358,0.0,0.0,-1.3012784826082715,-1.2488837720287609,Lithuania_2021
2021,Spain,Malta,8.0,3.0,11.0,5,3.0,0.0,0.0,True,-0.7303182791063969,0.018055025708600896,0.0,0.0,-1.301724068444938,-1.1877632766854112,Malta_2021
2021,Spain,Moldova,0.0,0.0,0.0,5,2.0,0.0,0.0,True,-0.7300838843393364,0.01875228996970723,0.0,0.0,-1.3014322403450163,-1.1807970273691697,Moldova_2021
2021,Spain,Netherlands,0.0,0.0,0.0,5,7.0,0.0,0.0,False,-0.7297586942533593,0.04054348273497027,0.0,0.0,-1.3010273695106789,-0.9630849056260657,Netherlands_2021
2021,Spain,Norway,0.0,0.0,0.0,5,8.0,0.0,0.0,True,-0.7299603869485858,0.02170987581080824,0.0,0.0,-1.3012784826082715,-1.151248287397033,Norway_2021
2021,Spain,Portugal,5.0,1.0,6.0,5,1.0,0.0,0.0,False,-0.7300838843393364,0.0,0.0,0.0,-1.3014322403450163,-1.3681479851999356,Portugal_2021
2021,Spain,Russia,0.0,0.0,0.0,5,4.0,0.0,0.0,True,0.38299945532817664,0.0,0.0,0.0,0.08438793023039526,-1.3681479851999356,Russia_2021
2021,Spain,San Marino,0.0,0.0,0.0,5,3.0,0.0,0.0,False,-0.7302653042719757,0.04114140241425549,0.0,0.0,-1.3016581132810636,-0.9571111912263359,San Marino_2021
2021,Spain,Serbia,0.0,0.0,0.0,5,6.0,0.0,0.0,True,0.7448147057920685,0.1432819110811473,0.0,0.0,0.5348581279645841,0.06335735757365857,Serbia_2021
2021,Spain,Sweden,0.0,0.0,0.0,5,8.0,0.0,0.0,True,-0.7302835472302242,0.0,0.0,0.0,-1.3016808262789235,-1.3681479851999356,Sweden_2021
2021,Spain,Switzerland,10.0,7.0,17.0,5,7.0,0.0,0.0,True,0.06788691900495816,0.29718832347429397,0.0,0.0,-0.30793607038606874,1.601010296213828,Switzerland_2021
2021,Spain,Ukraine,0.0,6.0,6.0,5,9.0,0.0,0.0,True,0.6936960350166731,0.0,0.0,0.0,0.4712139402124723,-1.3681479851999356,Ukraine_2021
2021,Sweden,Albania,0.0,0.0,0.0,8,3.0,0.0,0.0,True,-0.6035254118622915,0.0,0.0,0.0,-1.1438633704630077,-1.3681479851999356,Albania_2021
2021,Sweden,Azerbaijan,0.0,0.0,0.0,8,2.0,0.0,0.0,True,0.9999864978207685,0.20761852351578236,1.0,0.0,0.852554210327003,0.7061335722486192,Azerbaijan_2021
2021,Sweden,Belgium,1.0,0.0,1.0,8,7.0,0.0,0.0,True,0.9999780927206349,0.1612926066739922,1.0,0.0,0.8525437457401335,0.24329917139846524,Belgium_2021
2021,Sweden,Bulgaria,0.0,0.0,0.0,8,3.0,0.0,0.0,False,0.999984547435883,0.29426911693586,1.0,0.0,0.8525517820427782,1.5718449973641975,Bulgaria_2021
2021,Sweden,Cyprus,0.0,0.0,0.0,8,3.0,0.0,0.0,True,0.9999864978207685,0.12150364328239405,1.0,0.0,0.852554210327003,-0.1542256330148263,Cyprus_2021
2021,Sweden,Finland,0.0,12.0,12.0,8,8.0,1.0,1.0,True,0.9999824616032406,0.20669673309431386,1.0,0.0,0.8525491851222732,0.6969241200344988,Finland_2021
2021,Sweden,France,6.0,6.0,12.0,8,7.0,0.0,0.0,True,-0.6223973310410891,0.0,0.0,0.0,-1.1673594424312206,-1.3681479851999356,France_2021
2021,Sweden,Greece,0.0,0.0,0.0,8,3.0,0.0,0.0,True,0.9999864978207685,0.25265800882165407,1.0,0.0,0.852554210327003,1.1561154531757472,Greece_2021
2021,Sweden,Iceland,7.0,10.0,17.0,8,8.0,1.0,1.0,True,0.9999780927206349,0.19044281098673277,1.0,0.0,0.8525437457401335,0.5345339330076755,Iceland_2021
2021,Sweden,Israel,4.0,0.0,4.0,8,2.0,0.0,0.0,True,0.9999999526021317,0.26219261913471587,1.0,0.0,0.852570961909512,1.2513741323867063,Israel_2021
2021,Sweden,Italy,10.0,3.0,13.0,8,1.0,0.0,0.0,True,-0.8189952270980134,0.013059818228614368,0.0,0.0,-1.412129371275683,-1.2376695498632835,Italy_2021
2021,Sweden,Lithuania,0.0,7.0,7.0,8,9.0,0.0,0.0,True,0.999984547435883,0.19446464847628117,1.0,0.0,0.8525517820427782,0.574715431220629,Lithuania_2021
2021,Sweden,Malta,12.0,2.0,14.0,8,3.0,0.0,0.0,True,0.9999999526021317,0.18825044152084996,1.0,0.0,0.852570961909512,0.512630340432284,Malta_2021
2021,Sweden,Moldova,0.0,0.0,0.0,8,2.0,0.0,0.0,True,0.9999864978207685,0.21466421774775607,1.0,0.0,0.852554210327003,0.7765259118015675,Moldova_2021
2021,Sweden,Netherlands,0.0,0.0,0.0,8,7.0,0.0,0.0,False,0.9999771530358484,0.15429488292387022,1.0,0.0,0.8525425758060552,0.1733860968172641,Netherlands_2021
2021,Sweden,Norway,2.0,8.0,10.0,8,8.0,1.0,1.0,True,0.999984547435883,0.26572814968654207,1.0,0.0,0.8525517820427782,1.2866970202257169,Norway_2021
2021,Sweden,Portugal,0.0,0.0,0.0,8,1.0,0.0,0.0,False,0.9999864978207685,0.1047236846873675,1.0,0.0,0.852554210327003,-0.3218713616280928,Portugal_2021
2021,Sweden,Russia,3.0,0.0,3.0,8,4.0,0.0,0.0,True,-0.7509068449343401,0.04618217703817387,0.0,0.0,-1.3273574139373843,-0.9067496644194383,Russia_2021
2021,Sweden,San Marino,0.0,0.0,0.0,8,3.0,0.0,0.0,False,0.9999999870149187,0.32579159366622407,1.0,0.0,0.8525710047544027,1.8867807315157072,San Marino_2021
2021,Sweden,Serbia,0.0,1.0,1.0,8,6.0,0.0,0.0,True,-0.8270270355462547,0.006380030160131311,0.0,0.0,-1.4221291994620395,-1.3044061828162967,Serbia_2021
2021,Sweden,Spain,0.0,0.0,0.0,8,5.0,0.0,0.0,True,-0.7302835472302242,0.0,0.0,0.0,-1.3016808262789235,-1.3681479851999356,Spain_2021
2021,Sweden,Switzerland,5.0,5.0,10.0,8,7.0,0.0,0.0,True,-0.31782553624271564,0.0,0.0,0.0,-0.7881589624869064,-1.3681479851999356,Switzerland_2021
2021,Sweden,Ukraine,8.0,4.0,12.0,8,9.0,0.0,0.0,True,-0.7206280857355394,0.0,0.0,0.0,-1.2896595042281007,-1.3681479851999356,Ukraine_2021
2021,Switzerland,Albania,0.0,7.0,7.0,7,3.0,0.0,0.0,True,0.3728123160913588,0.10744044206320297,0.0,0.0,0.07170465438596531,-0.2947286981251926,Albania_2021
2021,Switzerland,Azerbaijan,2.0,0.0,2.0,7,2.0,0.0,0.0,True,-0.31756359867156553,0.04134034099547619,0.0,0.0,-0.7878328428185986,-0.9551236295044662,Azerbaijan_2021
2021,Switzerland,Belgium,0.0,0.0,0.0,7,7.0,1.0,0.0,True,-0.3174374606562762,0.0,0.0,0.0,-0.787675797429781,-1.3681479851999356,Belgium_2021
2021,Switzerland,Bulgaria,10.0,0.0,10.0,7,3.0,0.0,0.0,False,-0.3178923788093772,0.0,0.0,0.0,-0.7882421833687859,-1.3681479851999356,Bulgaria_2021
2021,Switzerland,Cyprus,0.0,0.0,0.0,7,3.0,0.0,0.0,True,-0.31756359867156553,0.0,0.0,0.0,-0.7878328428185986,-1.3681479851999356,Cyprus_2021
2021,Switzerland,Finland,1.0,4.0,5.0,7,8.0,0.0,0.0,True,-0.31778597774722933,0.0,0.0,0.0,-0.7881097110436327,-1.3681479851999356,Finland_2021
2021,Switzerland,France,12.0,6.0,18.0,7,7.0,1.0,1.0,True,0.4618177240820185,0.7409704558440184,1.0,1.0,0.18251889918509634,6.034762531378614,France_2021
2021,Switzerland,Greece,0.0,0.0,0.0,7,3.0,0.0,0.0,True,-0.31756359867156553,0.0,0.0,0.0,-0.7878328428185986,-1.3681479851999356,Greece_2021
2021,Switzerland,Iceland,5.0,5.0,10.0,7,8.0,0.0,0.0,True,-0.3174374606562762,0.0,0.0,0.0,-0.787675797429781,-1.3681479851999356,Iceland_2021
2021,Switzerland,Israel,0.0,0.0,0.0,7,2.0,0.0,0.0,True,-0.3177724161261597,0.05039674461248367,0.0,0.0,-0.788092826442674,-0.8646426325228024,Israel_2021
2021,Switzerland,Italy,8.0,10.0,18.0,7,1.0,0.0,0.0,True,0.18370476058427887,0.25462502865832104,0.0,0.0,-0.16373958908658792,1.1757676157152017,Italy_2021
2021,Switzerland,Lithuania,4.0,1.0,5.0,7,9.0,0.0,0.0,True,-0.3178923788093772,0.0,0.0,0.0,-0.7882421833687859,-1.3681479851999356,Lithuania_2021
2021,Switzerland,Malta,6.0,0.0,6.0,7,3.0,0.0,0.0,True,-0.3177724161261597,0.06311894706828973,1.0,1.0,-0.788092826442674,-0.7375372592770515,Malta_2021
2021,Switzerland,Moldova,0.0,0.0,0.0,7,2.0,0.0,0.0,True,-0.31756359867156553,0.0,0.0,0.0,-0.7878328428185986,-1.3681479851999356,Moldova_2021
2021,Switzerland,Netherlands,0.0,0.0,0.0,7,7.0,1.0,0.0,False,-0.3174711992687345,0.0,0.0,0.0,-0.7877178029544402,-1.3681479851999356,Netherlands_2021
2021,Switzerland,Norway,0.0,0.0,0.0,7,8.0,0.0,0.0,True,-0.3178923788093772,0.0,0.0,0.0,-0.7882421833687859,-1.3681479851999356,Norway_2021
2021,Switzerland,Portugal,7.0,8.0,15.0,7,1.0,0.0,0.0,False,-0.31756359867156553,0.0,0.0,0.0,-0.7878328428185986,-1.3681479851999356,Portugal_2021
2021,Switzerland,Russia,3.0,0.0,3.0,7,4.0,0.0,0.0,True,0.06140672321537658,0.0,0.0,0.0,-0.3160040970238248,-1.3681479851999356,Russia_2021
2021,Switzerland,San Marino,0.0,0.0,0.0,7,3.0,0.0,0.0,False,-0.31784759419076397,0.017664035806931714,0.0,0.0,-0.7881864252547311,-1.191669590671501,San Marino_2021
2021,Switzerland,Serbia,0.0,12.0,12.0,7,6.0,0.0,0.0,True,-0.0028237198901966526,0.1055753087844433,0.0,0.0,-0.3959728113586278,-0.3133629292949401,Serbia_2021
2021,Switzerland,Spain,0.0,0.0,0.0,7,5.0,0.0,0.0,True,0.06788691900495816,0.29718832347429397,0.0,0.0,-0.30793607038606874,1.601010296213828,Spain_2021
2021,Switzerland,Sweden,0.0,3.0,3.0,7,8.0,0.0,0.0,True,-0.31782553624271564,0.0,0.0,0.0,-0.7881589624869064,-1.3681479851999356,Sweden_2021
2021,Switzerland,Ukraine,0.0,2.0,2.0,7,9.0,0.0,0.0,True,-0.07297169576476378,0.0,0.0,0.0,-0.4833090209914578,-1.3681479851999356,Ukraine_2021
2021,Ukraine,Albania,0.0,0.0,0.0,9,3.0,0.0,0.0,True,0.13354751254288721,0.0,0.0,0.0,-0.22618677840223925,-1.3681479851999356,Albania_2021
2021,Ukraine,Azerbaijan,3.0,3.0,6.0,9,2.0,0.0,1.0,True,-0.7204134951344676,0.0,0.0,0.0,-1.2893923328737347,-1.3681479851999356,Azerbaijan_2021
2021,Ukraine,Belgium,6.0,1.0,7.0,9,7.0,0.0,0.0,True,-0.7195167698093168,0.0,0.0,0.0,-1.288275884537143,-1.3681479851999356,Belgium_2021
2021,Ukraine,Bulgaria,0.0,0.0,0.0,9,3.0,0.0,0.0,False,-0.7200425551257091,0.0,0.0,0.0,-1.288930502094411,-1.3681479851999356,Bulgaria_2021
2021,Ukraine,Cyprus,0.0,0.0,0.0,9,3.0,0.0,0.0,True,-0.7204134951344676,0.0,0.0,0.0,-1.2893923328737347,-1.3681479851999356,Cyprus_2021
2021,Ukraine,Finland,0.0,8.0,8.0,9,8.0,0.0,0.0,True,-0.7205311597738622,0.0,0.0,0.0,-1.2895388286704332,-1.3681479851999356,Finland_2021
2021,Ukraine,France,10.0,5.0,15.0,9,7.0,0.0,0.0,True,0.15566718948795696,0.0,0.0,0.0,-0.19864715635898225,-1.3681479851999356,France_2021
2021,Ukraine,Greece,0.0,0.0,0.0,9,3.0,0.0,0.0,True,-0.7204134951344676,0.0,0.0,0.0,-1.2893923328737347,-1.3681479851999356,Greece_2021
2021,Ukraine,Iceland,4.0,6.0,10.0,9,8.0,0.0,0.0,True,-0.7195167698093168,0.0,0.0,0.0,-1.288275884537143,-1.3681479851999356,Iceland_2021
2021,Ukraine,Israel,7.0,0.0,7.0,9,2.0,0.0,0.0,True,-0.7206607635125736,0.0,0.0,0.0,-1.2897001889827187,-1.3681479851999356,Israel_2021
2021,Ukraine,Italy,12.0,12.0,24.0,9,1.0,0.0,0.0,True,0.5277431060128827,0.0,0.0,0.0,0.26459786019081,-1.3681479851999356,Italy_2021
2021,Ukraine,Lithuania,0.0,10.0,10.0,9,9.0,1.0,0.0,True,-0.7200425551257091,0.0,0.0,0.0,-1.288930502094411,-1.3681479851999356,Lithuania_2021
2021,Ukraine,Malta,5.0,0.0,5.0,9,3.0,0.0,0.0,True,-0.7206607635125736,0.0,0.0,0.0,-1.2897001889827187,-1.3681479851999356,Malta_2021
2021,Ukraine,Moldova,0.0,0.0,0.0,9,2.0,0.0,1.0,True,-0.7204134951344676,0.0,0.0,0.0,-1.2893923328737347,-1.3681479851999356,Moldova_2021
2021,Ukraine,Netherlands,0.0,0.0,0.0,9,7.0,0.0,0.0,False,-0.7198491060502069,0.0,0.0,0.0,-1.2886896525360212,-1.3681479851999356,Netherlands_2021
2021,Ukraine,Norway,1.0,0.0,1.0,9,8.0,0.0,0.0,True,-0.7200425551257091,0.0,0.0,0.0,-1.288930502094411,-1.3681479851999356,Norway_2021
2021,Ukraine,Portugal,2.0,0.0,2.0,9,1.0,0.0,0.0,False,-0.7204134951344676,0.0,0.0,0.0,-1.2893923328737347,-1.3681479851999356,Portugal_2021
2021,Ukraine,Russia,0.0,4.0,4.0,9,4.0,0.0,1.0,True,0.4244820759525822,0.6070710882523974,0.0,0.0,0.13603496360239842,4.6969965938985165,Russia_2021
2021,Ukraine,San Marino,0.0,0.0,0.0,9,3.0,0.0,0.0,False,-0.7206105881632334,0.0,0.0,0.0,-1.289637719256775,-1.3681479851999356,San Marino_2021
2021,Ukraine,Serbia,0.0,0.0,0.0,9,6.0,0.0,0.0,True,0.7679898538879307,0.0,0.0,0.0,0.5637118413773746,-1.3681479851999356,Serbia_2021
2021,Ukraine,Spain,0.0,0.0,0.0,9,5.0,0.0,0.0,True,0.6936960350166731,0.0,0.0,0.0,0.4712139402124723,-1.3681479851999356,Spain_2021
2021,Ukraine,Sweden,0.0,2.0,2.0,9,8.0,0.0,0.0,True,-0.7206280857355394,0.0,0.0,0.0,-1.2896595042281007,-1.3681479851999356,Sweden_2021
2021,Ukraine,Switzerland,8.0,7.0,15.0,9,7.0,0.0,0.0,True,-0.07297169576476378,0.0,0.0,0.0,-0.4833090209914578,-1.3681479851999356,Switzerland_2021
2021,United Kingdom,Albania,0.0,0.0,0.0,8,3.0,0.0,0.0,True,-0.6035390859346123,0.031096121071478255,0.0,0.0,-1.1438803950689476,-1.0574718983340567,Albania_2021
2021,United Kingdom,Azerbaijan,0.0,0.0,0.0,8,2.0,0.0,0.0,True,0.9999864686383675,0.18483010189931678,1.0,0.0,0.8525541739940902,0.4784583056975435,Azerbaijan_2021
2021,United Kingdom,Belgium,1.0,0.0,1.0,8,7.0,0.0,0.0,True,0.9999780456689824,0.1980667856769416,1.0,0.0,0.8525436871594984,0.6107037748240903,Belgium_2021
2021,United Kingdom,Bulgaria,5.0,8.0,13.0,8,3.0,0.0,0.0,False,0.9999845000630955,0.26400904096662675,1.0,0.0,0.8525517230623206,1.2695216957287279,Bulgaria_2021
2021,United Kingdom,Cyprus,0.0,0.0,0.0,8,3.0,0.0,0.0,True,0.9999864686383675,0.19832837409669646,1.0,0.0,0.8525541739940902,0.6133172604878507,Cyprus_2021
2021,United Kingdom,Finland,4.0,7.0,11.0,8,8.0,1.0,1.0,True,0.9999824317877769,0.20872171525761235,1.0,0.0,0.8525491480011795,0.7171553743771444,Finland_2021
2021,United Kingdom,France,12.0,5.0,17.0,8,7.0,0.0,0.0,True,-0.6224155005004298,0.007789073354574877,0.0,0.0,-1.167382063920866,-1.2903286705481751,France_2021
2021,United Kingdom,Greece,0.0,0.0,0.0,8,3.0,0.0,0.0,True,0.9999864686383675,0.2129922713754526,1.0,0.0,0.8525541739940902,0.7598217783438007,Greece_2021
2021,United Kingdom,Iceland,10.0,10.0,20.0,8,8.0,1.0,1.0,True,0.9999780456689824,0.15700454959057922,1.0,0.0,0.8525436871594984,0.20045791824441295,Iceland_2021
2021,United Kingdom,Israel,6.0,0.0,6.0,8,2.0,0.0,0.0,True,0.9999999051491896,0.2586359210718529,1.0,0.0,0.8525709028292597,1.215839763524629,Israel_2021
2021,United Kingdom,Italy,0.0,3.0,3.0,8,1.0,0.0,0.0,True,-0.8190084263909113,0.008796138508269932,0.0,0.0,-1.4121458047678428,-1.2802672529054475,Italy_2021
2021,United Kingdom,Lithuania,0.0,12.0,12.0,8,9.0,0.0,0.0,True,0.9999845000630955,0.2066803707538021,1.0,0.0,0.8525517230623206,0.6967606466575308,Lithuania_2021
2021,United Kingdom,Malta,0.0,6.0,6.0,8,3.0,0.0,0.0,True,0.9999999051491896,0.26116641556319564,1.0,0.0,0.8525709028292597,1.2411215060480432,Malta_2021
2021,United Kingdom,Moldova,0.0,0.0,0.0,8,2.0,0.0,0.0,True,0.9999864686383675,0.2136035205965778,1.0,0.0,0.8525541739940902,0.7659286659418547,Moldova_2021
2021,United Kingdom,Netherlands,0.0,0.0,0.0,8,7.0,0.0,0.0,False,0.9999771396436218,0.17233029760572227,1.0,0.0,0.852542559132355,0.3535748748800211,Netherlands_2021
2021,United Kingdom,Norway,0.0,2.0,2.0,8,8.0,1.0,1.0,True,0.9999845000630955,0.21883012891676987,1.0,0.0,0.8525517230623206,0.8181468257813233,Norway_2021
2021,United Kingdom,Portugal,7.0,0.0,7.0,8,1.0,0.0,0.0,False,0.9999864686383675,0.17620044162241397,1.0,0.0,0.8525541739940902,0.39224082925900605,Portugal_2021
2021,United Kingdom,Russia,0.0,0.0,0.0,8,4.0,0.0,0.0,True,-0.7509192838417148,0.0418294379769123,0.0,0.0,-1.3273729007281085,-0.9502371442756106,Russia_2021
2021,United Kingdom,San Marino,3.0,0.0,3.0,8,3.0,0.0,0.0,False,1.0000000000000002,0.36777492936847556,1.0,0.0,0.852571020921196,2.3062291385877853,San Marino_2021
2021,United Kingdom,Serbia,0.0,0.0,0.0,8,6.0,0.0,0.0,True,-0.8270129136146577,0.007447236348243946,0.0,0.0,-1.4221116172586616,-1.2937439062693354,Serbia_2021
2021,United Kingdom,Spain,2.0,0.0,2.0,8,5.0,0.0,0.0,True,-0.7302653042719757,0.00804165232234716,0.0,0.0,-1.3016581132810636,-1.2878051967955568,Spain_2021
2021,United Kingdom,Sweden,0.0,0.0,0.0,8,8.0,1.0,1.0,True,0.9999999870149187,0.34142744113743034,1.0,0.0,0.8525710047544027,2.0429958393749845,Sweden_2021
2021,United Kingdom,Switzerland,8.0,1.0,9.0,8,7.0,0.0,0.0,True,-0.31784759419076397,0.0,0.0,0.0,-0.7881864252547311,-1.3681479851999356,Switzerland_2021
2021,United Kingdom,Ukraine,0.0,4.0,4.0,8,9.0,0.0,0.0,True,-0.7206105881632334,0.0,0.0,0.0,-1.289637719256775,-1.3681479851999356,Ukraine_2021
