Year,From,To,Points given by the jury,Points given by televoters,gap,top_gap,from_bloc,to_bloc,same_bloc
2016,Armenia,Australia,5.0,0.0,5.0,0.0,8,2,False
2016,Armenia,Austria,0.0,4.0,-4.0,0.0,8,1,False
2016,Armenia,Azerbaijan,0.0,0.0,0.0,0.0,8,8,True
2016,Armenia,Belgium,4.0,0.0,4.0,0.0,8,6,False
2016,Armenia,Bulgaria,7.0,0.0,7.0,0.0,8,8,True
2016,Armenia,Croatia,0.0,0.0,0.0,0.0,8,4,False
2016,Armenia,Cyprus,6.0,6.0,0.0,0.0,8,7,False
2016,Armenia,France,12.0,7.0,5.0,1.0,8,1,False
2016,Armenia,Georgia,10.0,8.0,2.0,1.0,8,5,False
2016,Armenia,Germany,0.0,0.0,0.0,0.0,8,1,False
2016,Armenia,Hungary,0.0,3.0,-3.0,0.0,8,3,False
2016,Armenia,Israel,0.0,0.0,0.0,0.0,8,6,False
2016,Armenia,Italy,0.0,0.0,0.0,0.0,8,2,False
2016,Armenia,Latvia,0.0,0.0,0.0,0.0,8,5,False
2016,Armenia,Lithuania,0.0,0.0,0.0,0.0,8,5,False
2016,Armenia,Malta,8.0,5.0,3.0,0.0,8,7,False
2016,Armenia,Netherlands,0.0,0.0,0.0,0.0,8,1,False
2016,Armenia,Poland,0.0,1.0,-1.0,0.0,8,6,False
2016,Armenia,Russia,2.0,12.0,-10.0,-1.0,8,5,False
2016,Armenia,Serbia,0.0,0.0,0.0,0.0,8,4,False
2016,Armenia,Spain,3.0,0.0,3.0,0.0,8,6,False
2016,Armenia,Sweden,0.0,2.0,-2.0,0.0,8,3,False
2016,Armenia,Ukraine,0.0,10.0,-10.0,-1.0,8,5,False
2016,Armenia,United Kingdom,0.0,0.0,0.0,0.0,8,3,False
2016,Australia,Armenia,0.0,0.0,0.0,0.0,2,8,False
2016,Australia,Austria,0.0,3.0,-3.0,0.0,2,1,False
2016,Australia,Azerbaijan,0.0,0.0,0.0,0.0,2,8,False
2016,Australia,Belgium,12.0,12.0,0.0,0.0,2,6,False
2016,Australia,Bulgaria,8.0,10.0,-2.0,-1.0,2,8,False
2016,Australia,Croatia,1.0,0.0,1.0,0.0,2,4,False
2016,Australia,Cyprus,0.0,0.0,0.0,0.0,2,7,False
2016,Australia,France,6.0,7.0,-1.0,0.0,2,1,False
2016,Australia,Georgia,0.0,0.0,0.0,0.0,2,5,False
2016,Australia,Germany,0.0,0.0,0.0,0.0,2,1,False
2016,Australia,Hungary,0.0,0.0,0.0,0.0,2,3,False
2016,Australia,Israel,10.0,0.0,10.0,1.0,2,6,False
2016,Australia,Italy,0.0,0.0,0.0,0.0,2,2,True
2016,Australia,Latvia,0.0,0.0,0.0,0.0,2,5,False
2016,Australia,Lithuania,7.0,1.0,6.0,0.0,2,5,False
2016,Australia,Malta,0.0,6.0,-6.0,0.0,2,7,False
2016,Australia,Netherlands,3.0,0.0,3.0,0.0,2,1,False
2016,Australia,Poland,0.0,0.0,0.0,0.0,2,6,False
2016,Australia,Russia,0.0,5.0,-5.0,0.0,2,5,False
2016,Australia,Serbia,0.0,0.0,0.0,0.0,2,4,False
2016,Australia,Spain,5.0,2.0,3.0,0.0,2,6,False
2016,Australia,Sweden,0.0,0.0,0.0,0.0,2,3,False
2016,Australia,Ukraine,2.0,8.0,-6.0,0.0,2,5,False
2016,Australia,United Kingdom,4.0,4.0,0.0,0.0,2,3,False
2016,Austria,Armenia,2.0,0.0,2.0,0.0,1,8,False
2016,Austria,Australia,12.0,3.0,9.0,1.0,1,2,False
2016,Austria,Azerbaijan,0.0,0.0,0.0,0.0,1,8,False
2016,Austria,Belgium,5.0,0.0,5.0,0.0,1,6,False
2016,Austria,Bulgaria,0.0,5.0,-5.0,0.0,1,8,False
2016,Austria,Croatia,6.0,0.0,6.0,0.0,1,4,False
2016,Austria,Cyprus,0.0,0.0,0.0,0.0,1,7,False
2016,Austria,France,7.0,1.0,6.0,0.0,1,1,True
2016,Austria,Georgia,0.0,0.0,0.0,0.0,1,5,False
2016,Austria,Germany,0.0,2.0,-2.0,0.0,1,1,True
2016,Austria,Hungary,0.0,0.0,0.0,0.0,1,3,False
2016,Austria,Israel,0.0,0.0,0.0,0.0,1,6,False
2016,Austria,Italy,0.0,0.0,0.0,0.0,1,2,False
2016,Austria,Latvia,0.0,0.0,0.0,0.0,1,5,False
2016,Austria,Lithuania,1.0,0.0,1.0,0.0,1,5,False
2016,Austria,Malta,10.0,0.0,10.0,1.0,1,7,False
2016,Austria,Netherlands,0.0,6.0,-6.0,0.0,1,1,True
2016,Austria,Poland,0.0,12.0,-12.0,-1.0,1,6,False
2016,Austria,Russia,3.0,8.0,-5.0,0.0,1,5,False
2016,Austria,Serbia,0.0,4.0,-4.0,0.0,1,4,False
2016,Austria,Spain,0.0,0.0,0.0,0.0,1,6,False
2016,Austria,Sweden,8.0,7.0,1.0,0.0,1,3,False
2016,Austria,Ukraine,0.0,10.0,-10.0,-1.0,1,5,False
2016,Austria,United Kingdom,0.0,0.0,0.0,0.0,1,3,False
2016,Azerbaijan,Armenia,0.0,0.0,0.0,0.0,8,8,True
2016,Azerbaijan,Australia,7.0,2.0,5.0,0.0,8,2,False
2016,Azerbaijan,Austria,0.0,0.0,0.0,0.0,8,1,False
2016,Azerbaijan,Belgium,0.0,0.0,0.0,0.0,8,6,False
2016,Azerbaijan,Bulgaria,8.0,8.0,0.0,0.0,8,8,True
2016,Azerbaijan,Croatia,0.0,0.0,0.0,0.0,8,4,False
2016,Azerbaijan,Cyprus,0.0,0.0,0.0,0.0,8,7,False
2016,Azerbaijan,France,0.0,4.0,-4.0,0.0,8,1,False
2016,Azerbaijan,Georgia,0.0,1.0,-1.0,0.0,8,5,False
2016,Azerbaijan,Germany,0.0,0.0,0.0,0.0,8,1,False
2016,Azerbaijan,Hungary,4.0,7.0,-3.0,0.0,8,3,False
2016,Azerbaijan,Israel,3.0,6.0,-3.0,0.0,8,6,False
2016,Azerbaijan,Italy,0.0,0.0,0.0,0.0,8,2,False
2016,Azerbaijan,Latvia,0.0,0.0,0.0,0.0,8,5,False
2016,Azerbaijan,Lithuania,5.0,0.0,5.0,0.0,8,5,False
2016,Azerbaijan,Malta,6.0,5.0,1.0,0.0,8,7,False
2016,Azerbaijan,Netherlands,0.0,0.0,0.0,0.0,8,1,False
2016,Azerbaijan,Poland,2.0,3.0,-1.0,0.0,8,6,False
2016,Azerbaijan,Russia,12.0,12.0,0.0,0.0,8,5,False
2016,Azerbaijan,Serbia,0.0,0.0,0.0,0.0,8,4,False
2016,Azerbaijan,Spain,1.0,0.0,1.0,0.0,8,6,False
2016,Azerbaijan,Sweden,0.0,0.0,0.0,0.0,8,3,False
2016,Azerbaijan,Ukraine,10.0,10.0,0.0,0.0,8,5,False
2016,Azerbaijan,United Kingdom,0.0,0.0,0.0,0.0,8,3,False
2016,Belgium,Armenia,0.0,7.0,-7.0,0.0,6,8,False
2016,Belgium,Australia,12.0,4.0,8.0,1.0,6,2,False
2016,Belgium,Austria,5.0,3.0,2.0,0.0,6,1,False
2016,Belgium,Azerbaijan,0.0,0.0,0.0,0.0,6,8,False
2016,Belgium,Bulgaria,6.0,5.0,1.0,0.0,6,8,False
2016,Belgium,Croatia,0.0,0.0,0.0,0.0,6,4,False
2016,Belgium,Cyprus,0.0,0.0,0.0,0.0,6,7,False
2016,Belgium,France,8.0,8.0,0.0,0.0,6,1,False
2016,Belgium,Georgia,7.0,0.0,7.0,0.0,6,5,False
2016,Belgium,Germany,0.0,0.0,0.0,0.0,6,1,False
2016,Belgium,Hungary,0.0,0.0,0.0,0.0,6,3,False
2016,Belgium,Israel,2.0,0.0,2.0,0.0,6,6,True
2016,Belgium,Italy,10.0,0.0,10.0,1.0,6,2,False
2016,Belgium,Latvia,0.0,0.0,0.0,0.0,6,5,False
2016,Belgium,Lithuania,0.0,0.0,0.0,0.0,6,5,False
2016,Belgium,Malta,0.0,0.0,0.0,0.0,6,7,False
2016,Belgium,Netherlands,4.0,10.0,-6.0,-1.0,6,1,False
2016,Belgium,Poland,0.0,12.0,-12.0,-1.0,6,6,True
2016,Belgium,Russia,0.0,6.0,-6.0,0.0,6,5,False
2016,Belgium,Serbia,0.0,0.0,0.0,0.0,6,4,False
2016,Belgium,Spain,0.0,0.0,0.0,0.0,6,6,True
2016,Belgium,Sweden,0.0,1.0,-1.0,0.0,6,3,False
2016,Belgium,Ukraine,3.0,2.0,1.0,0.0,6,5,False
2016,Belgium,United Kingdom,0.0,0.0,0.0,0.0,6,3,False
2016,Bulgaria,Armenia,12.0,8.0,4.0,1.0,8,8,True
2016,Bulgaria,Australia,8.0,5.0,3.0,0.0,8,2,False
2016,Bulgaria,Austria,0.0,4.0,-4.0,0.0,8,1,False
2016,Bulgaria,Azerbaijan,0.0,1.0,-1.0,0.0,8,8,True
2016,Bulgaria,Belgium,10.0,0.0,10.0,1.0,8,6,False
2016,Bulgaria,Croatia,0.0,0.0,0.0,0.0,8,4,False
2016,Bulgaria,Cyprus,0.0,7.0,-7.0,0.0,8,7,False
2016,Bulgaria,France,0.0,0.0,0.0,0.0,8,1,False
2016,Bulgaria,Georgia,3.0,0.0,3.0,0.0,8,5,False
2016,Bulgaria,Germany,0.0,0.0,0.0,0.0,8,1,False
2016,Bulgaria,Hungary,0.0,0.0,0.0,0.0,8,3,False
2016,Bulgaria,Israel,0.0,2.0,-2.0,0.0,8,6,False
2016,Bulgaria,Italy,0.0,0.0,0.0,0.0,8,2,False
2016,Bulgaria,Latvia,0.0,0.0,0.0,0.0,8,5,False
2016,Bulgaria,Lithuania,1.0,0.0,1.0,0.0,8,5,False
2016,Bulgaria,Malta,7.0,0.0,7.0,0.0,8,7,False
2016,Bulgaria,Netherlands,2.0,0.0,2.0,0.0,8,1,False
2016,Bulgaria,Poland,0.0,6.0,-6.0,0.0,8,6,False
2016,Bulgaria,Russia,6.0,12.0,-6.0,-1.0,8,5,False
2016,Bulgaria,Serbia,5.0,0.0,5.0,0.0,8,4,False
2016,Bulgaria,Spain,4.0,0.0,4.0,0.0,8,6,False
2016,Bulgaria,Sweden,0.0,3.0,-3.0,0.0,8,3,False
2016,Bulgaria,Ukraine,0.0,10.0,-10.0,-1.0,8,5,False
2016,Bulgaria,United Kingdom,0.0,0.0,0.0,0.0,8,3,False
2016,Croatia,Armenia,4.0,0.0,4.0,0.0,4,8,False
2016,Croatia,Australia,12.0,5.0,7.0,1.0,4,2,False
2016,Croatia,Austria,0.0,6.0,-6.0,0.0,4,1,False
2016,Croatia,Azerbaijan,0.0,0.0,0.0,0.0,4,8,False
2016,Croatia,Belgium,0.0,0.0,0.0,0.0,4,6,False
2016,Croatia,Bulgaria,0.0,1.0,-1.0,0.0,4,8,False
2016,Croatia,Cyprus,1.0,0.0,1.0,0.0,4,7,False
2016,Croatia,France,8.0,2.0,6.0,0.0,4,1,False
2016,Croatia,Georgia,0.0,0.0,0.0,0.0,4,5,False
2016,Croatia,Germany,0.0,0.0,0.0,0.0,4,1,False
2016,Croatia,Hungary,5.0,3.0,2.0,0.0,4,3,False
2016,Croatia,Israel,7.0,0.0,7.0,0.0,4,6,False
2016,Croatia,Italy,3.0,0.0,3.0,0.0,4,2,False
2016,Croatia,Latvia,0.0,0.0,0.0,0.0,4,5,False
2016,Croatia,Lithuania,0.0,0.0,0.0,0.0,4,5,False
2016,Croatia,Malta,0.0,0.0,0.0,0.0,4,7,False
2016,Croatia,Netherlands,0.0,0.0,0.0,0.0,4,1,False
2016,Croatia,Poland,0.0,4.0,-4.0,0.0,4,6,False
2016,Croatia,Russia,6.0,8.0,-2.0,0.0,4,5,False
2016,Croatia,Serbia,2.0,12.0,-10.0,-1.0,4,4,True
2016,Croatia,Spain,0.0,0.0,0.0,0.0,4,6,False
2016,Croatia,Sweden,0.0,7.0,-7.0,0.0,4,3,False
2016,Croatia,Ukraine,0.0,10.0,-10.0,-1.0,4,5,False
2016,Croatia,United Kingdom,0.0,0.0,0.0,0.0,4,3,False
2016,Cyprus,Armenia,8.0,8.0,0.0,0.0,7,8,False
2016,Cyprus,Australia,10.0,5.0,5.0,1.0,7,2,False
2016,Cyprus,Austria,0.0,0.0,0.0,0.0,7,1,False
2016,Cyprus,Azerbaijan,2.0,0.0,2.0,0.0,7,8,False
2016,Cyprus,Belgium,0.0,0.0,0.0,0.0,7,6,False
2016,Cyprus,Bulgaria,0.0,12.0,-12.0,-1.0,7,8,False
2016,Cyprus,Croatia,1.0,0.0,1.0,0.0,7,4,False
2016,Cyprus,France,7.0,6.0,1.0,0.0,7,1,False
2016,Cyprus,Georgia,0.0,0.0,0.0,0.0,7,5,False
2016,Cyprus,Germany,0.0,0.0,0.0,0.0,7,1,False
2016,Cyprus,Hungary,4.0,4.0,0.0,0.0,7,3,False
2016,Cyprus,Israel,5.0,0.0,5.0,0.0,7,6,False
2016,Cyprus,Italy,3.0,0.0,3.0,0.0,7,2,False
2016,Cyprus,Latvia,0.0,0.0,0.0,0.0,7,5,False
2016,Cyprus,Lithuania,0.0,3.0,-3.0,0.0,7,5,False
2016,Cyprus,Malta,6.0,0.0,6.0,0.0,7,7,True
2016,Cyprus,Netherlands,0.0,0.0,0.0,0.0,7,1,False
2016,Cyprus,Poland,0.0,2.0,-2.0,0.0,7,6,False
2016,Cyprus,Russia,12.0,10.0,2.0,0.0,7,5,False
2016,Cyprus,Serbia,0.0,0.0,0.0,0.0,7,4,False
2016,Cyprus,Spain,0.0,0.0,0.0,0.0,7,6,False
2016,Cyprus,Sweden,0.0,1.0,-1.0,0.0,7,3,False
2016,Cyprus,Ukraine,0.0,7.0,-7.0,0.0,7,5,False
2016,Cyprus,United Kingdom,0.0,0.0,0.0,0.0,7,3,False
2016,France,Armenia,2.0,12.0,-10.0,-1.0,1,8,False
2016,France,Australia,6.0,0.0,6.0,0.0,1,2,False
2016,France,Austria,8.0,8.0,0.0,0.0,1,1,True
2016,France,Azerbaijan,0.0,0.0,0.0,0.0,1,8,False
2016,France,Belgium,0.0,4.0,-4.0,0.0,1,6,False
2016,France,Bulgaria,10.0,5.0,5.0,1.0,1,8,False
2016,France,Croatia,0.0,0.0,0.0,0.0,1,4,False
2016,France,Cyprus,0.0,0.0,0.0,0.0,1,7,False
2016,France,Georgia,0.0,0.0,0.0,0.0,1,5,False
2016,France,Germany,0.0,0.0,0.0,0.0,1,1,True
2016,France,Hungary,0.0,0.0,0.0,0.0,1,3,False
2016,France,Israel,0.0,3.0,-3.0,0.0,1,6,False
2016,France,Italy,12.0,0.0,12.0,1.0,1,2,False
2016,France,Latvia,0.0,0.0,0.0,0.0,1,5,False
2016,France,Lithuania,0.0,0.0,0.0,0.0,1,5,False
2016,France,Malta,4.0,0.0,4.0,0.0,1,7,False
2016,France,Netherlands,7.0,0.0,7.0,0.0,1,1,True
2016,France,Poland,0.0,7.0,-7.0,0.0,1,6,False
2016,France,Russia,1.0,6.0,-5.0,0.0,1,5,False
2016,France,Serbia,0.0,0.0,0.0,0.0,1,4,False
2016,France,Spain,3.0,1.0,2.0,0.0,1,6,False
2016,France,Sweden,5.0,2.0,3.0,0.0,1,3,False
2016,France,Ukraine,0.0,10.0,-10.0,-1.0,1,5,False
2016,France,United Kingdom,0.0,0.0,0.0,0.0,1,3,False
2016,Georgia,Armenia,0.0,12.0,-12.0,-1.0,5,8,False
2016,Georgia,Australia,8.0,1.0,7.0,0.0,5,2,False
2016,Georgia,Austria,0.0,0.0,0.0,0.0,5,1,False
2016,Georgia,Azerbaijan,0.0,7.0,-7.0,0.0,5,8,False
2016,Georgia,Belgium,10.0,0.0,10.0,1.0,5,6,False
2016,Georgia,Bulgaria,0.0,3.0,-3.0,0.0,5,8,False
2016,Georgia,Croatia,2.0,0.0,2.0,0.0,5,4,False
2016,Georgia,Cyprus,0.0,0.0,0.0,0.0,5,7,False
2016,Georgia,France,4.0,0.0,4.0,0.0,5,1,False
2016,Georgia,Germany,1.0,0.0,1.0,0.0,5,1,False
2016,Georgia,Hungary,0.0,2.0,-2.0,0.0,5,3,False
2016,Georgia,Israel,3.0,0.0,3.0,0.0,5,6,False
2016,Georgia,Italy,0.0,0.0,0.0,0.0,5,2,False
2016,Georgia,Latvia,7.0,6.0,1.0,0.0,5,5,True
2016,Georgia,Lithuania,5.0,5.0,0.0,0.0,5,5,True
2016,Georgia,Malta,0.0,0.0,0.0,0.0,5,7,False
2016,Georgia,Netherlands,0.0,0.0,0.0,0.0,5,1,False
2016,Georgia,Poland,0.0,4.0,-4.0,0.0,5,6,False
2016,Georgia,Russia,0.0,8.0,-8.0,0.0,5,5,True
2016,Georgia,Serbia,0.0,0.0,0.0,0.0,5,4,False
2016,Georgia,Spain,0.0,0.0,0.0,0.0,5,6,False
2016,Georgia,Sweden,6.0,0.0,6.0,0.0,5,3,False
2016,Georgia,Ukraine,12.0,10.0,2.0,0.0,5,5,True
2016,Georgia,United Kingdom,0.0,0.0,0.0,0.0,5,3,False
2016,Germany,Armenia,0.0,2.0,-2.0,0.0,1,8,False
2016,Germany,Australia,6.0,5.0,1.0,0.0,1,2,False
2016,Germany,Austria,0.0,7.0,-7.0,0.0,1,1,True
2016,Germany,Azerbaijan,0.0,0.0,0.0,0.0,1,8,False
2016,Germany,Belgium,5.0,0.0,5.0,0.0,1,6,False
2016,Germany,Bulgaria,0.0,4.0,-4.0,0.0,1,8,False
2016,Germany,Croatia,0.0,0.0,0.0,0.0,1,4,False
2016,Germany,Cyprus,0.0,0.0,0.0,0.0,1,7,False
2016,Germany,France,0.0,0.0,0.0,0.0,1,1,True
2016,Germany,Georgia,8.0,0.0,8.0,0.0,1,5,False
2016,Germany,Hungary,0.0,0.0,0.0,0.0,1,3,False
2016,Germany,Israel,12.0,0.0,12.0,1.0,1,6,False
2016,Germany,Italy,3.0,1.0,2.0,0.0,1,2,False
2016,Germany,Latvia,2.0,0.0,2.0,0.0,1,5,False
2016,Germany,Lithuania,1.0,0.0,1.0,0.0,1,5,False
2016,Germany,Malta,0.0,0.0,0.0,0.0,1,7,False
2016,Germany,Netherlands,4.0,3.0,1.0,0.0,1,1,True
2016,Germany,Poland,0.0,10.0,-10.0,-1.0,1,6,False
2016,Germany,Russia,0.0,12.0,-12.0,-1.0,1,5,False
2016,Germany,Serbia,0.0,0.0,0.0,0.0,1,4,False
2016,Germany,Spain,0.0,0.0,0.0,0.0,1,6,False
2016,Germany,Sweden,10.0,8.0,2.0,1.0,1,3,False
2016,Germany,Ukraine,7.0,6.0,1.0,0.0,1,5,False
2016,Germany,United Kingdom,0.0,0.0,0.0,0.0,1,3,False
2016,Hungary,Armenia,1.0,0.0,1.0,0.0,3,8,False
2016,Hungary,Australia,12.0,3.0,9.0,1.0,3,2,False
2016,Hungary,Austria,0.0,6.0,-6.0,0.0,3,1,False
2016,Hungary,Azerbaijan,7.0,0.0,7.0,0.0,3,8,False
2016,Hungary,Belgium,0.0,0.0,0.0,0.0,3,6,False
2016,Hungary,Bulgaria,0.0,4.0,-4.0,0.0,3,8,False
2016,Hungary,Croatia,0.0,0.0,0.0,0.0,3,4,False
2016,Hungary,Cyprus,0.0,5.0,-5.0,0.0,3,7,False
2016,Hungary,France,0.0,1.0,-1.0,0.0,3,1,False
2016,Hungary,Georgia,0.0,0.0,0.0,0.0,3,5,False
2016,Hungary,Germany,0.0,0.0,0.0,0.0,3,1,False
2016,Hungary,Israel,0.0,0.0,0.0,0.0,3,6,False
2016,Hungary,Italy,0.0,0.0,0.0,0.0,3,2,False
2016,Hungary,Latvia,8.0,0.0,8.0,0.0,3,5,False
2016,Hungary,Lithuania,3.0,0.0,3.0,0.0,3,5,False
2016,Hungary,Malta,10.0,0.0,10.0,1.0,3,7,False
2016,Hungary,Netherlands,6.0,2.0,4.0,0.0,3,1,False
2016,Hungary,Poland,0.0,8.0,-8.0,0.0,3,6,False
2016,Hungary,Russia,0.0,10.0,-10.0,-1.0,3,5,False
2016,Hungary,Serbia,0.0,0.0,0.0,0.0,3,4,False
2016,Hungary,Spain,5.0,0.0,5.0,0.0,3,6,False
2016,Hungary,Sweden,4.0,7.0,-3.0,0.0,3,3,True
2016,Hungary,Ukraine,0.0,12.0,-12.0,-1.0,3,5,False
2016,Hungary,United Kingdom,0.0,0.0,0.0,0.0,3,3,True
2016,Israel,Armenia,2.0,6.0,-4.0,0.0,6,8,False
2016,Israel,Australia,10.0,5.0,5.0,1.0,6,2,False
2016,Israel,Austria,0.0,3.0,-3.0,0.0,6,1,False
2016,Israel,Azerbaijan,0.0,2.0,-2.0,0.0,6,8,False
2016,Israel,Belgium,6.0,1.0,5.0,0.0,6,6,True
2016,Israel,Bulgaria,7.0,7.0,0.0,0.0,6,8,False
2016,Israel,Croatia,3.0,0.0,3.0,0.0,6,4,False
2016,Israel,Cyprus,0.0,0.0,0.0,0.0,6,7,False
2016,Israel,France,8.0,12.0,-4.0,-1.0,6,1,False
2016,Israel,Georgia,0.0,0.0,0.0,0.0,6,5,False
2016,Israel,Germany,0.0,0.0,0.0,0.0,6,1,False
2016,Israel,Hungary,0.0,0.0,0.0,0.0,6,3,False
2016,Israel,Italy,0.0,0.0,0.0,0.0,6,2,False
2016,Israel,Latvia,5.0,0.0,5.0,0.0,6,5,False
2016,Israel,Lithuania,1.0,0.0,1.0,0.0,6,5,False
2016,Israel,Malta,0.0,0.0,0.0,0.0,6,7,False
2016,Israel,Netherlands,0.0,0.0,0.0,0.0,6,1,False
2016,Israel,Poland,0.0,4.0,-4.0,0.0,6,6,True
2016,Israel,Russia,0.0,10.0,-10.0,-1.0,6,5,False
2016,Israel,Serbia,0.0,0.0,0.0,0.0,6,4,False
2016,Israel,Spain,4.0,0.0,4.0,0.0,6,6,True
2016,Israel,Sweden,0.0,0.0,0.0,0.0,6,3,False
2016,Israel,Ukraine,12.0,8.0,4.0,1.0,6,5,False
2016,Israel,United Kingdom,0.0,0.0,0.0,0.0,6,3,False
2016,Italy,Armenia,0.0,1.0,-1.0,0.0,2,8,False
2016,Italy,Australia,6.0,0.0,6.0,0.0,2,2,True
2016,Italy,Austria,0.0,0.0,0.0,0.0,2,1,False
2016,Italy,Azerbaijan,0.0,0.0,0.0,0.0,2,8,False
2016,Italy,Belgium,0.0,0.0,0.0,0.0,2,6,False
2016,Italy,Bulgaria,0.0,7.0,-7.0,0.0,2,8,False
2016,Italy,Croatia,0.0,0.0,0.0,0.0,2,4,False
2016,Italy,Cyprus,1.0,6.0,-5.0,0.0,2,7,False
2016,Italy,France,7.0,5.0,2.0,0.0,2,1,False
2016,Italy,Georgia,3.0,3.0,0.0,0.0,2,5,False
2016,Italy,Germany,0.0,0.0,0.0,0.0,2,1,False
2016,Italy,Hungary,0.0,0.0,0.0,0.0,2,3,False
2016,Italy,Israel,8.0,0.0,8.0,0.0,2,6,False
2016,Italy,Latvia,0.0,0.0,0.0,0.0,2,5,False
2016,Italy,Lithuania,0.0,2.0,-2.0,0.0,2,5,False
2016,Italy,Malta,5.0,0.0,5.0,0.0,2,7,False
2016,Italy,Netherlands,4.0,0.0,4.0,0.0,2,1,False
2016,Italy,Poland,0.0,10.0,-10.0,-1.0,2,6,False
2016,Italy,Russia,0.0,8.0,-8.0,0.0,2,5,False
2016,Italy,Serbia,0.0,4.0,-4.0,0.0,2,4,False
2016,Italy,Spain,12.0,0.0,12.0,1.0,2,6,False
2016,Italy,Sweden,2.0,0.0,2.0,0.0,2,3,False
2016,Italy,Ukraine,10.0,12.0,-2.0,0.0,2,5,False
2016,Italy,United Kingdom,0.0,0.0,0.0,0.0,2,3,False
2016,Latvia,Armenia,6.0,0.0,6.0,0.0,5,8,False
2016,Latvia,Australia,5.0,6.0,-1.0,0.0,5,2,False
2016,Latvia,Austria,0.0,4.0,-4.0,0.0,5,1,False
2016,Latvia,Azerbaijan,0.0,3.0,-3.0,0.0,5,8,False
2016,Latvia,Belgium,0.0,0.0,0.0,0.0,5,6,False
2016,Latvia,Bulgaria,1.0,1.0,0.0,0.0,5,8,False
2016,Latvia,Croatia,0.0,0.0,0.0,0.0,5,4,False
2016,Latvia,Cyprus,0.0,0.0,0.0,0.0,5,7,False
2016,Latvia,France,0.0,0.0,0.0,0.0,5,1,False
2016,Latvia,Georgia,0.0,2.0,-2.0,0.0,5,5,True
2016,Latvia,Germany,0.0,0.0,0.0,0.0,5,1,False
2016,Latvia,Hungary,0.0,0.0,0.0,0.0,5,3,False
2016,Latvia,Israel,2.0,0.0,2.0,0.0,5,6,False
2016,Latvia,Italy,0.0,0.0,0.0,0.0,5,2,False
2016,Latvia,Lithuania,10.0,8.0,2.0,1.0,5,5,True
2016,Latvia,Malta,4.0,0.0,4.0,0.0,5,7,False
2016,Latvia,Netherlands,3.0,0.0,3.0,0.0,5,1,False
2016,Latvia,Poland,0.0,5.0,-5.0,0.0,5,6,False
2016,Latvia,Russia,7.0,12.0,-5.0,-1.0,5,5,True
2016,Latvia,Serbia,0.0,0.0,0.0,0.0,5,4,False
2016,Latvia,Spain,0.0,0.0,0.0,0.0,5,6,False
2016,Latvia,Sweden,8.0,7.0,1.0,0.0,5,3,False
2016,Latvia,Ukraine,12.0,10.0,2.0,0.0,5,5,True
2016,Latvia,United Kingdom,0.0,0.0,0.0,0.0,5,3,False
2016,Lithuania,Armenia,4.0,0.0,4.0,0.0,5,8,False
2016,Lithuania,Australia,12.0,5.0,7.0,1.0,5,2,False
2016,Lithuania,Austria,0.0,1.0,-1.0,0.0,5,1,False
2016,Lithuania,Azerbaijan,0.0,0.0,0.0,0.0,5,8,False
2016,Lithuania,Belgium,5.0,0.0,5.0,0.0,5,6,False
2016,Lithuania,Bulgaria,2.0,0.0,2.0,0.0,5,8,False
2016,Lithuania,Croatia,0.0,0.0,0.0,0.0,5,4,False
2016,Lithuania,Cyprus,0.0,0.0,0.0,0.0,5,7,False
2016,Lithuania,France,1.0,3.0,-2.0,0.0,5,1,False
2016,Lithuania,Georgia,10.0,4.0,6.0,1.0,5,5,True
2016,Lithuania,Germany,0.0,0.0,0.0,0.0,5,1,False
2016,Lithuania,Hungary,0.0,2.0,-2.0,0.0,5,3,False
2016,Lithuania,Israel,6.0,0.0,6.0,0.0,5,6,False
2016,Lithuania,Italy,0.0,0.0,0.0,0.0,5,2,False
2016,Lithuania,Latvia,7.0,12.0,-5.0,-1.0,5,5,True
2016,Lithuania,Malta,0.0,0.0,0.0,0.0,5,7,False
2016,Lithuania,Netherlands,0.0,0.0,0.0,0.0,5,1,False
2016,Lithuania,Poland,3.0,6.0,-3.0,0.0,5,6,False
2016,Lithuania,Russia,0.0,8.0,-8.0,0.0,5,5,True
2016,Lithuania,Serbia,0.0,0.0,0.0,0.0,5,4,False
2016,Lithuania,Spain,0.0,0.0,0.0,0.0,5,6,False
2016,Lithuania,Sweden,0.0,7.0,-7.0,0.0,5,3,False
2016,Lithuania,Ukraine,8.0,10.0,-2.0,-1.0,5,5,True
2016,Lithuania,United Kingdom,0.0,0.0,0.0,0.0,5,3,False
2016,Malta,Armenia,7.0,0.0,7.0,0.0,7,8,False
2016,Malta,Australia,3.0,12.0,-9.0,-1.0,7,2,False
2016,Malta,Austria,0.0,0.0,0.0,0.0,7,1,False
2016,Malta,Azerbaijan,0.0,6.0,-6.0,0.0,7,8,False
2016,Malta,Belgium,0.0,0.0,0.0,0.0,7,6,False
2016,Malta,Bulgaria,10.0,8.0,2.0,1.0,7,8,False
2016,Malta,Croatia,0.0,0.0,0.0,0.0,7,4,False
2016,Malta,Cyprus,5.0,0.0,5.0,0.0,7,7,True
2016,Malta,France,6.0,2.0,4.0,0.0,7,1,False
2016,Malta,Georgia,0.0,0.0,0.0,0.0,7,5,False
2016,Malta,Germany,0.0,0.0,0.0,0.0,7,1,False
2016,Malta,Hungary,0.0,5.0,-5.0,0.0,7,3,False
2016,Malta,Israel,1.0,0.0,1.0,0.0,7,6,False
2016,Malta,Italy,8.0,7.0,1.0,0.0,7,2,False
2016,Malta,Latvia,0.0,0.0,0.0,0.0,7,5,False
2016,Malta,Lithuania,0.0,0.0,0.0,0.0,7,5,False
2016,Malta,Netherlands,0.0,3.0,-3.0,0.0,7,1,False
2016,Malta,Poland,0.0,0.0,0.0,0.0,7,6,False
2016,Malta,Russia,4.0,10.0,-6.0,-1.0,7,5,False
2016,Malta,Serbia,0.0,0.0,0.0,0.0,7,4,False
2016,Malta,Spain,2.0,0.0,2.0,0.0,7,6,False
2016,Malta,Sweden,0.0,0.0,0.0,0.0,7,3,False
2016,Malta,Ukraine,0.0,4.0,-4.0,0.0,7,5,False
2016,Malta,United Kingdom,12.0,1.0,11.0,1.0,7,3,False
2016,Netherlands,Armenia,2.0,8.0,-6.0,0.0,1,8,False
2016,Netherlands,Australia,12.0,5.0,7.0,1.0,1,2,False
2016,Netherlands,Austria,8.0,6.0,2.0,0.0,1,1,True
2016,Netherlands,Azerbaijan,1.0,0.0,1.0,0.0,1,8,False
2016,Netherlands,Belgium,4.0,12.0,-8.0,-1.0,1,6,False
2016,Netherlands,Bulgaria,0.0,1.0,-1.0,0.0,1,8,False
2016,Netherlands,Croatia,0.0,0.0,0.0,0.0,1,4,False
2016,Netherlands,Cyprus,0.0,0.0,0.0,0.0,1,7,False
2016,Netherlands,France,5.0,4.0,1.0,0.0,1,1,True
2016,Netherlands,Georgia,0.0,0.0,0.0,0.0,1,5,False
2016,Netherlands,Germany,0.0,0.0,0.0,0.0,1,1,True
2016,Netherlands,Hungary,0.0,0.0,0.0,0.0,1,3,False
2016,Netherlands,Israel,7.0,0.0,7.0,0.0,1,6,False
2016,Netherlands,Italy,6.0,0.0,6.0,0.0,1,2,False
2016,Netherlands,Latvia,0.0,0.0,0.0,0.0,1,5,False
2016,Netherlands,Lithuania,0.0,0.0,0.0,0.0,1,5,False
2016,Netherlands,Malta,0.0,0.0,0.0,0.0,1,7,False
2016,Netherlands,Poland,0.0,10.0,-10.0,-1.0,1,6,False
2016,Netherlands,Russia,0.0,3.0,-3.0,0.0,1,5,False
2016,Netherlands,Serbia,0.0,0.0,0.0,0.0,1,4,False
2016,Netherlands,Spain,0.0,0.0,0.0,0.0,1,6,False
2016,Netherlands,Sweden,10.0,2.0,8.0,1.0,1,3,False
2016,Netherlands,Ukraine,3.0,7.0,-4.0,0.0,1,5,False
2016,Netherlands,United Kingdom,0.0,0.0,0.0,0.0,1,3,False
2016,Poland,Armenia,0.0,2.0,-2.0,0.0,6,8,False
2016,Poland,Australia,10.0,7.0,3.0,1.0,6,2,False
2016,Poland,Austria,0.0,4.0,-4.0,0.0,6,1,False
2016,Poland,Azerbaijan,0.0,0.0,0.0,0.0,6,8,False
2016,Poland,Belgium,0.0,0.0,0.0,0.0,6,6,True
2016,Poland,Bulgaria,3.0,3.0,0.0,0.0,6,8,False
2016,Poland,Croatia,0.0,0.0,0.0,0.0,6,4,False
2016,Poland,Cyprus,0.0,1.0,-1.0,0.0,6,7,False
2016,Poland,France,1.0,0.0,1.0,0.0,6,1,False
2016,Poland,Georgia,8.0,0.0,8.0,0.0,6,5,False
2016,Poland,Germany,0.0,0.0,0.0,0.0,6,1,False
2016,Poland,Hungary,0.0,6.0,-6.0,0.0,6,3,False
2016,Poland,Israel,7.0,0.0,7.0,0.0,6,6,True
2016,Poland,Italy,0.0,0.0,0.0,0.0,6,2,False
2016,Poland,Latvia,6.0,5.0,1.0,0.0,6,5,False
2016,Poland,Lithuania,2.0,0.0,2.0,0.0,6,5,False
2016,Poland,Malta,0.0,0.0,0.0,0.0,6,7,False
2016,Poland,Netherlands,0.0,0.0,0.0,0.0,6,1,False
2016,Poland,Russia,0.0,8.0,-8.0,0.0,6,5,False
2016,Poland,Serbia,0.0,0.0,0.0,0.0,6,4,False
2016,Poland,Spain,5.0,0.0,5.0,0.0,6,6,True
2016,Poland,Sweden,0.0,10.0,-10.0,-1.0,6,3,False
2016,Poland,Ukraine,12.0,12.0,0.0,0.0,6,5,False
2016,Poland,United Kingdom,0.0,0.0,0.0,0.0,6,3,False
2016,Russia,Armenia,12.0,12.0,0.0,0.0,5,8,False
2016,Russia,Australia,2.0,4.0,-2.0,0.0,5,2,False
2016,Russia,Austria,0.0,8.0,-8.0,0.0,5,1,False
2016,Russia,Azerbaijan,10.0,6.0,4.0,1.0,5,8,False
2016,Russia,Belgium,0.0,0.0,0.0,0.0,5,6,False
2016,Russia,Bulgaria,0.0,0.0,0.0,0.0,5,8,False
2016,Russia,Croatia,0.0,0.0,0.0,0.0,5,4,False
2016,Russia,Cyprus,4.0,7.0,-3.0,0.0,5,7,False
2016,Russia,France,7.0,3.0,4.0,0.0,5,1,False
2016,Russia,Georgia,5.0,0.0,5.0,0.0,5,5,True
2016,Russia,Germany,0.0,0.0,0.0,0.0,5,1,False
2016,Russia,Hungary,1.0,0.0,1.0,0.0,5,3,False
2016,Russia,Israel,0.0,0.0,0.0,0.0,5,6,False
2016,Russia,Italy,0.0,0.0,0.0,0.0,5,2,False
2016,Russia,Latvia,3.0,1.0,2.0,0.0,5,5,True
2016,Russia,Lithuania,0.0,0.0,0.0,0.0,5,5,True
2016,Russia,Malta,8.0,0.0,8.0,0.0,5,7,False
2016,Russia,Netherlands,0.0,0.0,0.0,0.0,5,1,False
2016,Russia,Poland,0.0,5.0,-5.0,0.0,5,6,False
2016,Russia,Serbia,0.0,0.0,0.0,0.0,5,4,False
2016,Russia,Spain,0.0,0.0,0.0,0.0,5,6,False
2016,Russia,Sweden,0.0,2.0,-2.0,0.0,5,3,False
2016,Russia,Ukraine,0.0,10.0,-10.0,-1.0,5,5,True
2016,Russia,United Kingdom,6.0,0.0,6.0,0.0,5,3,False
2016,Serbia,Armenia,3.0,2.0,1.0,0.0,4,8,False
2016,Serbia,Australia,6.0,6.0,0.0,0.0,4,2,False
2016,Serbia,Austria,0.0,0.0,0.0,0.0,4,1,False
2016,Serbia,Azerbaijan,0.0,0.0,0.0,0.0,4,8,False
2016,Serbia,Belgium,0.0,5.0,-5.0,0.0,4,6,False
2016,Serbia,Bulgaria,4.0,8.0,-4.0,0.0,4,8,False
2016,Serbia,Croatia,0.0,4.0,-4.0,0.0,4,4,True
2016,Serbia,Cyprus,0.0,3.0,-3.0,0.0,4,7,False
2016,Serbia,France,0.0,0.0,0.0,0.0,4,1,False
2016,Serbia,Georgia,0.0,0.0,0.0,0.0,4,5,False
2016,Serbia,Germany,0.0,0.0,0.0,0.0,4,1,False
2016,Serbia,Hungary,0.0,10.0,-10.0,-1.0,4,3,False
2016,Serbia,Israel,7.0,0.0,7.0,0.0,4,6,False
2016,Serbia,Italy,0.0,0.0,0.0,0.0,4,2,False
2016,Serbia,Latvia,0.0,0.0,0.0,0.0,4,5,False
2016,Serbia,Lithuania,8.0,0.0,8.0,0.0,4,5,False
2016,Serbia,Malta,10.0,0.0,10.0,1.0,4,7,False
2016,Serbia,Netherlands,5.0,0.0,5.0,0.0,4,1,False
2016,Serbia,Poland,0.0,0.0,0.0,0.0,4,6,False
2016,Serbia,Russia,1.0,12.0,-11.0,-1.0,4,5,False
2016,Serbia,Spain,0.0,0.0,0.0,0.0,4,6,False
2016,Serbia,Sweden,0.0,1.0,-1.0,0.0,4,3,False
2016,Serbia,Ukraine,12.0,7.0,5.0,1.0,4,5,False
2016,Serbia,United Kingdom,2.0,0.0,2.0,0.0,4,3,False
2016,Spain,Armenia,12.0,6.0,6.0,1.0,6,8,False
2016,Spain,Australia,8.0,4.0,4.0,0.0,6,2,False
2016,Spain,Austria,0.0,2.0,-2.0,0.0,6,1,False
2016,Spain,Azerbaijan,2.0,0.0,2.0,0.0,6,8,False
2016,Spain,Belgium,0.0,0.0,0.0,0.0,6,6,True
2016,Spain,Bulgaria,0.0,12.0,-12.0,-1.0,6,8,False
2016,Spain,Croatia,0.0,0.0,0.0,0.0,6,4,False
2016,Spain,Cyprus,0.0,0.0,0.0,0.0,6,7,False
2016,Spain,France,7.0,10.0,-3.0,-1.0,6,1,False
2016,Spain,Georgia,0.0,0.0,0.0,0.0,6,5,False
2016,Spain,Germany,0.0,0.0,0.0,0.0,6,1,False
2016,Spain,Hungary,10.0,0.0,10.0,1.0,6,3,False
2016,Spain,Israel,1.0,0.0,1.0,0.0,6,6,True
2016,Spain,Italy,5.0,3.0,2.0,0.0,6,2,False
2016,Spain,Latvia,0.0,0.0,0.0,0.0,6,5,False
2016,Spain,Lithuania,0.0,0.0,0.0,0.0,6,5,False
2016,Spain,Malta,6.0,0.0,6.0,0.0,6,7,False
2016,Spain,Netherlands,3.0,0.0,3.0,0.0,6,1,False
2016,Spain,Poland,0.0,5.0,-5.0,0.0,6,6,True
2016,Spain,Russia,4.0,8.0,-4.0,0.0,6,5,False
2016,Spain,Serbia,0.0,0.0,0.0,0.0,6,4,False
2016,Spain,Sweden,0.0,1.0,-1.0,0.0,6,3,False
2016,Spain,Ukraine,0.0,7.0,-7.0,0.0,6,5,False
2016,Spain,United Kingdom,0.0,0.0,0.0,0.0,6,3,False
2016,Sweden,Armenia,4.0,0.0,4.0,0.0,3,8,False
2016,Sweden,Australia,12.0,12.0,0.0,0.0,3,2,False
2016,Sweden,Austria,0.0,5.0,-5.0,0.0,3,1,False
2016,Sweden,Azerbaijan,10.0,0.0,10.0,1.0,3,8,False
2016,Sweden,Belgium,0.0,0.0,0.0,0.0,3,6,False
2016,Sweden,Bulgaria,0.0,4.0,-4.0,0.0,3,8,False
2016,Sweden,Croatia,0.0,0.0,0.0,0.0,3,4,False
2016,Sweden,Cyprus,0.0,0.0,0.0,0.0,3,7,False
2016,Sweden,France,8.0,3.0,5.0,0.0,3,1,False
2016,Sweden,Georgia,0.0,0.0,0.0,0.0,3,5,False
2016,Sweden,Germany,0.0,0.0,0.0,0.0,3,1,False
2016,Sweden,Hungary,0.0,0.0,0.0,0.0,3,3,True
2016,Sweden,Israel,0.0,0.0,0.0,0.0,3,6,False
2016,Sweden,Italy,0.0,0.0,0.0,0.0,3,2,False
2016,Sweden,Latvia,0.0,0.0,0.0,0.0,3,5,False
2016,Sweden,Lithuania,2.0,6.0,-4.0,0.0,3,5,False
2016,Sweden,Malta,7.0,0.0,7.0,0.0,3,7,False
2016,Sweden,Netherlands,5.0,2.0,3.0,0.0,3,1,False
2016,Sweden,Poland,0.0,10.0,-10.0,-1.0,3,6,False
2016,Sweden,Russia,6.0,8.0,-2.0,0.0,3,5,False
2016,Sweden,Serbia,0.0,0.0,0.0,0.0,3,4,False
2016,Sweden,Spain,1.0,1.0,0.0,0.0,3,6,False
2016,Sweden,Ukraine,0.0,7.0,-7.0,0.0,3,5,False
2016,Sweden,United Kingdom,0.0,0.0,0.0,0.0,3,3,True
2016,Ukraine,Armenia,0.0,7.0,-7.0,0.0,5,8,False
2016,Ukraine,Australia,5.0,4.0,1.0,0.0,5,2,False
2016,Ukraine,Austria,0.0,0.0,0.0,0.0,5,1,False
2016,Ukraine,Azerbaijan,7.0,10.0,-3.0,-1.0,5,8,False
2016,Ukraine,Belgium,10.0,0.0,10.0,1.0,5,6,False
2016,Ukraine,Bulgaria,1.0,2.0,-1.0,0.0,5,8,False
2016,Ukraine,Croatia,0.0,0.0,0.0,0.0,5,4,False
2016,Ukraine,Cyprus,0.0,0.0,0.0,0.0,5,7,False
2016,Ukraine,France,0.0,0.0,0.0,0.0,5,1,False
2016,Ukraine,Georgia,3.0,6.0,-3.0,0.0,5,5,True
2016,Ukraine,Germany,0.0,0.0,0.0,0.0,5,1,False
2016,Ukraine,Hungary,2.0,0.0,2.0,0.0,5,3,False
2016,Ukraine,Israel,6.0,0.0,6.0,0.0,5,6,False
2016,Ukraine,Italy,0.0,0.0,0.0,0.0,5,2,False
2016,Ukraine,Latvia,8.0,5.0,3.0,0.0,5,5,True
2016,Ukraine,Lithuania,12.0,3.0,9.0,1.0,5,5,True
2016,Ukraine,Malta,0.0,0.0,0.0,0.0,5,7,False
2016,Ukraine,Netherlands,0.0,0.0,0.0,0.0,5,1,False
2016,Ukraine,Poland,0.0,8.0,-8.0,0.0,5,6,False
2016,Ukraine,Russia,0.0,12.0,-12.0,-1.0,5,5,True
2016,Ukraine,Serbia,0.0,0.0,0.0,0.0,5,4,False
2016,Ukraine,Spain,0.0,0.0,0.0,0.0,5,6,False
2016,Ukraine,Sweden,4.0,1.0,3.0,0.0,5,3,False
2016,Ukraine,United Kingdom,0.0,0.0,0.0,0.0,5,3,False
2016,United Kingdom,Armenia,0.0,0.0,0.0,0.0,3,8,False
2016,United Kingdom,Australia,8.0,6.0,2.0,0.0,3,2,False
2016,United Kingdom,Austria,0.0,0.0,0.0,0.0,3,1,False
2016,United Kingdom,Azerbaijan,0.0,0.0,0.0,0.0,3,8,False
2016,United Kingdom,Belgium,0.0,0.0,0.0,0.0,3,6,False
2016,United Kingdom,Bulgaria,5.0,8.0,-3.0,0.0,3,8,False
2016,United Kingdom,Croatia,1.0,0.0,1.0,0.0,3,4,False
2016,United Kingdom,Cyprus,7.0,2.0,5.0,0.0,3,7,False
2016,United Kingdom,France,6.0,0.0,6.0,0.0,3,1,False
2016,United Kingdom,Georgia,12.0,0.0,12.0,1.0,3,5,False
2016,United Kingdom,Germany,0.0,0.0,0.0,0.0,3,1,False
2016,United Kingdom,Hungary,0.0,0.0,0.0,0.0,3,3,True
2016,United Kingdom,Israel,3.0,0.0,3.0,0.0,3,6,False
2016,United Kingdom,Italy,0.0,0.0,0.0,0.0,3,2,False
2016,United Kingdom,Latvia,0.0,3.0,-3.0,0.0,3,5,False
2016,United Kingdom,Lithuania,4.0,12.0,-8.0,-1.0,3,5,False
2016,United Kingdom,Malta,0.0,0.0,0.0,0.0,3,7,False
2016,United Kingdom,Netherlands,0.0,0.0,0.0,0.0,3,1,False
2016,United Kingdom,Poland,0.0,10.0,-10.0,-1.0,3,6,False
2016,United Kingdom,Russia,0.0,7.0,-7.0,0.0,3,5,False
2016,United Kingdom,Serbia,2.0,0.0,2.0,0.0,3,4,False
2016,United Kingdom,Spain,0.0,4.0,-4.0,0.0,3,6,False
2016,United Kingdom,Sweden,0.0,1.0,-1.0,0.0,3,3,True
2016,United Kingdom,Ukraine,10.0,5.0,5.0,1.0,3,5,False
2017,Armenia,Australia,0.0,0.0,0.0,0.0,8,2,False
2017,Armenia,Austria,1.0,0.0,1.0,0.0,8,1,False
2017,Armenia,Azerbaijan,0.0,0.0,0.0,0.0,8,8,True
2017,Armenia,Belarus,0.0,0.0,0.0,0.0,8,8,True
2017,Armenia,Belgium,0.0,5.0,-5.0,0.0,8,6,False
2017,Armenia,Bulgaria,0.0,7.0,-7.0,0.0,8,8,True
2017,Armenia,Croatia,0.0,0.0,0.0,0.0,8,4,False
2017,Armenia,Cyprus,7.0,12.0,-5.0,-1.0,8,7,False
2017,Armenia,Denmark,0.0,0.0,0.0,0.0,8,3,False
2017,Armenia,France,3.0,8.0,-5.0,0.0,8,1,False
2017,Armenia,Greece,10.0,1.0,9.0,1.0,8,7,False
2017,Armenia,Hungary,0.0,0.0,0.0,0.0,8,3,False
2017,Armenia,Israel,0.0,0.0,0.0,0.0,8,6,False
2017,Armenia,Italy,2.0,4.0,-2.0,0.0,8,2,False
2017,Armenia,Moldova,8.0,6.0,2.0,0.0,8,8,True
2017,Armenia,Netherlands,0.0,0.0,0.0,0.0,8,1,False
2017,Armenia,Norway,5.0,0.0,5.0,0.0,8,3,False
2017,Armenia,Poland,0.0,0.0,0.0,0.0,8,6,False
2017,Armenia,Portugal,12.0,10.0,2.0,0.0,8,2,False
2017,Armenia,Romania,0.0,2.0,-2.0,0.0,8,8,True
2017,Armenia,Spain,0.0,0.0,0.0,0.0,8,6,False
2017,Armenia,Sweden,6.0,3.0,3.0,0.0,8,3,False
2017,Armenia,Ukraine,0.0,0.0,0.0,0.0,8,5,False
2017,Armenia,United Kingdom,4.0,0.0,4.0,0.0,8,3,False
2017,Australia,Armenia,1.0,0.0,1.0,0.0,2,8,False
2017,Australia,Austria,3.0,0.0,3.0,0.0,2,1,False
2017,Australia,Azerbaijan,0.0,0.0,0.0,0.0,2,8,False
2017,Australia,Belarus,0.0,0.0,0.0,0.0,2,8,False
2017,Australia,Belgium,0.0,4.0,-4.0,0.0,2,6,False
2017,Australia,Bulgaria,8.0,5.0,3.0,0.0,2,8,False
2017,Australia,Croatia,0.0,1.0,-1.0,0.0,2,4,False
2017,Australia,Cyprus,0.0,0.0,0.0,0.0,2,7,False
2017,Australia,Denmark,5.0,8.0,-3.0,0.0,2,3,False
2017,Australia,France,0.0,0.0,0.0,0.0,2,1,False
2017,Australia,Greece,0.0,0.0,0.0,0.0,2,7,False
2017,Australia,Hungary,0.0,0.0,0.0,0.0,2,3,False
2017,Australia,Israel,0.0,0.0,0.0,0.0,2,6,False
2017,Australia,Italy,0.0,2.0,-2.0,0.0,2,2,True
2017,Australia,Moldova,10.0,12.0,-2.0,0.0,2,8,False
2017,Australia,Netherlands,4.0,0.0,4.0,0.0,2,1,False
2017,Australia,Norway,0.0,0.0,0.0,0.0,2,3,False
2017,Australia,Poland,2.0,0.0,2.0,0.0,2,6,False
2017,Australia,Portugal,7.0,7.0,0.0,0.0,2,2,True
2017,Australia,Romania,0.0,10.0,-10.0,-1.0,2,8,False
2017,Australia,Spain,0.0,0.0,0.0,0.0,2,6,False
2017,Australia,Sweden,6.0,6.0,0.0,0.0,2,3,False
2017,Australia,Ukraine,0.0,0.0,0.0,0.0,2,5,False
2017,Australia,United Kingdom,12.0,3.0,9.0,1.0,2,3,False
2017,Austria,Armenia,0.0,0.0,0.0,0.0,1,8,False
2017,Austria,Australia,0.0,0.0,0.0,0.0,1,2,False
2017,Austria,Azerbaijan,0.0,0.0,0.0,0.0,1,8,False
2017,Austria,Belarus,7.0,0.0,7.0,0.0,1,8,False
2017,Austria,Belgium,2.0,8.0,-6.0,0.0,1,6,False
2017,Austria,Bulgaria,10.0,7.0,3.0,1.0,1,8,False
2017,Austria,Croatia,0.0,4.0,-4.0,0.0,1,4,False
2017,Austria,Cyprus,0.0,0.0,0.0,0.0,1,7,False
2017,Austria,Denmark,0.0,0.0,0.0,0.0,1,3,False
2017,Austria,France,0.0,0.0,0.0,0.0,1,1,True
2017,Austria,Greece,0.0,0.0,0.0,0.0,1,7,False
2017,Austria,Hungary,5.0,5.0,0.0,0.0,1,3,False
2017,Austria,Israel,0.0,0.0,0.0,0.0,1,6,False
2017,Austria,Italy,6.0,6.0,0.0,0.0,1,2,False
2017,Austria,Moldova,0.0,3.0,-3.0,0.0,1,8,False
2017,Austria,Netherlands,12.0,0.0,12.0,1.0,1,1,True
2017,Austria,Norway,3.0,0.0,3.0,0.0,1,3,False
2017,Austria,Poland,0.0,2.0,-2.0,0.0,1,6,False
2017,Austria,Portugal,8.0,12.0,-4.0,-1.0,1,2,False
2017,Austria,Romania,0.0,10.0,-10.0,-1.0,1,8,False
2017,Austria,Spain,0.0,0.0,0.0,0.0,1,6,False
2017,Austria,Sweden,4.0,1.0,3.0,0.0,1,3,False
2017,Austria,Ukraine,0.0,0.0,0.0,0.0,1,5,False
2017,Austria,United Kingdom,1.0,0.0,1.0,0.0,1,3,False
2017,Azerbaijan,Armenia,0.0,0.0,0.0,0.0,8,8,True
2017,Azerbaijan,Australia,0.0,0.0,0.0,0.0,8,2,False
2017,Azerbaijan,Austria,0.0,0.0,0.0,0.0,8,1,False
2017,Azerbaijan,Belarus,12.0,0.0,12.0,1.0,8,8,True
2017,Azerbaijan,Belgium,0.0,4.0,-4.0,0.0,8,6,False
2017,Azerbaijan,Bulgaria,2.0,12.0,-10.0,-1.0,8,8,True
2017,Azerbaijan,Croatia,1.0,0.0,1.0,0.0,8,4,False
2017,Azerbaijan,Cyprus,0.0,0.0,0.0,0.0,8,7,False
2017,Azerbaijan,Denmark,0.0,0.0,0.0,0.0,8,3,False
2017,Azerbaijan,France,0.0,5.0,-5.0,0.0,8,1,False
2017,Azerbaijan,Greece,5.0,0.0,5.0,0.0,8,7,False
2017,Azerbaijan,Hungary,0.0,7.0,-7.0,0.0,8,3,False
2017,Azerbaijan,Israel,4.0,1.0,3.0,0.0,8,6,False
2017,Azerbaijan,Italy,0.0,6.0,-6.0,0.0,8,2,False
2017,Azerbaijan,Moldova,10.0,10.0,0.0,0.0,8,8,True
2017,Azerbaijan,Netherlands,0.0,0.0,0.0,0.0,8,1,False
2017,Azerbaijan,Norway,0.0,0.0,0.0,0.0,8,3,False
2017,Azerbaijan,Poland,6.0,0.0,6.0,0.0,8,6,False
2017,Azerbaijan,Portugal,8.0,8.0,0.0,0.0,8,2,False
2017,Azerbaijan,Romania,3.0,2.0,1.0,0.0,8,8,True
2017,Azerbaijan,Spain,0.0,0.0,0.0,0.0,8,6,False
2017,Azerbaijan,Sweden,0.0,3.0,-3.0,0.0,8,3,False
2017,Azerbaijan,Ukraine,7.0,0.0,7.0,0.0,8,5,False
2017,Azerbaijan,United Kingdom,0.0,0.0,0.0,0.0,8,3,False
2017,Belarus,Armenia,0.0,0.0,0.0,0.0,8,8,True
2017,Belarus,Australia,7.0,0.0,7.0,0.0,8,2,False
2017,Belarus,Austria,4.0,0.0,4.0,0.0,8,1,False
2017,Belarus,Azerbaijan,0.0,0.0,0.0,0.0,8,8,True
2017,Belarus,Belgium,0.0,6.0,-6.0,0.0,8,6,False
2017,Belarus,Bulgaria,12.0,12.0,0.0,0.0,8,8,True
2017,Belarus,Croatia,0.0,0.0,0.0,0.0,8,4,False
2017,Belarus,Cyprus,0.0,0.0,0.0,0.0,8,7,False
2017,Belarus,Denmark,3.0,0.0,3.0,0.0,8,3,False
2017,Belarus,France,0.0,4.0,-4.0,0.0,8,1,False
2017,Belarus,Greece,0.0,0.0,0.0,0.0,8,7,False
2017,Belarus,Hungary,0.0,8.0,-8.0,0.0,8,3,False
2017,Belarus,Israel,1.0,0.0,1.0,0.0,8,6,False
2017,Belarus,Italy,0.0,0.0,0.0,0.0,8,2,False
2017,Belarus,Moldova,0.0,10.0,-10.0,-1.0,8,8,True
2017,Belarus,Netherlands,5.0,0.0,5.0,0.0,8,1,False
2017,Belarus,Norway,6.0,5.0,1.0,0.0,8,3,False
2017,Belarus,Poland,2.0,0.0,2.0,0.0,8,6,False
2017,Belarus,Portugal,10.0,7.0,3.0,1.0,8,2,False
2017,Belarus,Romania,0.0,2.0,-2.0,0.0,8,8,True
2017,Belarus,Spain,0.0,0.0,0.0,0.0,8,6,False
2017,Belarus,Sweden,8.0,3.0,5.0,0.0,8,3,False
2017,Belarus,Ukraine,0.0,1.0,-1.0,0.0,8,5,False
2017,Belarus,United Kingdom,0.0,0.0,0.0,0.0,8,3,False
2017,Belgium,Armenia,0.0,0.0,0.0,0.0,6,8,False
2017,Belgium,Australia,6.0,0.0,6.0,0.0,6,2,False
2017,Belgium,Austria,3.0,0.0,3.0,0.0,6,1,False
2017,Belgium,Azerbaijan,4.0,0.0,4.0,0.0,6,8,False
2017,Belgium,Belarus,0.0,0.0,0.0,0.0,6,8,False
2017,Belgium,Bulgaria,10.0,8.0,2.0,1.0,6,8,False
2017,Belgium,Croatia,0.0,0.0,0.0,0.0,6,4,False
2017,Belgium,Cyprus,5.0,0.0,5.0,0.0,6,7,False
2017,Belgium,Denmark,0.0,0.0,0.0,0.0,6,3,False
2017,Belgium,France,1.0,3.0,-2.0,0.0,6,1,False
2017,Belgium,Greece,0.0,0.0,0.0,0.0,6,7,False
2017,Belgium,Hungary,0.0,1.0,-1.0,0.0,6,3,False
2017,Belgium,Israel,0.0,0.0,0.0,0.0,6,6,True
2017,Belgium,Italy,0.0,5.0,-5.0,0.0,6,2,False
2017,Belgium,Moldova,0.0,7.0,-7.0,0.0,6,8,False
2017,Belgium,Netherlands,0.0,10.0,-10.0,-1.0,6,1,False
2017,Belgium,Norway,7.0,0.0,7.0,0.0,6,3,False
2017,Belgium,Poland,0.0,4.0,-4.0,0.0,6,6,True
2017,Belgium,Portugal,8.0,12.0,-4.0,-1.0,6,2,False
2017,Belgium,Romania,0.0,6.0,-6.0,0.0,6,8,False
2017,Belgium,Spain,0.0,0.0,0.0,0.0,6,6,True
2017,Belgium,Sweden,12.0,2.0,10.0,1.0,6,3,False
2017,Belgium,Ukraine,0.0,0.0,0.0,0.0,6,5,False
2017,Belgium,United Kingdom,2.0,0.0,2.0,0.0,6,3,False
2017,Bulgaria,Armenia,4.0,0.0,4.0,0.0,8,8,True
2017,Bulgaria,Australia,0.0,0.0,0.0,0.0,8,2,False
2017,Bulgaria,Austria,12.0,0.0,12.0,1.0,8,1,False
2017,Bulgaria,Azerbaijan,5.0,0.0,5.0,0.0,8,8,True
2017,Bulgaria,Belarus,2.0,0.0,2.0,0.0,8,8,True
2017,Bulgaria,Belgium,0.0,4.0,-4.0,0.0,8,6,False
2017,Bulgaria,Croatia,0.0,1.0,-1.0,0.0,8,4,False
2017,Bulgaria,Cyprus,0.0,3.0,-3.0,0.0,8,7,False
2017,Bulgaria,Denmark,0.0,0.0,0.0,0.0,8,3,False
2017,Bulgaria,France,0.0,12.0,-12.0,-1.0,8,1,False
2017,Bulgaria,Greece,6.0,5.0,1.0,0.0,8,7,False
2017,Bulgaria,Hungary,0.0,6.0,-6.0,0.0,8,3,False
2017,Bulgaria,Israel,8.0,0.0,8.0,0.0,8,6,False
2017,Bulgaria,Italy,0.0,0.0,0.0,0.0,8,2,False
2017,Bulgaria,Moldova,0.0,10.0,-10.0,-1.0,8,8,True
2017,Bulgaria,Netherlands,10.0,0.0,10.0,1.0,8,1,False
2017,Bulgaria,Norway,0.0,0.0,0.0,0.0,8,3,False
2017,Bulgaria,Poland,7.0,0.0,7.0,0.0,8,6,False
2017,Bulgaria,Portugal,0.0,7.0,-7.0,0.0,8,2,False
2017,Bulgaria,Romania,3.0,8.0,-5.0,0.0,8,8,True
2017,Bulgaria,Spain,0.0,0.0,0.0,0.0,8,6,False
2017,Bulgaria,Sweden,0.0,2.0,-2.0,0.0,8,3,False
2017,Bulgaria,Ukraine,1.0,0.0,1.0,0.0,8,5,False
2017,Bulgaria,United Kingdom,0.0,0.0,0.0,0.0,8,3,False
2017,Croatia,Armenia,0.0,0.0,0.0,0.0,4,8,False
2017,Croatia,Australia,6.0,0.0,6.0,0.0,4,2,False
2017,Croatia,Austria,1.0,0.0,1.0,0.0,4,1,False
2017,Croatia,Azerbaijan,0.0,0.0,0.0,0.0,4,8,False
2017,Croatia,Belarus,5.0,0.0,5.0,0.0,4,8,False
2017,Croatia,Belgium,0.0,5.0,-5.0,0.0,4,6,False
2017,Croatia,Bulgaria,10.0,8.0,2.0,1.0,4,8,False
2017,Croatia,Cyprus,0.0,0.0,0.0,0.0,4,7,False
2017,Croatia,Denmark,3.0,0.0,3.0,0.0,4,3,False
2017,Croatia,France,0.0,3.0,-3.0,0.0,4,1,False
2017,Croatia,Greece,0.0,0.0,0.0,0.0,4,7,False
2017,Croatia,Hungary,12.0,12.0,0.0,0.0,4,3,False
2017,Croatia,Israel,0.0,0.0,0.0,0.0,4,6,False
2017,Croatia,Italy,0.0,7.0,-7.0,0.0,4,2,False
2017,Croatia,Moldova,0.0,4.0,-4.0,0.0,4,8,False
2017,Croatia,Netherlands,8.0,1.0,7.0,0.0,4,1,False
2017,Croatia,Norway,2.0,0.0,2.0,0.0,4,3,False
2017,Croatia,Poland,0.0,0.0,0.0,0.0,4,6,False
2017,Croatia,Portugal,7.0,10.0,-3.0,-1.0,4,2,False
2017,Croatia,Romania,0.0,6.0,-6.0,0.0,4,8,False
2017,Croatia,Spain,0.0,0.0,0.0,0.0,4,6,False
2017,Croatia,Sweden,4.0,2.0,2.0,0.0,4,3,False
2017,Croatia,Ukraine,0.0,0.0,0.0,0.0,4,5,False
2017,Croatia,United Kingdom,0.0,0.0,0.0,0.0,4,3,False
2017,Cyprus,Armenia,0.0,1.0,-1.0,0.0,7,8,False
2017,Cyprus,Australia,4.0,0.0,4.0,0.0,7,2,False
2017,Cyprus,Austria,0.0,0.0,0.0,0.0,7,1,False
2017,Cyprus,Azerbaijan,1.0,0.0,1.0,0.0,7,8,False
2017,Cyprus,Belarus,0.0,0.0,0.0,0.0,7,8,False
2017,Cyprus,Belgium,3.0,2.0,1.0,0.0,7,6,False
2017,Cyprus,Bulgaria,7.0,10.0,-3.0,-1.0,7,8,False
2017,Cyprus,Croatia,0.0,0.0,0.0,0.0,7,4,False
2017,Cyprus,Denmark,0.0,0.0,0.0,0.0,7,3,False
2017,Cyprus,France,2.0,3.0,-1.0,0.0,7,1,False
2017,Cyprus,Greece,12.0,12.0,0.0,0.0,7,7,True
2017,Cyprus,Hungary,0.0,0.0,0.0,0.0,7,3,False
2017,Cyprus,Israel,0.0,0.0,0.0,0.0,7,6,False
2017,Cyprus,Italy,10.0,8.0,2.0,1.0,7,2,False
2017,Cyprus,Moldova,0.0,6.0,-6.0,0.0,7,8,False
2017,Cyprus,Netherlands,0.0,0.0,0.0,0.0,7,1,False
2017,Cyprus,Norway,0.0,0.0,0.0,0.0,7,3,False
2017,Cyprus,Poland,0.0,0.0,0.0,0.0,7,6,False
2017,Cyprus,Portugal,8.0,7.0,1.0,0.0,7,2,False
2017,Cyprus,Romania,0.0,4.0,-4.0,0.0,7,8,False
2017,Cyprus,Spain,0.0,0.0,0.0,0.0,7,6,False
2017,Cyprus,Sweden,6.0,5.0,1.0,0.0,7,3,False
2017,Cyprus,Ukraine,0.0,0.0,0.0,0.0,7,5,False
2017,Cyprus,United Kingdom,5.0,0.0,5.0,0.0,7,3,False
2017,Denmark,Armenia,1.0,0.0,1.0,0.0,3,8,False
2017,Denmark,Australia,8.0,2.0,6.0,0.0,3,2,False
2017,Denmark,Austria,7.0,0.0,7.0,0.0,3,1,False
2017,Denmark,Azerbaijan,0.0,0.0,0.0,0.0,3,8,False
2017,Denmark,Belarus,0.0,0.0,0.0,0.0,3,8,False
2017,Denmark,Belgium,2.0,6.0,-4.0,0.0,3,6,False
2017,Denmark,Bulgaria,4.0,10.0,-6.0,-1.0,3,8,False
2017,Denmark,Croatia,0.0,0.0,0.0,0.0,3,4,False
2017,Denmark,Cyprus,0.0,0.0,0.0,0.0,3,7,False
2017,Denmark,France,0.0,0.0,0.0,0.0,3,1,False
2017,Denmark,Greece,0.0,0.0,0.0,0.0,3,7,False
2017,Denmark,Hungary,0.0,3.0,-3.0,0.0,3,3,True
2017,Denmark,Israel,0.0,0.0,0.0,0.0,3,6,False
2017,Denmark,Italy,0.0,0.0,0.0,0.0,3,2,False
2017,Denmark,Moldova,3.0,8.0,-5.0,0.0,3,8,False
2017,Denmark,Netherlands,5.0,1.0,4.0,0.0,3,1,False
2017,Denmark,Norway,6.0,7.0,-1.0,0.0,3,3,True
2017,Denmark,Poland,0.0,0.0,0.0,0.0,3,6,False
2017,Denmark,Portugal,10.0,5.0,5.0,1.0,3,2,False
2017,Denmark,Romania,0.0,4.0,-4.0,0.0,3,8,False
2017,Denmark,Spain,0.0,0.0,0.0,0.0,3,6,False
2017,Denmark,Sweden,12.0,12.0,0.0,0.0,3,3,True
2017,Denmark,Ukraine,0.0,0.0,0.0,0.0,3,5,False
2017,Denmark,United Kingdom,0.0,0.0,0.0,0.0,3,3,True
2017,France,Armenia,0.0,6.0,-6.0,0.0,1,8,False
2017,France,Australia,2.0,0.0,2.0,0.0,1,2,False
2017,France,Austria,1.0,0.0,1.0,0.0,1,1,True
2017,France,Azerbaijan,0.0,0.0,0.0,0.0,1,8,False
2017,France,Belarus,0.0,0.0,0.0,0.0,1,8,False
2017,France,Belgium,0.0,8.0,-8.0,0.0,1,6,False
2017,France,Bulgaria,5.0,4.0,1.0,0.0,1,8,False
2017,France,Croatia,0.0,0.0,0.0,0.0,1,4,False
2017,France,Cyprus,0.0,0.0,0.0,0.0,1,7,False
2017,France,Denmark,0.0,0.0,0.0,0.0,1,3,False
2017,France,Greece,0.0,0.0,0.0,0.0,1,7,False
2017,France,Hungary,0.0,2.0,-2.0,0.0,1,3,False
2017,France,Israel,6.0,3.0,3.0,0.0,1,6,False
2017,France,Italy,10.0,5.0,5.0,1.0,1,2,False
2017,France,Moldova,0.0,7.0,-7.0,0.0,1,8,False
2017,France,Netherlands,4.0,0.0,4.0,0.0,1,1,True
2017,France,Norway,7.0,0.0,7.0,0.0,1,3,False
2017,France,Poland,0.0,1.0,-1.0,0.0,1,6,False
2017,France,Portugal,12.0,12.0,0.0,0.0,1,2,False
2017,France,Romania,0.0,10.0,-10.0,-1.0,1,8,False
2017,France,Spain,0.0,0.0,0.0,0.0,1,6,False
2017,France,Sweden,8.0,0.0,8.0,0.0,1,3,False
2017,France,Ukraine,0.0,0.0,0.0,0.0,1,5,False
2017,France,United Kingdom,3.0,0.0,3.0,0.0,1,3,False
2017,Germany,Armenia,0.0,0.0,0.0,0.0,1,8,False
2017,Germany,Australia,5.0,0.0,5.0,0.0,1,2,False
2017,Germany,Austria,2.0,0.0,2.0,0.0,1,1,True
2017,Germany,Azerbaijan,0.0,0.0,0.0,0.0,1,8,False
2017,Germany,Belarus,0.0,0.0,0.0,0.0,1,8,False
2017,Germany,Belgium,0.0,10.0,-10.0,-1.0,1,6,False
2017,Germany,Bulgaria,8.0,5.0,3.0,0.0,1,8,False
2017,Germany,Croatia,3.0,8.0,-5.0,0.0,1,4,False
2017,Germany,Cyprus,0.0,0.0,0.0,0.0,1,7,False
2017,Germany,Denmark,0.0,0.0,0.0,0.0,1,3,False
2017,Germany,France,0.0,0.0,0.0,0.0,1,1,True
2017,Germany,Greece,0.0,0.0,0.0,0.0,1,7,False
2017,Germany,Hungary,1.0,3.0,-2.0,0.0,1,3,False
2017,Germany,Israel,0.0,0.0,0.0,0.0,1,6,False
2017,Germany,Italy,0.0,4.0,-4.0,0.0,1,2,False
2017,Germany,Moldova,0.0,7.0,-7.0,0.0,1,8,False
2017,Germany,Netherlands,7.0,1.0,6.0,0.0,1,1,True
2017,Germany,Norway,12.0,0.0,12.0,1.0,1,3,False
2017,Germany,Poland,0.0,2.0,-2.0,0.0,1,6,False
2017,Germany,Portugal,10.0,12.0,-2.0,0.0,1,2,False
2017,Germany,Romania,0.0,6.0,-6.0,0.0,1,8,False
2017,Germany,Spain,0.0,0.0,0.0,0.0,1,6,False
2017,Germany,Sweden,4.0,0.0,4.0,0.0,1,3,False
2017,Germany,Ukraine,0.0,0.0,0.0,0.0,1,5,False
2017,Germany,United Kingdom,6.0,0.0,6.0,0.0,1,3,False
2017,Greece,Armenia,8.0,2.0,6.0,0.0,7,8,False
2017,Greece,Australia,0.0,0.0,0.0,0.0,7,2,False
2017,Greece,Austria,0.0,0.0,0.0,0.0,7,1,False
2017,Greece,Azerbaijan,10.0,0.0,10.0,1.0,7,8,False
2017,Greece,Belarus,3.0,0.0,3.0,0.0,7,8,False
2017,Greece,Belgium,0.0,5.0,-5.0,0.0,7,6,False
2017,Greece,Bulgaria,2.0,10.0,-8.0,-1.0,7,8,False
2017,Greece,Croatia,0.0,0.0,0.0,0.0,7,4,False
2017,Greece,Cyprus,12.0,12.0,0.0,0.0,7,7,True
2017,Greece,Denmark,0.0,0.0,0.0,0.0,7,3,False
2017,Greece,France,0.0,4.0,-4.0,0.0,7,1,False
2017,Greece,Hungary,0.0,0.0,0.0,0.0,7,3,False
2017,Greece,Israel,0.0,0.0,0.0,0.0,7,6,False
2017,Greece,Italy,4.0,7.0,-3.0,0.0,7,2,False
2017,Greece,Moldova,7.0,6.0,1.0,0.0,7,8,False
2017,Greece,Netherlands,0.0,0.0,0.0,0.0,7,1,False
2017,Greece,Norway,0.0,0.0,0.0,0.0,7,3,False
2017,Greece,Poland,0.0,0.0,0.0,0.0,7,6,False
2017,Greece,Portugal,5.0,8.0,-3.0,0.0,7,2,False
2017,Greece,Romania,6.0,1.0,5.0,0.0,7,8,False
2017,Greece,Spain,0.0,0.0,0.0,0.0,7,6,False
2017,Greece,Sweden,0.0,3.0,-3.0,0.0,7,3,False
2017,Greece,Ukraine,0.0,0.0,0.0,0.0,7,5,False
2017,Greece,United Kingdom,1.0,0.0,1.0,0.0,7,3,False
2017,Hungary,Armenia,2.0,0.0,2.0,0.0,3,8,False
2017,Hungary,Australia,7.0,0.0,7.0,0.0,3,2,False
2017,Hungary,Austria,0.0,0.0,0.0,0.0,3,1,False
2017,Hungary,Azerbaijan,4.0,0.0,4.0,0.0,3,8,False
2017,Hungary,Belarus,0.0,0.0,0.0,0.0,3,8,False
2017,Hungary,Belgium,0.0,8.0,-8.0,0.0,3,6,False
2017,Hungary,Bulgaria,10.0,12.0,-2.0,0.0,3,8,False
2017,Hungary,Croatia,0.0,5.0,-5.0,0.0,3,4,False
2017,Hungary,Cyprus,0.0,2.0,-2.0,0.0,3,7,False
2017,Hungary,Denmark,5.0,0.0,5.0,0.0,3,3,True
2017,Hungary,France,0.0,1.0,-1.0,0.0,3,1,False
2017,Hungary,Greece,0.0,0.0,0.0,0.0,3,7,False
2017,Hungary,Israel,0.0,0.0,0.0,0.0,3,6,False
2017,Hungary,Italy,0.0,4.0,-4.0,0.0,3,2,False
2017,Hungary,Moldova,0.0,10.0,-10.0,-1.0,3,8,False
2017,Hungary,Netherlands,8.0,0.0,8.0,0.0,3,1,False
2017,Hungary,Norway,6.0,0.0,6.0,0.0,3,3,True
2017,Hungary,Poland,0.0,0.0,0.0,0.0,3,6,False
2017,Hungary,Portugal,12.0,7.0,5.0,1.0,3,2,False
2017,Hungary,Romania,0.0,6.0,-6.0,0.0,3,8,False
2017,Hungary,Spain,0.0,0.0,0.0,0.0,3,6,False
2017,Hungary,Sweden,1.0,3.0,-2.0,0.0,3,3,True
2017,Hungary,Ukraine,0.0,0.0,0.0,0.0,3,5,False
2017,Hungary,United Kingdom,3.0,0.0,3.0,0.0,3,3,True
2017,Israel,Armenia,0.0,0.0,0.0,0.0,6,8,False
2017,Israel,Australia,0.0,0.0,0.0,0.0,6,2,False
2017,Israel,Austria,0.0,0.0,0.0,0.0,6,1,False
2017,Israel,Azerbaijan,0.0,0.0,0.0,0.0,6,8,False
2017,Israel,Belarus,1.0,2.0,-1.0,0.0,6,8,False
2017,Israel,Belgium,8.0,6.0,2.0,0.0,6,6,True
2017,Israel,Bulgaria,7.0,10.0,-3.0,-1.0,6,8,False
2017,Israel,Croatia,0.0,0.0,0.0,0.0,6,4,False
2017,Israel,Cyprus,0.0,0.0,0.0,0.0,6,7,False
2017,Israel,Denmark,0.0,0.0,0.0,0.0,6,3,False
2017,Israel,France,6.0,4.0,2.0,0.0,6,1,False
2017,Israel,Greece,0.0,0.0,0.0,0.0,6,7,False
2017,Israel,Hungary,0.0,1.0,-1.0,0.0,6,3,False
2017,Israel,Italy,2.0,8.0,-6.0,0.0,6,2,False
2017,Israel,Moldova,3.0,5.0,-2.0,0.0,6,8,False
2017,Israel,Netherlands,0.0,0.0,0.0,0.0,6,1,False
2017,Israel,Norway,5.0,0.0,5.0,0.0,6,3,False
2017,Israel,Poland,0.0,0.0,0.0,0.0,6,6,True
2017,Israel,Portugal,12.0,12.0,0.0,0.0,6,2,False
2017,Israel,Romania,0.0,7.0,-7.0,0.0,6,8,False
2017,Israel,Spain,0.0,0.0,0.0,0.0,6,6,True
2017,Israel,Sweden,10.0,3.0,7.0,1.0,6,3,False
2017,Israel,Ukraine,4.0,0.0,4.0,0.0,6,5,False
2017,Israel,United Kingdom,0.0,0.0,0.0,0.0,6,3,False
2017,Italy,Armenia,4.0,0.0,4.0,0.0,2,8,False
2017,Italy,Australia,0.0,0.0,0.0,0.0,2,2,True
2017,Italy,Austria,1.0,0.0,1.0,0.0,2,1,False
2017,Italy,Azerbaijan,12.0,0.0,12.0,1.0,2,8,False
2017,Italy,Belarus,0.0,0.0,0.0,0.0,2,8,False
2017,Italy,Belgium,7.0,2.0,5.0,0.0,2,6,False
2017,Italy,Bulgaria,2.0,8.0,-6.0,0.0,2,8,False
2017,Italy,Croatia,0.0,6.0,-6.0,0.0,2,4,False
2017,Italy,Cyprus,0.0,0.0,0.0,0.0,2,7,False
2017,Italy,Denmark,0.0,0.0,0.0,0.0,2,3,False
2017,Italy,France,6.0,1.0,5.0,0.0,2,1,False
2017,Italy,Greece,0.0,0.0,0.0,0.0,2,7,False
2017,Italy,Hungary,0.0,4.0,-4.0,0.0,2,3,False
2017,Italy,Israel,0.0,0.0,0.0,0.0,2,6,False
2017,Italy,Moldova,8.0,12.0,-4.0,-1.0,2,8,False
2017,Italy,Netherlands,0.0,0.0,0.0,0.0,2,1,False
2017,Italy,Norway,3.0,0.0,3.0,0.0,2,3,False
2017,Italy,Poland,0.0,3.0,-3.0,0.0,2,6,False
2017,Italy,Portugal,5.0,5.0,0.0,0.0,2,2,True
2017,Italy,Romania,0.0,10.0,-10.0,-1.0,2,8,False
2017,Italy,Spain,0.0,0.0,0.0,0.0,2,6,False
2017,Italy,Sweden,10.0,0.0,10.0,1.0,2,3,False
2017,Italy,Ukraine,0.0,7.0,-7.0,0.0,2,5,False
2017,Italy,United Kingdom,0.0,0.0,0.0,0.0,2,3,False
2017,Moldova,Armenia,6.0,0.0,6.0,0.0,8,8,True
2017,Moldova,Australia,4.0,0.0,4.0,0.0,8,2,False
2017,Moldova,Austria,2.0,0.0,2.0,0.0,8,1,False
2017,Moldova,Azerbaijan,5.0,10.0,-5.0,-1.0,8,8,True
2017,Moldova,Belarus,3.0,1.0,2.0,0.0,8,8,True
2017,Moldova,Belgium,0.0,2.0,-2.0,0.0,8,6,False
2017,Moldova,Bulgaria,10.0,8.0,2.0,1.0,8,8,True
2017,Moldova,Croatia,0.0,0.0,0.0,0.0,8,4,False
2017,Moldova,Cyprus,0.0,0.0,0.0,0.0,8,7,False
2017,Moldova,Denmark,0.0,0.0,0.0,0.0,8,3,False
2017,Moldova,France,0.0,5.0,-5.0,0.0,8,1,False
2017,Moldova,Greece,0.0,7.0,-7.0,0.0,8,7,False
2017,Moldova,Hungary,1.0,0.0,1.0,0.0,8,3,False
2017,Moldova,Israel,0.0,0.0,0.0,0.0,8,6,False
2017,Moldova,Italy,0.0,4.0,-4.0,0.0,8,2,False
2017,Moldova,Netherlands,0.0,0.0,0.0,0.0,8,1,False
2017,Moldova,Norway,0.0,0.0,0.0,0.0,8,3,False
2017,Moldova,Poland,0.0,0.0,0.0,0.0,8,6,False
2017,Moldova,Portugal,7.0,6.0,1.0,0.0,8,2,False
2017,Moldova,Romania,12.0,12.0,0.0,0.0,8,8,True
2017,Moldova,Spain,0.0,0.0,0.0,0.0,8,6,False
2017,Moldova,Sweden,8.0,3.0,5.0,0.0,8,3,False
2017,Moldova,Ukraine,0.0,0.0,0.0,0.0,8,5,False
2017,Moldova,United Kingdom,0.0,0.0,0.0,0.0,8,3,False
2017,Netherlands,Armenia,0.0,0.0,0.0,0.0,1,8,False
2017,Netherlands,Australia,4.0,0.0,4.0,0.0,1,2,False
2017,Netherlands,Austria,3.0,0.0,3.0,0.0,1,1,True
2017,Netherlands,Azerbaijan,0.0,0.0,0.0,0.0,1,8,False
2017,Netherlands,Belarus,0.0,0.0,0.0,0.0,1,8,False
2017,Netherlands,Belgium,2.0,10.0,-8.0,-1.0,1,6,False
2017,Netherlands,Bulgaria,10.0,8.0,2.0,1.0,1,8,False
2017,Netherlands,Croatia,0.0,3.0,-3.0,0.0,1,4,False
2017,Netherlands,Cyprus,0.0,0.0,0.0,0.0,1,7,False
2017,Netherlands,Denmark,8.0,0.0,8.0,0.0,1,3,False
2017,Netherlands,France,0.0,0.0,0.0,0.0,1,1,True
2017,Netherlands,Greece,0.0,0.0,0.0,0.0,1,7,False
2017,Netherlands,Hungary,0.0,6.0,-6.0,0.0,1,3,False
2017,Netherlands,Israel,0.0,0.0,0.0,0.0,1,6,False
2017,Netherlands,Italy,0.0,2.0,-2.0,0.0,1,2,False
2017,Netherlands,Moldova,0.0,5.0,-5.0,0.0,1,8,False
2017,Netherlands,Norway,7.0,0.0,7.0,0.0,1,3,False
2017,Netherlands,Poland,0.0,1.0,-1.0,0.0,1,6,False
2017,Netherlands,Portugal,12.0,12.0,0.0,0.0,1,2,False
2017,Netherlands,Romania,1.0,7.0,-6.0,0.0,1,8,False
2017,Netherlands,Spain,0.0,0.0,0.0,0.0,1,6,False
2017,Netherlands,Sweden,6.0,4.0,2.0,0.0,1,3,False
2017,Netherlands,Ukraine,0.0,0.0,0.0,0.0,1,5,False
2017,Netherlands,United Kingdom,5.0,0.0,5.0,0.0,1,3,False
2017,Norway,Armenia,0.0,0.0,0.0,0.0,3,8,False
2017,Norway,Australia,3.0,0.0,3.0,0.0,3,2,False
2017,Norway,Austria,0.0,0.0,0.0,0.0,3,1,False
2017,Norway,Azerbaijan,0.0,0.0,0.0,0.0,3,8,False
2017,Norway,Belarus,0.0,0.0,0.0,0.0,3,8,False
2017,Norway,Belgium,0.0,7.0,-7.0,0.0,3,6,False
2017,Norway,Bulgaria,12.0,8.0,4.0,1.0,3,8,False
2017,Norway,Croatia,0.0,1.0,-1.0,0.0,3,4,False
2017,Norway,Cyprus,0.0,0.0,0.0,0.0,3,7,False
2017,Norway,Denmark,8.0,0.0,8.0,0.0,3,3,True
2017,Norway,France,0.0,0.0,0.0,0.0,3,1,False
2017,Norway,Greece,0.0,0.0,0.0,0.0,3,7,False
2017,Norway,Hungary,0.0,4.0,-4.0,0.0,3,3,True
2017,Norway,Israel,5.0,0.0,5.0,0.0,3,6,False
2017,Norway,Italy,7.0,2.0,5.0,0.0,3,2,False
2017,Norway,Moldova,2.0,6.0,-4.0,0.0,3,8,False
2017,Norway,Netherlands,4.0,0.0,4.0,0.0,3,1,False
2017,Norway,Poland,0.0,3.0,-3.0,0.0,3,6,False
2017,Norway,Portugal,10.0,12.0,-2.0,0.0,3,2,False
2017,Norway,Romania,0.0,10.0,-10.0,-1.0,3,8,False
2017,Norway,Spain,0.0,0.0,0.0,0.0,3,6,False
2017,Norway,Sweden,6.0,5.0,1.0,0.0,3,3,True
2017,Norway,Ukraine,0.0,0.0,0.0,0.0,3,5,False
2017,Norway,United Kingdom,1.0,0.0,1.0,0.0,3,3,True
2017,Poland,Armenia,2.0,0.0,2.0,0.0,6,8,False
2017,Poland,Australia,7.0,0.0,7.0,0.0,6,2,False
2017,Poland,Austria,0.0,0.0,0.0,0.0,6,1,False
2017,Poland,Azerbaijan,1.0,0.0,1.0,0.0,6,8,False
2017,Poland,Belarus,0.0,4.0,-4.0,0.0,6,8,False
2017,Poland,Belgium,10.0,12.0,-2.0,0.0,6,6,True
2017,Poland,Bulgaria,6.0,8.0,-2.0,0.0,6,8,False
2017,Poland,Croatia,0.0,1.0,-1.0,0.0,6,4,False
2017,Poland,Cyprus,0.0,0.0,0.0,0.0,6,7,False
2017,Poland,Denmark,0.0,0.0,0.0,0.0,6,3,False
2017,Poland,France,0.0,0.0,0.0,0.0,6,1,False
2017,Poland,Greece,0.0,0.0,0.0,0.0,6,7,False
2017,Poland,Hungary,0.0,5.0,-5.0,0.0,6,3,False
2017,Poland,Israel,0.0,0.0,0.0,0.0,6,6,True
2017,Poland,Italy,0.0,0.0,0.0,0.0,6,2,False
2017,Poland,Moldova,0.0,6.0,-6.0,0.0,6,8,False
2017,Poland,Netherlands,8.0,0.0,8.0,0.0,6,1,False
2017,Poland,Norway,3.0,0.0,3.0,0.0,6,3,False
2017,Poland,Portugal,12.0,10.0,2.0,0.0,6,2,False
2017,Poland,Romania,0.0,7.0,-7.0,0.0,6,8,False
2017,Poland,Spain,0.0,0.0,0.0,0.0,6,6,True
2017,Poland,Sweden,4.0,3.0,1.0,0.0,6,3,False
2017,Poland,Ukraine,0.0,2.0,-2.0,0.0,6,5,False
2017,Poland,United Kingdom,5.0,0.0,5.0,0.0,6,3,False
2017,Portugal,Armenia,0.0,0.0,0.0,0.0,2,8,False
2017,Portugal,Australia,5.0,0.0,5.0,0.0,2,2,True
2017,Portugal,Austria,10.0,0.0,10.0,1.0,2,1,False
2017,Portugal,Azerbaijan,12.0,0.0,12.0,1.0,2,8,False
2017,Portugal,Belarus,0.0,0.0,0.0,0.0,2,8,False
2017,Portugal,Belgium,8.0,10.0,-2.0,-1.0,2,6,False
2017,Portugal,Bulgaria,0.0,8.0,-8.0,0.0,2,8,False
2017,Portugal,Croatia,0.0,0.0,0.0,0.0,2,4,False
2017,Portugal,Cyprus,1.0,0.0,1.0,0.0,2,7,False
2017,Portugal,Denmark,0.0,0.0,0.0,0.0,2,3,False
2017,Portugal,France,4.0,6.0,-2.0,0.0,2,1,False
2017,Portugal,Greece,0.0,0.0,0.0,0.0,2,7,False
2017,Portugal,Hungary,0.0,2.0,-2.0,0.0,2,3,False
2017,Portugal,Israel,0.0,0.0,0.0,0.0,2,6,False
2017,Portugal,Italy,0.0,4.0,-4.0,0.0,2,2,True
2017,Portugal,Moldova,6.0,12.0,-6.0,-1.0,2,8,False
2017,Portugal,Netherlands,3.0,0.0,3.0,0.0,2,1,False
2017,Portugal,Norway,2.0,0.0,2.0,0.0,2,3,False
2017,Portugal,Poland,0.0,0.0,0.0,0.0,2,6,False
2017,Portugal,Romania,0.0,7.0,-7.0,0.0,2,8,False
2017,Portugal,Spain,0.0,5.0,-5.0,0.0,2,6,False
2017,Portugal,Sweden,7.0,1.0,6.0,0.0,2,3,False
2017,Portugal,Ukraine,0.0,3.0,-3.0,0.0,2,5,False
2017,Portugal,United Kingdom,0.0,0.0,0.0,0.0,2,3,False
2017,Romania,Armenia,0.0,0.0,0.0,0.0,8,8,True
2017,Romania,Australia,4.0,0.0,4.0,0.0,8,2,False
2017,Romania,Austria,1.0,0.0,1.0,0.0,8,1,False
2017,Romania,Azerbaijan,0.0,0.0,0.0,0.0,8,8,True
2017,Romania,Belarus,0.0,0.0,0.0,0.0,8,8,True
2017,Romania,Belgium,0.0,5.0,-5.0,0.0,8,6,False
2017,Romania,Bulgaria,10.0,8.0,2.0,1.0,8,8,True
2017,Romania,Croatia,3.0,3.0,0.0,0.0,8,4,False
2017,Romania,Cyprus,0.0,0.0,0.0,0.0,8,7,False
2017,Romania,Denmark,5.0,0.0,5.0,0.0,8,3,False
2017,Romania,France,0.0,4.0,-4.0,0.0,8,1,False
2017,Romania,Greece,0.0,1.0,-1.0,0.0,8,7,False
2017,Romania,Hungary,0.0,10.0,-10.0,-1.0,8,3,False
2017,Romania,Israel,2.0,0.0,2.0,0.0,8,6,False
2017,Romania,Italy,0.0,6.0,-6.0,0.0,8,2,False
2017,Romania,Moldova,8.0,12.0,-4.0,-1.0,8,8,True
2017,Romania,Netherlands,12.0,0.0,12.0,1.0,8,1,False
2017,Romania,Norway,0.0,0.0,0.0,0.0,8,3,False
2017,Romania,Poland,0.0,0.0,0.0,0.0,8,6,False
2017,Romania,Portugal,6.0,7.0,-1.0,0.0,8,2,False
2017,Romania,Spain,0.0,0.0,0.0,0.0,8,6,False
2017,Romania,Sweden,7.0,2.0,5.0,0.0,8,3,False
2017,Romania,Ukraine,0.0,0.0,0.0,0.0,8,5,False
2017,Romania,United Kingdom,0.0,0.0,0.0,0.0,8,3,False
2017,Spain,Armenia,0.0,0.0,0.0,0.0,6,8,False
2017,Spain,Australia,8.0,0.0,8.0,0.0,6,2,False
2017,Spain,Austria,3.0,0.0,3.0,0.0,6,1,False
2017,Spain,Azerbaijan,0.0,0.0,0.0,0.0,6,8,False
2017,Spain,Belarus,0.0,0.0,0.0,0.0,6,8,False
2017,Spain,Belgium,4.0,4.0,0.0,0.0,6,6,True
2017,Spain,Bulgaria,6.0,10.0,-4.0,-1.0,6,8,False
2017,Spain,Croatia,0.0,0.0,0.0,0.0,6,4,False
2017,Spain,Cyprus,0.0,0.0,0.0,0.0,6,7,False
2017,Spain,Denmark,0.0,0.0,0.0,0.0,6,3,False
2017,Spain,France,0.0,3.0,-3.0,0.0,6,1,False
2017,Spain,Greece,2.0,0.0,2.0,0.0,6,7,False
2017,Spain,Hungary,0.0,0.0,0.0,0.0,6,3,False
2017,Spain,Israel,0.0,0.0,0.0,0.0,6,6,True
2017,Spain,Italy,10.0,8.0,2.0,1.0,6,2,False
2017,Spain,Moldova,7.0,6.0,1.0,0.0,6,8,False
2017,Spain,Netherlands,1.0,2.0,-1.0,0.0,6,1,False
2017,Spain,Norway,0.0,0.0,0.0,0.0,6,3,False
2017,Spain,Poland,0.0,0.0,0.0,0.0,6,6,True
2017,Spain,Portugal,12.0,12.0,0.0,0.0,6,2,False
2017,Spain,Romania,0.0,7.0,-7.0,0.0,6,8,False
2017,Spain,Sweden,5.0,5.0,0.0,0.0,6,3,False
2017,Spain,Ukraine,0.0,0.0,0.0,0.0,6,5,False
2017,Spain,United Kingdom,0.0,1.0,-1.0,0.0,6,3,False
2017,Sweden,Armenia,0.0,0.0,0.0,0.0,3,8,False
2017,Sweden,Australia,10.0,0.0,10.0,1.0,3,2,False
2017,Sweden,Austria,4.0,0.0,4.0,0.0,3,1,False
2017,Sweden,Azerbaijan,0.0,0.0,0.0,0.0,3,8,False
2017,Sweden,Belarus,0.0,0.0,0.0,0.0,3,8,False
2017,Sweden,Belgium,1.0,12.0,-11.0,-1.0,3,6,False
2017,Sweden,Bulgaria,7.0,7.0,0.0,0.0,3,8,False
2017,Sweden,Croatia,0.0,2.0,-2.0,0.0,3,4,False
2017,Sweden,Cyprus,2.0,0.0,2.0,0.0,3,7,False
2017,Sweden,Denmark,5.0,0.0,5.0,0.0,3,3,True
2017,Sweden,France,0.0,0.0,0.0,0.0,3,1,False
2017,Sweden,Greece,0.0,0.0,0.0,0.0,3,7,False
2017,Sweden,Hungary,0.0,4.0,-4.0,0.0,3,3,True
2017,Sweden,Israel,0.0,0.0,0.0,0.0,3,6,False
2017,Sweden,Italy,6.0,1.0,5.0,0.0,3,2,False
2017,Sweden,Moldova,8.0,8.0,0.0,0.0,3,8,False
2017,Sweden,Netherlands,3.0,0.0,3.0,0.0,3,1,False
2017,Sweden,Norway,0.0,6.0,-6.0,0.0,3,3,True
2017,Sweden,Poland,0.0,5.0,-5.0,0.0,3,6,False
2017,Sweden,Portugal,12.0,10.0,2.0,0.0,3,2,False
2017,Sweden,Romania,0.0,3.0,-3.0,0.0,3,8,False
2017,Sweden,Spain,0.0,0.0,0.0,0.0,3,6,False
2017,Sweden,Ukraine,0.0,0.0,0.0,0.0,3,5,False
2017,Sweden,United Kingdom,0.0,0.0,0.0,0.0,3,3,True
2017,Ukraine,Armenia,0.0,0.0,0.0,0.0,5,8,False
2017,Ukraine,Australia,2.0,0.0,2.0,0.0,5,2,False
2017,Ukraine,Austria,0.0,0.0,0.0,0.0,5,1,False
2017,Ukraine,Azerbaijan,6.0,0.0,6.0,0.0,5,8,False
2017,Ukraine,Belarus,12.0,8.0,4.0,1.0,5,8,False
2017,Ukraine,Belgium,1.0,5.0,-4.0,0.0,5,6,False
2017,Ukraine,Bulgaria,0.0,2.0,-2.0,0.0,5,8,False
2017,Ukraine,Croatia,7.0,0.0,7.0,0.0,5,4,False
2017,Ukraine,Cyprus,0.0,0.0,0.0,0.0,5,7,False
2017,Ukraine,Denmark,0.0,0.0,0.0,0.0,5,3,False
2017,Ukraine,France,5.0,6.0,-1.0,0.0,5,1,False
2017,Ukraine,Greece,0.0,0.0,0.0,0.0,5,7,False
2017,Ukraine,Hungary,8.0,4.0,4.0,0.0,5,3,False
2017,Ukraine,Israel,0.0,0.0,0.0,0.0,5,6,False
2017,Ukraine,Italy,0.0,0.0,0.0,0.0,5,2,False
2017,Ukraine,Moldova,4.0,12.0,-8.0,-1.0,5,8,False
2017,Ukraine,Netherlands,3.0,0.0,3.0,0.0,5,1,False
2017,Ukraine,Norway,0.0,1.0,-1.0,0.0,5,3,False
2017,Ukraine,Poland,0.0,0.0,0.0,0.0,5,6,False
2017,Ukraine,Portugal,10.0,10.0,0.0,0.0,5,2,False
2017,Ukraine,Romania,0.0,3.0,-3.0,0.0,5,8,False
2017,Ukraine,Spain,0.0,0.0,0.0,0.0,5,6,False
2017,Ukraine,Sweden,0.0,7.0,-7.0,0.0,5,3,False
2017,Ukraine,United Kingdom,0.0,0.0,0.0,0.0,5,3,False
2017,United Kingdom,Armenia,0.0,0.0,0.0,0.0,3,8,False
2017,United Kingdom,Australia,10.0,0.0,10.0,1.0,3,2,False
2017,United Kingdom,Austria,3.0,0.0,3.0,0.0,3,1,False
2017,United Kingdom,Azerbaijan,0.0,0.0,0.0,0.0,3,8,False
2017,United Kingdom,Belarus,1.0,0.0,1.0,0.0,3,8,False
2017,United Kingdom,Belgium,5.0,3.0,2.0,0.0,3,6,False
2017,United Kingdom,Bulgaria,7.0,12.0,-5.0,-1.0,3,8,False
2017,United Kingdom,Croatia,0.0,5.0,-5.0,0.0,3,4,False
2017,United Kingdom,Cyprus,0.0,0.0,0.0,0.0,3,7,False
2017,United Kingdom,Denmark,2.0,0.0,2.0,0.0,3,3,True
2017,United Kingdom,France,0.0,0.0,0.0,0.0,3,1,False
2017,United Kingdom,Greece,0.0,0.0,0.0,0.0,3,7,False
2017,United Kingdom,Hungary,0.0,1.0,-1.0,0.0,3,3,True
2017,United Kingdom,Israel,0.0,0.0,0.0,0.0,3,6,False
2017,United Kingdom,Italy,0.0,2.0,-2.0,0.0,3,2,False
2017,United Kingdom,Moldova,6.0,6.0,0.0,0.0,3,8,False
2017,United Kingdom,Netherlands,4.0,0.0,4.0,0.0,3,1,False
2017,United Kingdom,Norway,0.0,0.0,0.0,0.0,3,3,True
2017,United Kingdom,Poland,0.0,10.0,-10.0,-1.0,3,6,False
2017,United Kingdom,Portugal,12.0,8.0,4.0,1.0,3,2,False
2017,United Kingdom,Romania,0.0,7.0,-7.0,0.0,3,8,False
2017,United Kingdom,Spain,0.0,0.0,0.0,0.0,3,6,False
2017,United Kingdom,Sweden,8.0,4.0,4.0,0.0,3,3,True
2017,United Kingdom,Ukraine,0.0,0.0,0.0,0.0,3,5,False
2018,Albania,Australia,0.0,0.0,0.0,0.0,7,2,False
2018,Albania,Austria,0.0,2.0,-2.0,0.0,7,1,False
2018,Albania,Bulgaria,8.0,6.0,2.0,0.0,7,8,False
2018,Albania,Cyprus,10.0,10.0,0.0,0.0,7,7,True
2018,Albania,Denmark,0.0,0.0,0.0,0.0,7,3,False
2018,Albania,Estonia,0.0,4.0,-4.0,0.0,7,3,False
2018,Albania,Finland,0.0,0.0,0.0,0.0,7,3,False
2018,Albania,France,7.0,5.0,2.0,0.0,7,1,False
2018,Albania,Germany,6.0,8.0,-2.0,0.0,7,1,False
2018,Albania,Hungary,0.0,0.0,0.0,0.0,7,3,False
2018,Albania,Ireland,0.0,7.0,-7.0,0.0,7,3,False
2018,Albania,Israel,5.0,1.0,4.0,0.0,7,6,False
2018,Albania,Italy,12.0,12.0,0.0,0.0,7,2,False
2018,Albania,Lithuania,0.0,0.0,0.0,0.0,7,5,False
2018,Albania,Moldova,2.0,0.0,2.0,0.0,7,8,False
2018,Albania,Netherlands,0.0,0.0,0.0,0.0,7,1,False
2018,Albania,Norway,0.0,0.0,0.0,0.0,7,3,False
2018,Albania,Portugal,0.0,0.0,0.0,0.0,7,2,False
2018,Albania,Serbia,3.0,0.0,3.0,0.0,7,4,False
2018,Albania,Slovenia,0.0,0.0,0.0,0.0,7,4,False
2018,Albania,Spain,0.0,0.0,0.0,0.0,7,6,False
2018,Albania,Sweden,4.0,0.0,4.0,0.0,7,3,False
2018,Albania,Ukraine,0.0,0.0,0.0,0.0,7,5,False
2018,Albania,United Kingdom,0.0,3.0,-3.0,0.0,7,3,False
2018,Australia,Albania,0.0,0.0,0.0,0.0,2,7,False
2018,Australia,Austria,5.0,0.0,5.0,0.0,2,1,False
2018,Australia,Bulgaria,0.0,0.0,0.0,0.0,2,8,False
2018,Australia,Cyprus,0.0,7.0,-7.0,0.0,2,7,False
2018,Australia,Denmark,0.0,10.0,-10.0,-1.0,2,3,False
2018,Australia,Estonia,8.0,0.0,8.0,0.0,2,3,False
2018,Australia,Finland,0.0,4.0,-4.0,0.0,2,3,False
2018,Australia,France,0.0,0.0,0.0,0.0,2,1,False
2018,Australia,Germany,10.0,2.0,8.0,1.0,2,1,False
2018,Australia,Hungary,0.0,0.0,0.0,0.0,2,3,False
2018,Australia,Ireland,4.0,8.0,-4.0,0.0,2,3,False
2018,Australia,Israel,6.0,12.0,-6.0,-1.0,2,6,False
2018,Australia,Italy,0.0,0.0,0.0,0.0,2,2,True
2018,Australia,Lithuania,3.0,0.0,3.0,0.0,2,5,False
2018,Australia,Moldova,2.0,5.0,-3.0,0.0,2,8,False
2018,Australia,Netherlands,0.0,0.0,0.0,0.0,2,1,False
2018,Australia,Norway,0.0,1.0,-1.0,0.0,2,3,False
2018,Australia,Portugal,0.0,0.0,0.0,0.0,2,2,True
2018,Australia,Serbia,0.0,0.0,0.0,0.0,2,4,False
2018,Australia,Slovenia,0.0,0.0,0.0,0.0,2,4,False
2018,Australia,Spain,7.0,0.0,7.0,0.0,2,6,False
2018,Australia,Sweden,12.0,0.0,12.0,1.0,2,3,False
2018,Australia,Ukraine,0.0,0.0,0.0,0.0,2,5,False
2018,Australia,United Kingdom,0.0,6.0,-6.0,0.0,2,3,False
2018,Austria,Albania,7.0,2.0,5.0,0.0,1,7,False
2018,Austria,Australia,0.0,0.0,0.0,0.0,1,2,False
2018,Austria,Bulgaria,6.0,0.0,6.0,0.0,1,8,False
2018,Austria,Cyprus,0.0,1.0,-1.0,0.0,1,7,False
2018,Austria,Denmark,0.0,5.0,-5.0,0.0,1,3,False
2018,Austria,Estonia,2.0,0.0,2.0,0.0,1,3,False
2018,Austria,Finland,0.0,0.0,0.0,0.0,1,3,False
2018,Austria,France,0.0,0.0,0.0,0.0,1,1,True
2018,Austria,Germany,10.0,6.0,4.0,1.0,1,1,True
2018,Austria,Hungary,0.0,3.0,-3.0,0.0,1,3,False
2018,Austria,Ireland,4.0,4.0,0.0,0.0,1,3,False
2018,Austria,Israel,12.0,7.0,5.0,1.0,1,6,False
2018,Austria,Italy,0.0,10.0,-10.0,-1.0,1,2,False
2018,Austria,Lithuania,0.0,0.0,0.0,0.0,1,5,False
2018,Austria,Moldova,0.0,0.0,0.0,0.0,1,8,False
2018,Austria,Netherlands,1.0,0.0,1.0,0.0,1,1,True
2018,Austria,Norway,0.0,0.0,0.0,0.0,1,3,False
2018,Austria,Portugal,0.0,0.0,0.0,0.0,1,2,False
2018,Austria,Serbia,0.0,8.0,-8.0,0.0,1,4,False
2018,Austria,Slovenia,5.0,0.0,5.0,0.0,1,4,False
2018,Austria,Spain,0.0,0.0,0.0,0.0,1,6,False
2018,Austria,Sweden,8.0,0.0,8.0,0.0,1,3,False
2018,Austria,Ukraine,0.0,0.0,0.0,0.0,1,5,False
2018,Austria,United Kingdom,0.0,0.0,0.0,0.0,1,3,False
2018,Bulgaria,Albania,7.0,0.0,7.0,0.0,8,7,False
2018,Bulgaria,Australia,0.0,0.0,0.0,0.0,8,2,False
2018,Bulgaria,Austria,12.0,4.0,8.0,1.0,8,1,False
2018,Bulgaria,Cyprus,3.0,12.0,-9.0,-1.0,8,7,False
2018,Bulgaria,Denmark,0.0,0.0,0.0,0.0,8,3,False
2018,Bulgaria,Estonia,0.0,2.0,-2.0,0.0,8,3,False
2018,Bulgaria,Finland,0.0,0.0,0.0,0.0,8,3,False
2018,Bulgaria,France,5.0,0.0,5.0,0.0,8,1,False
2018,Bulgaria,Germany,6.0,0.0,6.0,0.0,8,1,False
2018,Bulgaria,Hungary,0.0,5.0,-5.0,0.0,8,3,False
2018,Bulgaria,Ireland,1.0,0.0,1.0,0.0,8,3,False
2018,Bulgaria,Israel,4.0,10.0,-6.0,-1.0,8,6,False
2018,Bulgaria,Italy,0.0,6.0,-6.0,0.0,8,2,False
2018,Bulgaria,Lithuania,10.0,0.0,10.0,1.0,8,5,False
2018,Bulgaria,Moldova,0.0,8.0,-8.0,0.0,8,8,True
2018,Bulgaria,Netherlands,0.0,0.0,0.0,0.0,8,1,False
2018,Bulgaria,Norway,0.0,0.0,0.0,0.0,8,3,False
2018,Bulgaria,Portugal,0.0,0.0,0.0,0.0,8,2,False
2018,Bulgaria,Serbia,0.0,7.0,-7.0,0.0,8,4,False
2018,Bulgaria,Slovenia,0.0,0.0,0.0,0.0,8,4,False
2018,Bulgaria,Spain,0.0,0.0,0.0,0.0,8,6,False
2018,Bulgaria,Sweden,2.0,0.0,2.0,0.0,8,3,False
2018,Bulgaria,Ukraine,0.0,1.0,-1.0,0.0,8,5,False
2018,Bulgaria,United Kingdom,0.0,0.0,0.0,0.0,8,3,False
2018,Cyprus,Albania,6.0,0.0,6.0,0.0,7,7,True
2018,Cyprus,Australia,0.0,0.0,0.0,0.0,7,2,False
2018,Cyprus,Austria,2.0,0.0,2.0,0.0,7,1,False
2018,Cyprus,Bulgaria,0.0,12.0,-12.0,-1.0,7,8,False
2018,Cyprus,Denmark,0.0,0.0,0.0,0.0,7,3,False
2018,Cyprus,Estonia,1.0,4.0,-3.0,0.0,7,3,False
2018,Cyprus,Finland,0.0,0.0,0.0,0.0,7,3,False
2018,Cyprus,France,3.0,1.0,2.0,0.0,7,1,False
2018,Cyprus,Germany,0.0,3.0,-3.0,0.0,7,1,False
2018,Cyprus,Hungary,4.0,0.0,4.0,0.0,7,3,False
2018,Cyprus,Ireland,0.0,0.0,0.0,0.0,7,3,False
2018,Cyprus,Israel,0.0,10.0,-10.0,-1.0,7,6,False
2018,Cyprus,Italy,8.0,7.0,1.0,0.0,7,2,False
2018,Cyprus,Lithuania,0.0,6.0,-6.0,0.0,7,5,False
2018,Cyprus,Moldova,10.0,0.0,10.0,1.0,7,8,False
2018,Cyprus,Netherlands,0.0,0.0,0.0,0.0,7,1,False
2018,Cyprus,Norway,0.0,5.0,-5.0,0.0,7,3,False
2018,Cyprus,Portugal,0.0,0.0,0.0,0.0,7,2,False
2018,Cyprus,Serbia,0.0,0.0,0.0,0.0,7,4,False
2018,Cyprus,Slovenia,0.0,0.0,0.0,0.0,7,4,False
2018,Cyprus,Spain,7.0,0.0,7.0,0.0,7,6,False
2018,Cyprus,Sweden,12.0,0.0,12.0,1.0,7,3,False
2018,Cyprus,Ukraine,0.0,2.0,-2.0,0.0,7,5,False
2018,Cyprus,United Kingdom,0.0,0.0,0.0,0.0,7,3,False
2018,Denmark,Albania,0.0,0.0,0.0,0.0,3,7,False
2018,Denmark,Australia,10.0,2.0,8.0,1.0,3,2,False
2018,Denmark,Austria,8.0,10.0,-2.0,-1.0,3,1,False
2018,Denmark,Bulgaria,1.0,0.0,1.0,0.0,3,8,False
2018,Denmark,Cyprus,5.0,1.0,4.0,0.0,3,7,False
2018,Denmark,Estonia,7.0,0.0,7.0,0.0,3,3,True
2018,Denmark,Finland,0.0,0.0,0.0,0.0,3,3,True
2018,Denmark,France,2.0,0.0,2.0,0.0,3,1,False
2018,Denmark,Germany,12.0,12.0,0.0,0.0,3,1,False
2018,Denmark,Hungary,0.0,0.0,0.0,0.0,3,3,True
2018,Denmark,Ireland,0.0,4.0,-4.0,0.0,3,3,True
2018,Denmark,Israel,3.0,0.0,3.0,0.0,3,6,False
2018,Denmark,Italy,0.0,0.0,0.0,0.0,3,2,False
2018,Denmark,Lithuania,0.0,0.0,0.0,0.0,3,5,False
2018,Denmark,Moldova,0.0,0.0,0.0,0.0,3,8,False
2018,Denmark,Netherlands,0.0,5.0,-5.0,0.0,3,1,False
2018,Denmark,Norway,0.0,8.0,-8.0,0.0,3,3,True
2018,Denmark,Portugal,0.0,0.0,0.0,0.0,3,2,False
2018,Denmark,Serbia,0.0,0.0,0.0,0.0,3,4,False
2018,Denmark,Slovenia,0.0,0.0,0.0,0.0,3,4,False
2018,Denmark,Spain,6.0,0.0,6.0,0.0,3,6,False
2018,Denmark,Sweden,4.0,7.0,-3.0,0.0,3,3,True
2018,Denmark,Ukraine,0.0,0.0,0.0,0.0,3,5,False
2018,Denmark,United Kingdom,0.0,3.0,-3.0,0.0,3,3,True
2018,Estonia,Albania,0.0,0.0,0.0,0.0,3,7,False
2018,Estonia,Australia,0.0,0.0,0.0,0.0,3,2,False
2018,Estonia,Austria,12.0,6.0,6.0,1.0,3,1,False
2018,Estonia,Bulgaria,7.0,0.0,7.0,0.0,3,8,False
2018,Estonia,Cyprus,8.0,4.0,4.0,0.0,3,7,False
2018,Estonia,Denmark,0.0,8.0,-8.0,0.0,3,3,True
2018,Estonia,Finland,2.0,10.0,-8.0,-1.0,3,3,True
2018,Estonia,France,0.0,0.0,0.0,0.0,3,1,False
2018,Estonia,Germany,6.0,0.0,6.0,0.0,3,1,False
2018,Estonia,Hungary,0.0,3.0,-3.0,0.0,3,3,True
2018,Estonia,Ireland,0.0,0.0,0.0,0.0,3,3,True
2018,Estonia,Israel,0.0,0.0,0.0,0.0,3,6,False
2018,Estonia,Italy,0.0,7.0,-7.0,0.0,3,2,False
2018,Estonia,Lithuania,10.0,12.0,-2.0,0.0,3,5,False
2018,Estonia,Moldova,0.0,1.0,-1.0,0.0,3,8,False
2018,Estonia,Netherlands,1.0,0.0,1.0,0.0,3,1,False
2018,Estonia,Norway,4.0,2.0,2.0,0.0,3,3,True
2018,Estonia,Portugal,3.0,0.0,3.0,0.0,3,2,False
2018,Estonia,Serbia,0.0,0.0,0.0,0.0,3,4,False
2018,Estonia,Slovenia,0.0,0.0,0.0,0.0,3,4,False
2018,Estonia,Spain,0.0,0.0,0.0,0.0,3,6,False
2018,Estonia,Sweden,5.0,0.0,5.0,0.0,3,3,True
2018,Estonia,Ukraine,0.0,0.0,0.0,0.0,3,5,False
2018,Estonia,United Kingdom,0.0,0.0,0.0,0.0,3,3,True
2018,Finland,Albania,0.0,0.0,0.0,0.0,3,7,False
2018,Finland,Australia,0.0,0.0,0.0,0.0,3,2,False
2018,Finland,Austria,7.0,3.0,4.0,0.0,3,1,False
2018,Finland,Bulgaria,10.0,0.0,10.0,1.0,3,8,False
2018,Finland,Cyprus,6.0,1.0,5.0,0.0,3,7,False
2018,Finland,Denmark,3.0,10.0,-7.0,-1.0,3,3,True
2018,Finland,Estonia,0.0,12.0,-12.0,-1.0,3,3,True
2018,Finland,France,5.0,4.0,1.0,0.0,3,1,False
2018,Finland,Germany,1.0,0.0,1.0,0.0,3,1,False
2018,Finland,Hungary,0.0,8.0,-8.0,0.0,3,3,True
2018,Finland,Ireland,2.0,0.0,2.0,0.0,3,3,True
2018,Finland,Israel,12.0,7.0,5.0,1.0,3,6,False
2018,Finland,Italy,4.0,6.0,-2.0,0.0,3,2,False
2018,Finland,Lithuania,0.0,0.0,0.0,0.0,3,5,False
2018,Finland,Moldova,0.0,0.0,0.0,0.0,3,8,False
2018,Finland,Netherlands,0.0,2.0,-2.0,0.0,3,1,False
2018,Finland,Norway,0.0,0.0,0.0,0.0,3,3,True
2018,Finland,Portugal,0.0,0.0,0.0,0.0,3,2,False
2018,Finland,Serbia,0.0,0.0,0.0,0.0,3,4,False
2018,Finland,Slovenia,0.0,0.0,0.0,0.0,3,4,False
2018,Finland,Spain,0.0,0.0,0.0,0.0,3,6,False
2018,Finland,Sweden,8.0,0.0,8.0,0.0,3,3,True
2018,Finland,Ukraine,0.0,0.0,0.0,0.0,3,5,False
2018,Finland,United Kingdom,0.0,0.0,0.0,0.0,3,3,True
2018,France,Albania,0.0,0.0,0.0,0.0,1,7,False
2018,France,Australia,10.0,0.0,10.0,1.0,1,2,False
2018,France,Austria,7.0,0.0,7.0,0.0,1,1,True
2018,France,Bulgaria,0.0,0.0,0.0,0.0,1,8,False
2018,France,Cyprus,0.0,3.0,-3.0,0.0,1,7,False
2018,France,Denmark,0.0,2.0,-2.0,0.0,1,3,False
2018,France,Estonia,0.0,7.0,-7.0,0.0,1,3,False
2018,France,Finland,0.0,0.0,0.0,0.0,1,3,False
2018,France,Germany,8.0,0.0,8.0,0.0,1,1,True
2018,France,Hungary,0.0,0.0,0.0,0.0,1,3,False
2018,France,Ireland,1.0,0.0,1.0,0.0,1,3,False
2018,France,Israel,12.0,12.0,0.0,0.0,1,6,False
2018,France,Italy,0.0,10.0,-10.0,-1.0,1,2,False
2018,France,Lithuania,0.0,0.0,0.0,0.0,1,5,False
2018,France,Moldova,0.0,6.0,-6.0,0.0,1,8,False
2018,France,Netherlands,6.0,0.0,6.0,0.0,1,1,True
2018,France,Norway,0.0,0.0,0.0,0.0,1,3,False
2018,France,Portugal,0.0,8.0,-8.0,0.0,1,2,False
2018,France,Serbia,0.0,1.0,-1.0,0.0,1,4,False
2018,France,Slovenia,2.0,0.0,2.0,0.0,1,4,False
2018,France,Spain,0.0,5.0,-5.0,0.0,1,6,False
2018,France,Sweden,5.0,0.0,5.0,0.0,1,3,False
2018,France,Ukraine,0.0,4.0,-4.0,0.0,1,5,False
2018,France,United Kingdom,3.0,0.0,3.0,0.0,1,3,False
2018,Germany,Albania,0.0,0.0,0.0,0.0,1,7,False
2018,Germany,Australia,7.0,0.0,7.0,0.0,1,2,False
2018,Germany,Austria,10.0,5.0,5.0,1.0,1,1,True
2018,Germany,Bulgaria,0.0,0.0,0.0,0.0,1,8,False
2018,Germany,Cyprus,3.0,6.0,-3.0,0.0,1,7,False
2018,Germany,Denmark,0.0,3.0,-3.0,0.0,1,3,False
2018,Germany,Estonia,2.0,0.0,2.0,0.0,1,3,False
2018,Germany,Finland,0.0,0.0,0.0,0.0,1,3,False
2018,Germany,France,0.0,0.0,0.0,0.0,1,1,True
2018,Germany,Hungary,0.0,2.0,-2.0,0.0,1,3,False
2018,Germany,Ireland,8.0,7.0,1.0,0.0,1,3,False
2018,Germany,Israel,1.0,10.0,-9.0,-1.0,1,6,False
2018,Germany,Italy,0.0,12.0,-12.0,-1.0,1,2,False
2018,Germany,Lithuania,4.0,4.0,0.0,0.0,1,5,False
2018,Germany,Moldova,0.0,0.0,0.0,0.0,1,8,False
2018,Germany,Netherlands,5.0,0.0,5.0,0.0,1,1,True
2018,Germany,Norway,0.0,0.0,0.0,0.0,1,3,False
2018,Germany,Portugal,0.0,0.0,0.0,0.0,1,2,False
2018,Germany,Serbia,0.0,0.0,0.0,0.0,1,4,False
2018,Germany,Slovenia,0.0,0.0,0.0,0.0,1,4,False
2018,Germany,Spain,6.0,0.0,6.0,0.0,1,6,False
2018,Germany,Sweden,12.0,0.0,12.0,1.0,1,3,False
2018,Germany,Ukraine,0.0,0.0,0.0,0.0,1,5,False
2018,Germany,United Kingdom,0.0,1.0,-1.0,0.0,1,3,False
2018,Hungary,Albania,10.0,0.0,10.0,1.0,3,7,False
2018,Hungary,Australia,7.0,0.0,7.0,0.0,3,2,False
2018,Hungary,Austria,8.0,3.0,5.0,0.0,3,1,False
2018,Hungary,Bulgaria,0.0,0.0,0.0,0.0,3,8,False
2018,Hungary,Cyprus,0.0,7.0,-7.0,0.0,3,7,False
2018,Hungary,Denmark,12.0,12.0,0.0,0.0,3,3,True
2018,Hungary,Estonia,0.0,0.0,0.0,0.0,3,3,True
2018,Hungary,Finland,0.0,0.0,0.0,0.0,3,3,True
2018,Hungary,France,0.0,0.0,0.0,0.0,3,1,False
2018,Hungary,Germany,0.0,1.0,-1.0,0.0,3,1,False
2018,Hungary,Ireland,3.0,0.0,3.0,0.0,3,3,True
2018,Hungary,Israel,6.0,10.0,-4.0,-1.0,3,6,False
2018,Hungary,Italy,0.0,6.0,-6.0,0.0,3,2,False
2018,Hungary,Lithuania,5.0,0.0,5.0,0.0,3,5,False
2018,Hungary,Moldova,0.0,2.0,-2.0,0.0,3,8,False
2018,Hungary,Netherlands,4.0,4.0,0.0,0.0,3,1,False
2018,Hungary,Norway,2.0,5.0,-3.0,0.0,3,3,True
2018,Hungary,Portugal,0.0,0.0,0.0,0.0,3,2,False
2018,Hungary,Serbia,0.0,0.0,0.0,0.0,3,4,False
2018,Hungary,Slovenia,0.0,0.0,0.0,0.0,3,4,False
2018,Hungary,Spain,0.0,0.0,0.0,0.0,3,6,False
2018,Hungary,Sweden,1.0,0.0,1.0,0.0,3,3,True
2018,Hungary,Ukraine,0.0,0.0,0.0,0.0,3,5,False
2018,Hungary,United Kingdom,0.0,0.0,0.0,0.0,3,3,True
2018,Ireland,Albania,2.0,0.0,2.0,0.0,3,7,False
2018,Ireland,Australia,0.0,0.0,0.0,0.0,3,2,False
2018,Ireland,Austria,5.0,0.0,5.0,0.0,3,1,False
2018,Ireland,Bulgaria,10.0,0.0,10.0,1.0,3,8,False
2018,Ireland,Cyprus,12.0,5.0,7.0,1.0,3,7,False
2018,Ireland,Denmark,0.0,2.0,-2.0,0.0,3,3,True
2018,Ireland,Estonia,3.0,4.0,-1.0,0.0,3,3,True
2018,Ireland,Finland,0.0,0.0,0.0,0.0,3,3,True
2018,Ireland,France,4.0,0.0,4.0,0.0,3,1,False
2018,Ireland,Germany,8.0,8.0,0.0,0.0,3,1,False
2018,Ireland,Hungary,0.0,0.0,0.0,0.0,3,3,True
2018,Ireland,Israel,7.0,6.0,1.0,0.0,3,6,False
2018,Ireland,Italy,0.0,0.0,0.0,0.0,3,2,False
2018,Ireland,Lithuania,0.0,12.0,-12.0,-1.0,3,5,False
2018,Ireland,Moldova,0.0,1.0,-1.0,0.0,3,8,False
2018,Ireland,Netherlands,0.0,3.0,-3.0,0.0,3,1,False
2018,Ireland,Norway,0.0,0.0,0.0,0.0,3,3,True
2018,Ireland,Portugal,6.0,0.0,6.0,0.0,3,2,False
2018,Ireland,Serbia,0.0,0.0,0.0,0.0,3,4,False
2018,Ireland,Slovenia,0.0,0.0,0.0,0.0,3,4,False
2018,Ireland,Spain,1.0,0.0,1.0,0.0,3,6,False
2018,Ireland,Sweden,0.0,0.0,0.0,0.0,3,3,True
2018,Ireland,Ukraine,0.0,0.0,0.0,0.0,3,5,False
2018,Ireland,United Kingdom,0.0,10.0,-10.0,-1.0,3,3,True
2018,Israel,Albania,0.0,0.0,0.0,0.0,6,7,False
2018,Israel,Australia,7.0,0.0,7.0,0.0,6,2,False
2018,Israel,Austria,12.0,1.0,11.0,1.0,6,1,False
2018,Israel,Bulgaria,1.0,0.0,1.0,0.0,6,8,False
2018,Israel,Cyprus,0.0,2.0,-2.0,0.0,6,7,False
2018,Israel,Denmark,2.0,4.0,-2.0,0.0,6,3,False
2018,Israel,Estonia,0.0,8.0,-8.0,0.0,6,3,False
2018,Israel,Finland,6.0,0.0,6.0,0.0,6,3,False
2018,Israel,France,0.0,6.0,-6.0,0.0,6,1,False
2018,Israel,Germany,5.0,3.0,2.0,0.0,6,1,False
2018,Israel,Hungary,3.0,0.0,3.0,0.0,6,3,False
2018,Israel,Ireland,0.0,0.0,0.0,0.0,6,3,False
2018,Israel,Italy,0.0,5.0,-5.0,0.0,6,2,False
2018,Israel,Lithuania,0.0,0.0,0.0,0.0,6,5,False
2018,Israel,Moldova,0.0,10.0,-10.0,-1.0,6,8,False
2018,Israel,Netherlands,0.0,0.0,0.0,0.0,6,1,False
2018,Israel,Norway,0.0,0.0,0.0,0.0,6,3,False
2018,Israel,Portugal,0.0,0.0,0.0,0.0,6,2,False
2018,Israel,Serbia,0.0,0.0,0.0,0.0,6,4,False
2018,Israel,Slovenia,4.0,0.0,4.0,0.0,6,4,False
2018,Israel,Spain,0.0,0.0,0.0,0.0,6,6,True
2018,Israel,Sweden,10.0,0.0,10.0,1.0,6,3,False
2018,Israel,Ukraine,0.0,7.0,-7.0,0.0,6,5,False
2018,Israel,United Kingdom,8.0,0.0,8.0,0.0,6,3,False
2018,Italy,Albania,0.0,12.0,-12.0,-1.0,2,7,False
2018,Italy,Australia,0.0,0.0,0.0,0.0,2,2,True
2018,Italy,Austria,7.0,0.0,7.0,0.0,2,1,False
2018,Italy,Bulgaria,0.0,0.0,0.0,0.0,2,8,False
2018,Italy,Cyprus,3.0,5.0,-2.0,0.0,2,7,False
2018,Italy,Denmark,8.0,4.0,4.0,0.0,2,3,False
2018,Italy,Estonia,4.0,6.0,-2.0,0.0,2,3,False
2018,Italy,Finland,0.0,0.0,0.0,0.0,2,3,False
2018,Italy,France,0.0,0.0,0.0,0.0,2,1,False
2018,Italy,Germany,10.0,3.0,7.0,1.0,2,1,False
2018,Italy,Hungary,0.0,2.0,-2.0,0.0,2,3,False
2018,Italy,Ireland,5.0,0.0,5.0,0.0,2,3,False
2018,Italy,Israel,2.0,7.0,-5.0,0.0,2,6,False
2018,Italy,Lithuania,0.0,0.0,0.0,0.0,2,5,False
2018,Italy,Moldova,0.0,10.0,-10.0,-1.0,2,8,False
2018,Italy,Netherlands,0.0,0.0,0.0,0.0,2,1,False
2018,Italy,Norway,12.0,0.0,12.0,1.0,2,3,False
2018,Italy,Portugal,0.0,0.0,0.0,0.0,2,2,True
2018,Italy,Serbia,0.0,1.0,-1.0,0.0,2,4,False
2018,Italy,Slovenia,0.0,0.0,0.0,0.0,2,4,False
2018,Italy,Spain,0.0,0.0,0.0,0.0,2,6,False
2018,Italy,Sweden,1.0,0.0,1.0,0.0,2,3,False
2018,Italy,Ukraine,0.0,8.0,-8.0,0.0,2,5,False
2018,Italy,United Kingdom,6.0,0.0,6.0,0.0,2,3,False
2018,Lithuania,Albania,0.0,0.0,0.0,0.0,5,7,False
2018,Lithuania,Australia,0.0,0.0,0.0,0.0,5,2,False
2018,Lithuania,Austria,12.0,3.0,9.0,1.0,5,1,False
2018,Lithuania,Bulgaria,0.0,0.0,0.0,0.0,5,8,False
2018,Lithuania,Cyprus,1.0,6.0,-5.0,0.0,5,7,False
2018,Lithuania,Denmark,0.0,10.0,-10.0,-1.0,5,3,False
2018,Lithuania,Estonia,0.0,12.0,-12.0,-1.0,5,3,False
2018,Lithuania,Finland,0.0,0.0,0.0,0.0,5,3,False
2018,Lithuania,France,10.0,5.0,5.0,1.0,5,1,False
2018,Lithuania,Germany,5.0,2.0,3.0,0.0,5,1,False
2018,Lithuania,Hungary,2.0,0.0,2.0,0.0,5,3,False
2018,Lithuania,Ireland,4.0,0.0,4.0,0.0,5,3,False
2018,Lithuania,Israel,6.0,1.0,5.0,0.0,5,6,False
2018,Lithuania,Italy,0.0,7.0,-7.0,0.0,5,2,False
2018,Lithuania,Moldova,0.0,0.0,0.0,0.0,5,8,False
2018,Lithuania,Netherlands,3.0,0.0,3.0,0.0,5,1,False
2018,Lithuania,Norway,0.0,0.0,0.0,0.0,5,3,False
2018,Lithuania,Portugal,7.0,0.0,7.0,0.0,5,2,False
2018,Lithuania,Serbia,0.0,0.0,0.0,0.0,5,4,False
2018,Lithuania,Slovenia,0.0,0.0,0.0,0.0,5,4,False
2018,Lithuania,Spain,0.0,0.0,0.0,0.0,5,6,False
2018,Lithuania,Sweden,8.0,4.0,4.0,0.0,5,3,False
2018,Lithuania,Ukraine,0.0,0.0,0.0,0.0,5,5,True
2018,Lithuania,United Kingdom,0.0,0.0,0.0,0.0,5,3,False
2018,Moldova,Albania,0.0,0.0,0.0,0.0,8,7,False
2018,Moldova,Australia,7.0,0.0,7.0,0.0,8,2,False
2018,Moldova,Austria,3.0,0.0,3.0,0.0,8,1,False
2018,Moldova,Bulgaria,8.0,3.0,5.0,0.0,8,8,True
2018,Moldova,Cyprus,6.0,7.0,-1.0,0.0,8,7,False
2018,Moldova,Denmark,0.0,0.0,0.0,0.0,8,3,False
2018,Moldova,Estonia,12.0,1.0,11.0,1.0,8,3,False
2018,Moldova,Finland,0.0,0.0,0.0,0.0,8,3,False
2018,Moldova,France,0.0,0.0,0.0,0.0,8,1,False
2018,Moldova,Germany,4.0,4.0,0.0,0.0,8,1,False
2018,Moldova,Hungary,0.0,2.0,-2.0,0.0,8,3,False
2018,Moldova,Ireland,0.0,0.0,0.0,0.0,8,3,False
2018,Moldova,Israel,10.0,12.0,-2.0,0.0,8,6,False
2018,Moldova,Italy,0.0,8.0,-8.0,0.0,8,2,False
2018,Moldova,Lithuania,0.0,0.0,0.0,0.0,8,5,False
2018,Moldova,Netherlands,1.0,0.0,1.0,0.0,8,1,False
2018,Moldova,Norway,2.0,5.0,-3.0,0.0,8,3,False
2018,Moldova,Portugal,0.0,0.0,0.0,0.0,8,2,False
2018,Moldova,Serbia,0.0,0.0,0.0,0.0,8,4,False
2018,Moldova,Slovenia,0.0,0.0,0.0,0.0,8,4,False
2018,Moldova,Spain,0.0,0.0,0.0,0.0,8,6,False
2018,Moldova,Sweden,0.0,0.0,0.0,0.0,8,3,False
2018,Moldova,Ukraine,5.0,10.0,-5.0,-1.0,8,5,False
2018,Moldova,United Kingdom,0.0,0.0,0.0,0.0,8,3,False
2018,Netherlands,Albania,0.0,0.0,0.0,0.0,1,7,False
2018,Netherlands,Australia,0.0,0.0,0.0,0.0,1,2,False
2018,Netherlands,Austria,10.0,3.0,7.0,1.0,1,1,True
2018,Netherlands,Bulgaria,0.0,0.0,0.0,0.0,1,8,False
2018,Netherlands,Cyprus,6.0,5.0,1.0,0.0,1,7,False
2018,Netherlands,Denmark,0.0,8.0,-8.0,0.0,1,3,False
2018,Netherlands,Estonia,4.0,0.0,4.0,0.0,1,3,False
2018,Netherlands,Finland,0.0,0.0,0.0,0.0,1,3,False
2018,Netherlands,France,0.0,0.0,0.0,0.0,1,1,True
2018,Netherlands,Germany,12.0,12.0,0.0,0.0,1,1,True
2018,Netherlands,Hungary,0.0,2.0,-2.0,0.0,1,3,False
2018,Netherlands,Ireland,0.0,4.0,-4.0,0.0,1,3,False
2018,Netherlands,Israel,5.0,10.0,-5.0,-1.0,1,6,False
2018,Netherlands,Italy,0.0,7.0,-7.0,0.0,1,2,False
2018,Netherlands,Lithuania,7.0,0.0,7.0,0.0,1,5,False
2018,Netherlands,Moldova,0.0,0.0,0.0,0.0,1,8,False
2018,Netherlands,Norway,3.0,1.0,2.0,0.0,1,3,False
2018,Netherlands,Portugal,2.0,0.0,2.0,0.0,1,2,False
2018,Netherlands,Serbia,0.0,0.0,0.0,0.0,1,4,False
2018,Netherlands,Slovenia,1.0,0.0,1.0,0.0,1,4,False
2018,Netherlands,Spain,0.0,0.0,0.0,0.0,1,6,False
2018,Netherlands,Sweden,8.0,0.0,8.0,0.0,1,3,False
2018,Netherlands,Ukraine,0.0,0.0,0.0,0.0,1,5,False
2018,Netherlands,United Kingdom,0.0,0.0,0.0,0.0,1,3,False
2018,Norway,Albania,0.0,0.0,0.0,0.0,3,7,False
2018,Norway,Australia,6.0,0.0,6.0,0.0,3,2,False
2018,Norway,Austria,8.0,8.0,0.0,0.0,3,1,False
2018,Norway,Bulgaria,0.0,0.0,0.0,0.0,3,8,False
2018,Norway,Cyprus,5.0,2.0,3.0,0.0,3,7,False
2018,Norway,Denmark,0.0,10.0,-10.0,-1.0,3,3,True
2018,Norway,Estonia,0.0,0.0,0.0,0.0,3,3,True
2018,Norway,Finland,0.0,0.0,0.0,0.0,3,3,True
2018,Norway,France,7.0,1.0,6.0,0.0,3,1,False
2018,Norway,Germany,12.0,6.0,6.0,1.0,3,1,False
2018,Norway,Hungary,0.0,0.0,0.0,0.0,3,3,True
2018,Norway,Ireland,1.0,0.0,1.0,0.0,3,3,True
2018,Norway,Israel,0.0,7.0,-7.0,0.0,3,6,False
2018,Norway,Italy,0.0,0.0,0.0,0.0,3,2,False
2018,Norway,Lithuania,3.0,12.0,-9.0,-1.0,3,5,False
2018,Norway,Moldova,0.0,0.0,0.0,0.0,3,8,False
2018,Norway,Netherlands,4.0,5.0,-1.0,0.0,3,1,False
2018,Norway,Portugal,0.0,0.0,0.0,0.0,3,2,False
2018,Norway,Serbia,0.0,0.0,0.0,0.0,3,4,False
2018,Norway,Slovenia,0.0,0.0,0.0,0.0,3,4,False
2018,Norway,Spain,2.0,0.0,2.0,0.0,3,6,False
2018,Norway,Sweden,10.0,3.0,7.0,1.0,3,3,True
2018,Norway,Ukraine,0.0,0.0,0.0,0.0,3,5,False
2018,Norway,United Kingdom,0.0,0.0,0.0,0.0,3,3,True
2018,Portugal,Albania,10.0,0.0,10.0,1.0,2,7,False
2018,Portugal,Australia,0.0,0.0,0.0,0.0,2,2,True
2018,Portugal,Austria,8.0,0.0,8.0,0.0,2,1,False
2018,Portugal,Bulgaria,7.0,0.0,7.0,0.0,2,8,False
2018,Portugal,Cyprus,0.0,5.0,-5.0,0.0,2,7,False
2018,Portugal,Denmark,0.0,2.0,-2.0,0.0,2,3,False
2018,Portugal,Estonia,12.0,7.0,5.0,1.0,2,3,False
2018,Portugal,Finland,0.0,0.0,0.0,0.0,2,3,False
2018,Portugal,France,5.0,0.0,5.0,0.0,2,1,False
2018,Portugal,Germany,0.0,8.0,-8.0,0.0,2,1,False
2018,Portugal,Hungary,0.0,0.0,0.0,0.0,2,3,False
2018,Portugal,Ireland,0.0,3.0,-3.0,0.0,2,3,False
2018,Portugal,Israel,1.0,1.0,0.0,0.0,2,6,False
2018,Portugal,Italy,4.0,10.0,-6.0,-1.0,2,2,True
2018,Portugal,Lithuania,6.0,0.0,6.0,0.0,2,5,False
2018,Portugal,Moldova,0.0,6.0,-6.0,0.0,2,8,False
2018,Portugal,Netherlands,0.0,0.0,0.0,0.0,2,1,False
2018,Portugal,Norway,0.0,0.0,0.0,0.0,2,3,False
2018,Portugal,Serbia,0.0,0.0,0.0,0.0,2,4,False
2018,Portugal,Slovenia,3.0,0.0,3.0,0.0,2,4,False
2018,Portugal,Spain,2.0,12.0,-10.0,-1.0,2,6,False
2018,Portugal,Sweden,0.0,0.0,0.0,0.0,2,3,False
2018,Portugal,Ukraine,0.0,4.0,-4.0,0.0,2,5,False
2018,Portugal,United Kingdom,0.0,0.0,0.0,0.0,2,3,False
2018,Serbia,Albania,1.0,0.0,1.0,0.0,4,7,False
2018,Serbia,Australia,0.0,0.0,0.0,0.0,4,2,False
2018,Serbia,Austria,4.0,0.0,4.0,0.0,4,1,False
2018,Serbia,Bulgaria,0.0,2.0,-2.0,0.0,4,8,False
2018,Serbia,Cyprus,0.0,10.0,-10.0,-1.0,4,7,False
2018,Serbia,Denmark,0.0,4.0,-4.0,0.0,4,3,False
2018,Serbia,Estonia,3.0,0.0,3.0,0.0,4,3,False
2018,Serbia,Finland,0.0,0.0,0.0,0.0,4,3,False
2018,Serbia,France,0.0,0.0,0.0,0.0,4,1,False
2018,Serbia,Germany,10.0,0.0,10.0,1.0,4,1,False
2018,Serbia,Hungary,0.0,12.0,-12.0,-1.0,4,3,False
2018,Serbia,Ireland,0.0,0.0,0.0,0.0,4,3,False
2018,Serbia,Israel,2.0,7.0,-5.0,0.0,4,6,False
2018,Serbia,Italy,8.0,6.0,2.0,0.0,4,2,False
2018,Serbia,Lithuania,0.0,0.0,0.0,0.0,4,5,False
2018,Serbia,Moldova,5.0,1.0,4.0,0.0,4,8,False
2018,Serbia,Netherlands,7.0,0.0,7.0,0.0,4,1,False
2018,Serbia,Norway,6.0,3.0,3.0,0.0,4,3,False
2018,Serbia,Portugal,0.0,0.0,0.0,0.0,4,2,False
2018,Serbia,Slovenia,0.0,8.0,-8.0,0.0,4,4,True
2018,Serbia,Spain,0.0,0.0,0.0,0.0,4,6,False
2018,Serbia,Sweden,12.0,0.0,12.0,1.0,4,3,False
2018,Serbia,Ukraine,0.0,0.0,0.0,0.0,4,5,False
2018,Serbia,United Kingdom,0.0,0.0,0.0,0.0,4,3,False
2018,Slovenia,Albania,4.0,1.0,3.0,0.0,4,7,False
2018,Slovenia,Australia,0.0,0.0,0.0,0.0,4,2,False
2018,Slovenia,Austria,10.0,2.0,8.0,1.0,4,1,False
2018,Slovenia,Bulgaria,0.0,0.0,0.0,0.0,4,8,False
2018,Slovenia,Cyprus,8.0,6.0,2.0,0.0,4,7,False
2018,Slovenia,Denmark,0.0,7.0,-7.0,0.0,4,3,False
2018,Slovenia,Estonia,5.0,0.0,5.0,0.0,4,3,False
2018,Slovenia,Finland,0.0,0.0,0.0,0.0,4,3,False
2018,Slovenia,France,2.0,0.0,2.0,0.0,4,1,False
2018,Slovenia,Germany,0.0,4.0,-4.0,0.0,4,1,False
2018,Slovenia,Hungary,0.0,3.0,-3.0,0.0,4,3,False
2018,Slovenia,Ireland,0.0,0.0,0.0,0.0,4,3,False
2018,Slovenia,Israel,1.0,0.0,1.0,0.0,4,6,False
2018,Slovenia,Italy,0.0,10.0,-10.0,-1.0,4,2,False
2018,Slovenia,Lithuania,0.0,0.0,0.0,0.0,4,5,False
2018,Slovenia,Moldova,6.0,0.0,6.0,0.0,4,8,False
2018,Slovenia,Netherlands,7.0,0.0,7.0,0.0,4,1,False
2018,Slovenia,Norway,0.0,5.0,-5.0,0.0,4,3,False
2018,Slovenia,Portugal,0.0,0.0,0.0,0.0,4,2,False
2018,Slovenia,Serbia,0.0,12.0,-12.0,-1.0,4,4,True
2018,Slovenia,Spain,0.0,0.0,0.0,0.0,4,6,False
2018,Slovenia,Sweden,12.0,0.0,12.0,1.0,4,3,False
2018,Slovenia,Ukraine,0.0,0.0,0.0,0.0,4,5,False
2018,Slovenia,United Kingdom,0.0,0.0,0.0,0.0,4,3,False
2018,Spain,Albania,0.0,0.0,0.0,0.0,6,7,False
2018,Spain,Australia,0.0,0.0,0.0,0.0,6,2,False
2018,Spain,Austria,8.0,0.0,8.0,0.0,6,1,False
2018,Spain,Bulgaria,0.0,5.0,-5.0,0.0,6,8,False
2018,Spain,Cyprus,12.0,8.0,4.0,1.0,6,7,False
2018,Spain,Denmark,0.0,0.0,0.0,0.0,6,3,False
2018,Spain,Estonia,1.0,2.0,-1.0,0.0,6,3,False
2018,Spain,Finland,0.0,0.0,0.0,0.0,6,3,False
2018,Spain,France,6.0,4.0,2.0,0.0,6,1,False
2018,Spain,Germany,7.0,6.0,1.0,0.0,6,1,False
2018,Spain,Hungary,0.0,0.0,0.0,0.0,6,3,False
2018,Spain,Ireland,5.0,1.0,4.0,0.0,6,3,False
2018,Spain,Israel,10.0,12.0,-2.0,0.0,6,6,True
2018,Spain,Italy,3.0,7.0,-4.0,0.0,6,2,False
2018,Spain,Lithuania,0.0,0.0,0.0,0.0,6,5,False
2018,Spain,Moldova,0.0,0.0,0.0,0.0,6,8,False
2018,Spain,Netherlands,0.0,0.0,0.0,0.0,6,1,False
2018,Spain,Norway,0.0,3.0,-3.0,0.0,6,3,False
2018,Spain,Portugal,0.0,0.0,0.0,0.0,6,2,False
2018,Spain,Serbia,0.0,0.0,0.0,0.0,6,4,False
2018,Spain,Slovenia,0.0,0.0,0.0,0.0,6,4,False
2018,Spain,Sweden,2.0,0.0,2.0,0.0,6,3,False
2018,Spain,Ukraine,0.0,0.0,0.0,0.0,6,5,False
2018,Spain,United Kingdom,0.0,0.0,0.0,0.0,6,3,False
2018,Sweden,Albania,0.0,0.0,0.0,0.0,3,7,False
2018,Sweden,Australia,8.0,0.0,8.0,0.0,3,2,False
2018,Sweden,Austria,10.0,2.0,8.0,1.0,3,1,False
2018,Sweden,Bulgaria,6.0,0.0,6.0,0.0,3,8,False
2018,Sweden,Cyprus,12.0,4.0,8.0,1.0,3,7,False
2018,Sweden,Denmark,0.0,12.0,-12.0,-1.0,3,3,True
2018,Sweden,Estonia,0.0,0.0,0.0,0.0,3,3,True
2018,Sweden,Finland,3.0,6.0,-3.0,0.0,3,3,True
2018,Sweden,France,5.0,0.0,5.0,0.0,3,1,False
2018,Sweden,Germany,1.0,5.0,-4.0,0.0,3,1,False
2018,Sweden,Hungary,0.0,0.0,0.0,0.0,3,3,True
2018,Sweden,Ireland,4.0,0.0,4.0,0.0,3,3,True
2018,Sweden,Israel,7.0,10.0,-3.0,-1.0,3,6,False
2018,Sweden,Italy,0.0,0.0,0.0,0.0,3,2,False
2018,Sweden,Lithuania,0.0,7.0,-7.0,0.0,3,5,False
2018,Sweden,Moldova,0.0,0.0,0.0,0.0,3,8,False
2018,Sweden,Netherlands,0.0,1.0,-1.0,0.0,3,1,False
2018,Sweden,Norway,2.0,8.0,-6.0,0.0,3,3,True
2018,Sweden,Portugal,0.0,0.0,0.0,0.0,3,2,False
2018,Sweden,Serbia,0.0,0.0,0.0,0.0,3,4,False
2018,Sweden,Slovenia,0.0,0.0,0.0,0.0,3,4,False
2018,Sweden,Spain,0.0,0.0,0.0,0.0,3,6,False
2018,Sweden,Ukraine,0.0,0.0,0.0,0.0,3,5,False
2018,Sweden,United Kingdom,0.0,0.0,0.0,0.0,3,3,True
2018,Ukraine,Albania,0.0,0.0,0.0,0.0,5,7,False
2018,Ukraine,Australia,2.0,0.0,2.0,0.0,5,2,False
2018,Ukraine,Austria,7.0,0.0,7.0,0.0,5,1,False
2018,Ukraine,Bulgaria,0.0,0.0,0.0,0.0,5,8,False
2018,Ukraine,Cyprus,0.0,4.0,-4.0,0.0,5,7,False
2018,Ukraine,Denmark,3.0,8.0,-5.0,0.0,5,3,False
2018,Ukraine,Estonia,1.0,3.0,-2.0,0.0,5,3,False
2018,Ukraine,Finland,0.0,0.0,0.0,0.0,5,3,False
2018,Ukraine,France,12.0,7.0,5.0,1.0,5,1,False
2018,Ukraine,Germany,0.0,0.0,0.0,0.0,5,1,False
2018,Ukraine,Hungary,0.0,1.0,-1.0,0.0,5,3,False
2018,Ukraine,Ireland,0.0,0.0,0.0,0.0,5,3,False
2018,Ukraine,Israel,10.0,12.0,-2.0,0.0,5,6,False
2018,Ukraine,Italy,0.0,5.0,-5.0,0.0,5,2,False
2018,Ukraine,Lithuania,0.0,2.0,-2.0,0.0,5,5,True
2018,Ukraine,Moldova,0.0,6.0,-6.0,0.0,5,8,False
2018,Ukraine,Netherlands,8.0,0.0,8.0,0.0,5,1,False
2018,Ukraine,Norway,0.0,0.0,0.0,0.0,5,3,False
2018,Ukraine,Portugal,0.0,0.0,0.0,0.0,5,2,False
2018,Ukraine,Serbia,0.0,0.0,0.0,0.0,5,4,False
2018,Ukraine,Slovenia,5.0,0.0,5.0,0.0,5,4,False
2018,Ukraine,Spain,0.0,0.0,0.0,0.0,5,6,False
2018,Ukraine,Sweden,6.0,0.0,6.0,0.0,5,3,False
2018,Ukraine,United Kingdom,0.0,0.0,0.0,0.0,5,3,False
2018,United Kingdom,Albania,7.0,0.0,7.0,0.0,3,7,False
2018,United Kingdom,Australia,0.0,1.0,-1.0,0.0,3,2,False
2018,United Kingdom,Austria,12.0,0.0,12.0,1.0,3,1,False
2018,United Kingdom,Bulgaria,8.0,6.0,2.0,0.0,3,8,False
2018,United Kingdom,Cyprus,0.0,8.0,-8.0,0.0,3,7,False
2018,United Kingdom,Denmark,0.0,2.0,-2.0,0.0,3,3,True
2018,United Kingdom,Estonia,6.0,0.0,6.0,0.0,3,3,True
2018,United Kingdom,Finland,4.0,0.0,4.0,0.0,3,3,True
2018,United Kingdom,France,0.0,0.0,0.0,0.0,3,1,False
2018,United Kingdom,Germany,0.0,3.0,-3.0,0.0,3,1,False
2018,United Kingdom,Hungary,0.0,0.0,0.0,0.0,3,3,True
2018,United Kingdom,Ireland,3.0,10.0,-7.0,-1.0,3,3,True
2018,United Kingdom,Israel,10.0,7.0,3.0,1.0,3,6,False
2018,United Kingdom,Italy,0.0,0.0,0.0,0.0,3,2,False
2018,United Kingdom,Lithuania,0.0,12.0,-12.0,-1.0,3,5,False
2018,United Kingdom,Moldova,0.0,4.0,-4.0,0.0,3,8,False
2018,United Kingdom,Netherlands,0.0,0.0,0.0,0.0,3,1,False
2018,United Kingdom,Norway,5.0,0.0,5.0,0.0,3,3,True
2018,United Kingdom,Portugal,0.0,0.0,0.0,0.0,3,2,False
2018,United Kingdom,Serbia,0.0,0.0,0.0,0.0,3,4,False
2018,United Kingdom,Slovenia,0.0,0.0,0.0,0.0,3,4,False
2018,United Kingdom,Spain,1.0,0.0,1.0,0.0,3,6,False
2018,United Kingdom,Sweden,2.0,0.0,2.0,0.0,3,3,True
2018,United Kingdom,Ukraine,0.0,0.0,0.0,0.0,3,5,False
2019,Albania,Australia,2.0,1.0,1.0,0.0,7,2,False
2019,Albania,Azerbaijan,8.0,3.0,5.0,0.0,7,8,False
2019,Albania,Belarus,0.0,0.0,0.0,0.0,7,8,False
2019,Albania,Cyprus,7.0,0.0,7.0,0.0,7,7,True
2019,Albania,Denmark,0.0,0.0,0.0,0.0,7,3,False
2019,Albania,Estonia,0.0,0.0,0.0,0.0,7,3,False
2019,Albania,France,3.0,0.0,3.0,0.0,7,1,False
2019,Albania,Germany,0.0,0.0,0.0,0.0,7,1,False
2019,Albania,Greece,4.0,2.0,2.0,0.0,7,7,True
2019,Albania,Iceland,0.0,0.0,0.0,0.0,7,3,False
2019,Albania,Israel,0.0,0.0,0.0,0.0,7,6,False
2019,Albania,Italy,5.0,8.0,-3.0,0.0,7,2,False
2019,Albania,Malta,0.0,0.0,0.0,0.0,7,7,True
2019,Albania,Netherlands,0.0,7.0,-7.0,0.0,7,1,False
2019,Albania,Norway,0.0,5.0,-5.0,0.0,7,3,False
2019,Albania,Russia,1.0,12.0,-11.0,-1.0,7,5,False
2019,Albania,Serbia,0.0,0.0,0.0,0.0,7,4,False
2019,Albania,Slovenia,0.0,0.0,0.0,0.0,7,4,False
2019,Albania,Spain,0.0,0.0,0.0,0.0,7,6,False
2019,Albania,Sweden,6.0,0.0,6.0,0.0,7,3,False
2019,Albania,Switzerland,10.0,4.0,6.0,1.0,7,1,False
2019,Albania,United Kingdom,0.0,0.0,0.0,0.0,7,3,False
2019,Australia,Albania,0.0,0.0,0.0,0.0,2,7,False
2019,Australia,Azerbaijan,2.0,1.0,1.0,0.0,2,8,False
2019,Australia,Belarus,0.0,0.0,0.0,0.0,2,8,False
2019,Australia,Cyprus,0.0,0.0,0.0,0.0,2,7,False
2019,Australia,Denmark,0.0,0.0,0.0,0.0,2,3,False
2019,Australia,Estonia,0.0,0.0,0.0,0.0,2,3,False
2019,Australia,France,10.0,3.0,7.0,1.0,2,1,False
2019,Australia,Germany,3.0,0.0,3.0,0.0,2,1,False
2019,Australia,Greece,0.0,0.0,0.0,0.0,2,7,False
2019,Australia,Iceland,8.0,10.0,-2.0,-1.0,2,3,False
2019,Australia,Israel,0.0,0.0,0.0,0.0,2,6,False
2019,Australia,Italy,0.0,5.0,-5.0,0.0,2,2,True
2019,Australia,Malta,0.0,4.0,-4.0,0.0,2,7,False
2019,Australia,Netherlands,6.0,6.0,0.0,0.0,2,1,False
2019,Australia,Norway,0.0,12.0,-12.0,-1.0,2,3,False
2019,Australia,Russia,4.0,0.0,4.0,0.0,2,5,False
2019,Australia,Serbia,1.0,0.0,1.0,0.0,2,4,False
2019,Australia,Slovenia,0.0,0.0,0.0,0.0,2,4,False
2019,Australia,Spain,0.0,0.0,0.0,0.0,2,6,False
2019,Australia,Sweden,12.0,8.0,4.0,1.0,2,3,False
2019,Australia,Switzerland,0.0,7.0,-7.0,0.0,2,1,False
2019,Australia,United Kingdom,0.0,0.0,0.0,0.0,2,3,False
2019,Azerbaijan,Albania,7.0,0.0,7.0,0.0,8,7,False
2019,Azerbaijan,Australia,2.0,0.0,2.0,0.0,8,2,False
2019,Azerbaijan,Belarus,1.0,5.0,-4.0,0.0,8,8,True
2019,Azerbaijan,Cyprus,3.0,0.0,3.0,0.0,8,7,False
2019,Azerbaijan,Denmark,0.0,0.0,0.0,0.0,8,3,False
2019,Azerbaijan,Estonia,0.0,0.0,0.0,0.0,8,3,False
2019,Azerbaijan,France,0.0,0.0,0.0,0.0,8,1,False
2019,Azerbaijan,Germany,0.0,0.0,0.0,0.0,8,1,False
2019,Azerbaijan,Greece,6.0,0.0,6.0,0.0,8,7,False
2019,Azerbaijan,Iceland,0.0,0.0,0.0,0.0,8,3,False
2019,Azerbaijan,Israel,0.0,0.0,0.0,0.0,8,6,False
2019,Azerbaijan,Italy,5.0,6.0,-1.0,0.0,8,2,False
2019,Azerbaijan,Malta,10.0,4.0,6.0,1.0,8,7,False
2019,Azerbaijan,Netherlands,0.0,7.0,-7.0,0.0,8,1,False
2019,Azerbaijan,Norway,0.0,1.0,-1.0,0.0,8,3,False
2019,Azerbaijan,Russia,12.0,12.0,0.0,0.0,8,5,False
2019,Azerbaijan,Serbia,0.0,0.0,0.0,0.0,8,4,False
2019,Azerbaijan,Slovenia,4.0,0.0,4.0,0.0,8,4,False
2019,Azerbaijan,Spain,0.0,2.0,-2.0,0.0,8,6,False
2019,Azerbaijan,Sweden,0.0,0.0,0.0,0.0,8,3,False
2019,Azerbaijan,Switzerland,0.0,8.0,-8.0,0.0,8,1,False
2019,Azerbaijan,United Kingdom,0.0,0.0,0.0,0.0,8,3,False
2019,Belarus,Albania,0.0,0.0,0.0,0.0,8,7,False
2019,Belarus,Australia,0.0,2.0,-2.0,0.0,8,2,False
2019,Belarus,Azerbaijan,5.0,6.0,-1.0,0.0,8,8,True
2019,Belarus,Cyprus,8.0,0.0,8.0,0.0,8,7,False
2019,Belarus,Denmark,0.0,0.0,0.0,0.0,8,3,False
2019,Belarus,Estonia,0.0,0.0,0.0,0.0,8,3,False
2019,Belarus,France,0.0,0.0,0.0,0.0,8,1,False
2019,Belarus,Germany,0.0,0.0,0.0,0.0,8,1,False
2019,Belarus,Greece,3.0,0.0,3.0,0.0,8,7,False
2019,Belarus,Iceland,0.0,7.0,-7.0,0.0,8,3,False
2019,Belarus,Israel,0.0,0.0,0.0,0.0,8,6,False
2019,Belarus,Italy,7.0,3.0,4.0,0.0,8,2,False
2019,Belarus,Malta,12.0,0.0,12.0,1.0,8,7,False
2019,Belarus,Netherlands,6.0,10.0,-4.0,-1.0,8,1,False
2019,Belarus,Norway,0.0,8.0,-8.0,0.0,8,3,False
2019,Belarus,Russia,1.0,12.0,-11.0,-1.0,8,5,False
2019,Belarus,Serbia,0.0,0.0,0.0,0.0,8,4,False
2019,Belarus,Slovenia,0.0,5.0,-5.0,0.0,8,4,False
2019,Belarus,Spain,0.0,0.0,0.0,0.0,8,6,False
2019,Belarus,Sweden,2.0,0.0,2.0,0.0,8,3,False
2019,Belarus,Switzerland,4.0,4.0,0.0,0.0,8,1,False
2019,Belarus,United Kingdom,0.0,0.0,0.0,0.0,8,3,False
2019,Cyprus,Albania,2.0,0.0,2.0,0.0,7,7,True
2019,Cyprus,Australia,0.0,2.0,-2.0,0.0,7,2,False
2019,Cyprus,Azerbaijan,6.0,0.0,6.0,0.0,7,8,False
2019,Cyprus,Belarus,0.0,0.0,0.0,0.0,7,8,False
2019,Cyprus,Denmark,0.0,0.0,0.0,0.0,7,3,False
2019,Cyprus,Estonia,0.0,0.0,0.0,0.0,7,3,False
2019,Cyprus,France,4.0,3.0,1.0,0.0,7,1,False
2019,Cyprus,Germany,0.0,0.0,0.0,0.0,7,1,False
2019,Cyprus,Greece,12.0,12.0,0.0,0.0,7,7,True
2019,Cyprus,Iceland,0.0,0.0,0.0,0.0,7,3,False
2019,Cyprus,Israel,0.0,5.0,-5.0,0.0,7,6,False
2019,Cyprus,Italy,8.0,8.0,0.0,0.0,7,2,False
2019,Cyprus,Malta,3.0,0.0,3.0,0.0,7,7,True
2019,Cyprus,Netherlands,5.0,6.0,-1.0,0.0,7,1,False
2019,Cyprus,Norway,0.0,1.0,-1.0,0.0,7,3,False
2019,Cyprus,Russia,10.0,10.0,0.0,0.0,7,5,False
2019,Cyprus,Serbia,0.0,0.0,0.0,0.0,7,4,False
2019,Cyprus,Slovenia,0.0,0.0,0.0,0.0,7,4,False
2019,Cyprus,Spain,0.0,4.0,-4.0,0.0,7,6,False
2019,Cyprus,Sweden,7.0,0.0,7.0,0.0,7,3,False
2019,Cyprus,Switzerland,1.0,7.0,-6.0,0.0,7,1,False
2019,Cyprus,United Kingdom,0.0,0.0,0.0,0.0,7,3,False
2019,Denmark,Albania,0.0,0.0,0.0,0.0,3,7,False
2019,Denmark,Australia,0.0,2.0,-2.0,0.0,3,2,False
2019,Denmark,Azerbaijan,4.0,5.0,-1.0,0.0,3,8,False
2019,Denmark,Belarus,0.0,0.0,0.0,0.0,3,8,False
2019,Denmark,Cyprus,0.0,0.0,0.0,0.0,3,7,False
2019,Denmark,Estonia,2.0,8.0,-6.0,0.0,3,3,True
2019,Denmark,France,0.0,0.0,0.0,0.0,3,1,False
2019,Denmark,Germany,8.0,0.0,8.0,0.0,3,1,False
2019,Denmark,Greece,0.0,0.0,0.0,0.0,3,7,False
2019,Denmark,Iceland,0.0,4.0,-4.0,0.0,3,3,True
2019,Denmark,Israel,0.0,0.0,0.0,0.0,3,6,False
2019,Denmark,Italy,1.0,3.0,-2.0,0.0,3,2,False
2019,Denmark,Malta,0.0,0.0,0.0,0.0,3,7,False
2019,Denmark,Netherlands,7.0,7.0,0.0,0.0,3,1,False
2019,Denmark,Norway,5.0,12.0,-7.0,-1.0,3,3,True
2019,Denmark,Russia,3.0,0.0,3.0,0.0,3,5,False
2019,Denmark,Serbia,0.0,0.0,0.0,0.0,3,4,False
2019,Denmark,Slovenia,0.0,0.0,0.0,0.0,3,4,False
2019,Denmark,Spain,0.0,1.0,-1.0,0.0,3,6,False
2019,Denmark,Sweden,12.0,10.0,2.0,0.0,3,3,True
2019,Denmark,Switzerland,6.0,6.0,0.0,0.0,3,1,False
2019,Denmark,United Kingdom,0.0,0.0,0.0,0.0,3,3,True
2019,Estonia,Albania,0.0,0.0,0.0,0.0,3,7,False
2019,Estonia,Australia,0.0,2.0,-2.0,0.0,3,2,False
2019,Estonia,Azerbaijan,5.0,1.0,4.0,0.0,3,8,False
2019,Estonia,Belarus,1.0,0.0,1.0,0.0,3,8,False
2019,Estonia,Cyprus,0.0,0.0,0.0,0.0,3,7,False
2019,Estonia,Denmark,2.0,6.0,-4.0,0.0,3,3,True
2019,Estonia,France,3.0,0.0,3.0,0.0,3,1,False
2019,Estonia,Germany,0.0,0.0,0.0,0.0,3,1,False
2019,Estonia,Greece,0.0,0.0,0.0,0.0,3,7,False
2019,Estonia,Iceland,0.0,5.0,-5.0,0.0,3,3,True
2019,Estonia,Israel,0.0,0.0,0.0,0.0,3,6,False
2019,Estonia,Italy,0.0,0.0,0.0,0.0,3,2,False
2019,Estonia,Malta,0.0,0.0,0.0,0.0,3,7,False
2019,Estonia,Netherlands,7.0,8.0,-1.0,0.0,3,1,False
2019,Estonia,Norway,0.0,10.0,-10.0,-1.0,3,3,True
2019,Estonia,Russia,6.0,12.0,-6.0,-1.0,3,5,False
2019,Estonia,Serbia,4.0,0.0,4.0,0.0,3,4,False
2019,Estonia,Slovenia,0.0,7.0,-7.0,0.0,3,4,False
2019,Estonia,Spain,0.0,0.0,0.0,0.0,3,6,False
2019,Estonia,Sweden,12.0,3.0,9.0,1.0,3,3,True
2019,Estonia,Switzerland,10.0,4.0,6.0,1.0,3,1,False
2019,Estonia,United Kingdom,0.0,0.0,0.0,0.0,3,3,True
2019,France,Albania,0.0,0.0,0.0,0.0,1,7,False
2019,France,Australia,4.0,6.0,-2.0,0.0,1,2,False
2019,France,Azerbaijan,6.0,0.0,6.0,0.0,1,8,False
2019,France,Belarus,0.0,0.0,0.0,0.0,1,8,False
2019,France,Cyprus,0.0,0.0,0.0,0.0,1,7,False
2019,France,Denmark,1.0,4.0,-3.0,0.0,1,3,False
2019,France,Estonia,0.0,0.0,0.0,0.0,1,3,False
2019,France,Germany,0.0,0.0,0.0,0.0,1,1,True
2019,France,Greece,0.0,0.0,0.0,0.0,1,7,False
2019,France,Iceland,5.0,1.0,4.0,0.0,1,3,False
2019,France,Israel,0.0,12.0,-12.0,-1.0,1,6,False
2019,France,Italy,8.0,10.0,-2.0,-1.0,1,2,False
2019,France,Malta,0.0,0.0,0.0,0.0,1,7,False
2019,France,Netherlands,12.0,5.0,7.0,1.0,1,1,True
2019,France,Norway,0.0,8.0,-8.0,0.0,1,3,False
2019,France,Russia,0.0,3.0,-3.0,0.0,1,5,False
2019,France,Serbia,0.0,0.0,0.0,0.0,1,4,False
2019,France,Slovenia,0.0,0.0,0.0,0.0,1,4,False
2019,France,Spain,0.0,7.0,-7.0,0.0,1,6,False
2019,France,Sweden,10.0,0.0,10.0,1.0,1,3,False
2019,France,Switzerland,2.0,2.0,0.0,0.0,1,1,True
2019,France,United Kingdom,0.0,0.0,0.0,0.0,1,3,False
2019,Germany,Albania,0.0,0.0,0.0,0.0,1,7,False
2019,Germany,Australia,10.0,5.0,5.0,1.0,1,2,False
2019,Germany,Azerbaijan,0.0,0.0,0.0,0.0,1,8,False
2019,Germany,Belarus,0.0,0.0,0.0,0.0,1,8,False
2019,Germany,Cyprus,0.0,0.0,0.0,0.0,1,7,False
2019,Germany,Denmark,1.0,4.0,-3.0,0.0,1,3,False
2019,Germany,Estonia,0.0,0.0,0.0,0.0,1,3,False
2019,Germany,France,4.0,0.0,4.0,0.0,1,1,True
2019,Germany,Greece,0.0,0.0,0.0,0.0,1,7,False
2019,Germany,Iceland,0.0,2.0,-2.0,0.0,1,3,False
2019,Germany,Israel,0.0,0.0,0.0,0.0,1,6,False
2019,Germany,Italy,12.0,6.0,6.0,1.0,1,2,False
2019,Germany,Malta,3.0,0.0,3.0,0.0,1,7,False
2019,Germany,Netherlands,8.0,7.0,1.0,0.0,1,1,True
2019,Germany,Norway,5.0,12.0,-7.0,-1.0,1,3,False
2019,Germany,Russia,0.0,8.0,-8.0,0.0,1,5,False
2019,Germany,Serbia,0.0,0.0,0.0,0.0,1,4,False
2019,Germany,Slovenia,0.0,3.0,-3.0,0.0,1,4,False
2019,Germany,Spain,0.0,0.0,0.0,0.0,1,6,False
2019,Germany,Sweden,2.0,1.0,1.0,0.0,1,3,False
2019,Germany,Switzerland,6.0,10.0,-4.0,-1.0,1,1,True
2019,Germany,United Kingdom,0.0,0.0,0.0,0.0,1,3,False
2019,Greece,Albania,3.0,5.0,-2.0,0.0,7,7,True
2019,Greece,Australia,2.0,3.0,-1.0,0.0,7,2,False
2019,Greece,Azerbaijan,8.0,0.0,8.0,0.0,7,8,False
2019,Greece,Belarus,0.0,0.0,0.0,0.0,7,8,False
2019,Greece,Cyprus,12.0,12.0,0.0,0.0,7,7,True
2019,Greece,Denmark,0.0,0.0,0.0,0.0,7,3,False
2019,Greece,Estonia,0.0,0.0,0.0,0.0,7,3,False
2019,Greece,France,0.0,1.0,-1.0,0.0,7,1,False
2019,Greece,Germany,0.0,0.0,0.0,0.0,7,1,False
2019,Greece,Iceland,0.0,2.0,-2.0,0.0,7,3,False
2019,Greece,Israel,0.0,0.0,0.0,0.0,7,6,False
2019,Greece,Italy,7.0,10.0,-3.0,-1.0,7,2,False
2019,Greece,Malta,5.0,0.0,5.0,0.0,7,7,True
2019,Greece,Netherlands,0.0,6.0,-6.0,0.0,7,1,False
2019,Greece,Norway,0.0,0.0,0.0,0.0,7,3,False
2019,Greece,Russia,10.0,8.0,2.0,1.0,7,5,False
2019,Greece,Serbia,0.0,0.0,0.0,0.0,7,4,False
2019,Greece,Slovenia,4.0,0.0,4.0,0.0,7,4,False
2019,Greece,Spain,0.0,4.0,-4.0,0.0,7,6,False
2019,Greece,Sweden,0.0,0.0,0.0,0.0,7,3,False
2019,Greece,Switzerland,0.0,7.0,-7.0,0.0,7,1,False
2019,Greece,United Kingdom,0.0,0.0,0.0,0.0,7,3,False
2019,Iceland,Albania,0.0,0.0,0.0,0.0,3,7,False
2019,Iceland,Australia,10.0,10.0,0.0,0.0,3,2,False
2019,Iceland,Azerbaijan,4.0,0.0,4.0,0.0,3,8,False
2019,Iceland,Belarus,0.0,0.0,0.0,0.0,3,8,False
2019,Iceland,Cyprus,0.0,0.0,0.0,0.0,3,7,False
2019,Iceland,Denmark,0.0,4.0,-4.0,0.0,3,3,True
2019,Iceland,Estonia,0.0,3.0,-3.0,0.0,3,3,True
2019,Iceland,France,1.0,0.0,1.0,0.0,3,1,False
2019,Iceland,Germany,0.0,0.0,0.0,0.0,3,1,False
2019,Iceland,Greece,0.0,0.0,0.0,0.0,3,7,False
2019,Iceland,Israel,0.0,0.0,0.0,0.0,3,6,False
2019,Iceland,Italy,3.0,6.0,-3.0,0.0,3,2,False
2019,Iceland,Malta,0.0,0.0,0.0,0.0,3,7,False
2019,Iceland,Netherlands,7.0,5.0,2.0,0.0,3,1,False
2019,Iceland,Norway,0.0,12.0,-12.0,-1.0,3,3,True
2019,Iceland,Russia,0.0,0.0,0.0,0.0,3,5,False
2019,Iceland,Serbia,2.0,0.0,2.0,0.0,3,4,False
2019,Iceland,Slovenia,0.0,0.0,0.0,0.0,3,4,False
2019,Iceland,Spain,0.0,0.0,0.0,0.0,3,6,False
2019,Iceland,Sweden,12.0,8.0,4.0,1.0,3,3,True
2019,Iceland,Switzerland,5.0,7.0,-2.0,0.0,3,1,False
2019,Iceland,United Kingdom,0.0,0.0,0.0,0.0,3,3,True
2019,Israel,Albania,0.0,0.0,0.0,0.0,6,7,False
2019,Israel,Australia,5.0,6.0,-1.0,0.0,6,2,False
2019,Israel,Azerbaijan,7.0,3.0,4.0,0.0,6,8,False
2019,Israel,Belarus,0.0,0.0,0.0,0.0,6,8,False
2019,Israel,Cyprus,0.0,0.0,0.0,0.0,6,7,False
2019,Israel,Denmark,0.0,1.0,-1.0,0.0,6,3,False
2019,Israel,Estonia,8.0,0.0,8.0,0.0,6,3,False
2019,Israel,France,2.0,4.0,-2.0,0.0,6,1,False
2019,Israel,Germany,0.0,0.0,0.0,0.0,6,1,False
2019,Israel,Greece,0.0,0.0,0.0,0.0,6,7,False
2019,Israel,Iceland,0.0,0.0,0.0,0.0,6,3,False
2019,Israel,Italy,10.0,8.0,2.0,1.0,6,2,False
2019,Israel,Malta,4.0,0.0,4.0,0.0,6,7,False
2019,Israel,Netherlands,12.0,2.0,10.0,1.0,6,1,False
2019,Israel,Norway,0.0,10.0,-10.0,-1.0,6,3,False
2019,Israel,Russia,0.0,12.0,-12.0,-1.0,6,5,False
2019,Israel,Serbia,0.0,0.0,0.0,0.0,6,4,False
2019,Israel,Slovenia,0.0,0.0,0.0,0.0,6,4,False
2019,Israel,Spain,0.0,5.0,-5.0,0.0,6,6,True
2019,Israel,Sweden,6.0,0.0,6.0,0.0,6,3,False
2019,Israel,Switzerland,3.0,7.0,-4.0,0.0,6,1,False
2019,Israel,United Kingdom,0.0,0.0,0.0,0.0,6,3,False
2019,Italy,Albania,1.0,12.0,-11.0,-1.0,2,7,False
2019,Italy,Australia,6.0,6.0,0.0,0.0,2,2,True
2019,Italy,Azerbaijan,7.0,1.0,6.0,0.0,2,8,False
2019,Italy,Belarus,0.0,0.0,0.0,0.0,2,8,False
2019,Italy,Cyprus,0.0,0.0,0.0,0.0,2,7,False
2019,Italy,Denmark,12.0,4.0,8.0,1.0,2,3,False
2019,Italy,Estonia,5.0,0.0,5.0,0.0,2,3,False
2019,Italy,France,3.0,2.0,1.0,0.0,2,1,False
2019,Italy,Germany,0.0,0.0,0.0,0.0,2,1,False
2019,Italy,Greece,0.0,0.0,0.0,0.0,2,7,False
2019,Italy,Iceland,0.0,7.0,-7.0,0.0,2,3,False
2019,Italy,Israel,0.0,0.0,0.0,0.0,2,6,False
2019,Italy,Malta,8.0,0.0,8.0,0.0,2,7,False
2019,Italy,Netherlands,0.0,5.0,-5.0,0.0,2,1,False
2019,Italy,Norway,0.0,10.0,-10.0,-1.0,2,3,False
2019,Italy,Russia,0.0,8.0,-8.0,0.0,2,5,False
2019,Italy,Serbia,0.0,0.0,0.0,0.0,2,4,False
2019,Italy,Slovenia,0.0,0.0,0.0,0.0,2,4,False
2019,Italy,Spain,0.0,0.0,0.0,0.0,2,6,False
2019,Italy,Sweden,2.0,0.0,2.0,0.0,2,3,False
2019,Italy,Switzerland,0.0,3.0,-3.0,0.0,2,1,False
2019,Italy,United Kingdom,0.0,0.0,0.0,0.0,2,3,False
2019,Malta,Albania,2.0,0.0,2.0,0.0,7,7,True
2019,Malta,Australia,0.0,3.0,-3.0,0.0,7,2,False
2019,Malta,Azerbaijan,8.0,2.0,6.0,0.0,7,8,False
2019,Malta,Belarus,0.0,0.0,0.0,0.0,7,8,False
2019,Malta,Cyprus,6.0,0.0,6.0,0.0,7,7,True
2019,Malta,Denmark,0.0,0.0,0.0,0.0,7,3,False
2019,Malta,Estonia,0.0,0.0,0.0,0.0,7,3,False
2019,Malta,France,0.0,0.0,0.0,0.0,7,1,False
2019,Malta,Germany,0.0,0.0,0.0,0.0,7,1,False
2019,Malta,Greece,4.0,0.0,4.0,0.0,7,7,True
2019,Malta,Iceland,0.0,1.0,-1.0,0.0,7,3,False
2019,Malta,Israel,0.0,0.0,0.0,0.0,7,6,False
2019,Malta,Italy,12.0,12.0,0.0,0.0,7,2,False
2019,Malta,Netherlands,7.0,10.0,-3.0,-1.0,7,1,False
2019,Malta,Norway,0.0,7.0,-7.0,0.0,7,3,False
2019,Malta,Russia,10.0,4.0,6.0,1.0,7,5,False
2019,Malta,Serbia,0.0,0.0,0.0,0.0,7,4,False
2019,Malta,Slovenia,0.0,0.0,0.0,0.0,7,4,False
2019,Malta,Spain,0.0,0.0,0.0,0.0,7,6,False
2019,Malta,Sweden,5.0,6.0,-1.0,0.0,7,3,False
2019,Malta,Switzerland,0.0,8.0,-8.0,0.0,7,1,False
2019,Malta,United Kingdom,0.0,0.0,0.0,0.0,7,3,False
2019,Netherlands,Albania,0.0,0.0,0.0,0.0,1,7,False
2019,Netherlands,Australia,2.0,2.0,0.0,0.0,1,2,False
2019,Netherlands,Azerbaijan,0.0,4.0,-4.0,0.0,1,8,False
2019,Netherlands,Belarus,0.0,0.0,0.0,0.0,1,8,False
2019,Netherlands,Cyprus,1.0,0.0,1.0,0.0,1,7,False
2019,Netherlands,Denmark,7.0,5.0,2.0,0.0,1,3,False
2019,Netherlands,Estonia,0.0,0.0,0.0,0.0,1,3,False
2019,Netherlands,France,0.0,0.0,0.0,0.0,1,1,True
2019,Netherlands,Germany,0.0,0.0,0.0,0.0,1,1,True
2019,Netherlands,Greece,0.0,0.0,0.0,0.0,1,7,False
2019,Netherlands,Iceland,0.0,7.0,-7.0,0.0,1,3,False
2019,Netherlands,Israel,0.0,0.0,0.0,0.0,1,6,False
2019,Netherlands,Italy,6.0,10.0,-4.0,-1.0,1,2,False
2019,Netherlands,Malta,8.0,0.0,8.0,0.0,1,7,False
2019,Netherlands,Norway,0.0,12.0,-12.0,-1.0,1,3,False
2019,Netherlands,Russia,5.0,0.0,5.0,0.0,1,5,False
2019,Netherlands,Serbia,0.0,0.0,0.0,0.0,1,4,False
2019,Netherlands,Slovenia,0.0,0.0,0.0,0.0,1,4,False
2019,Netherlands,Spain,0.0,3.0,-3.0,0.0,1,6,False
2019,Netherlands,Sweden,12.0,8.0,4.0,1.0,1,3,False
2019,Netherlands,Switzerland,10.0,6.0,4.0,1.0,1,1,True
2019,Netherlands,United Kingdom,0.0,0.0,0.0,0.0,1,3,False
2019,Norway,Albania,0.0,0.0,0.0,0.0,3,7,False
2019,Norway,Australia,0.0,4.0,-4.0,0.0,3,2,False
2019,Norway,Azerbaijan,5.0,3.0,2.0,0.0,3,8,False
2019,Norway,Belarus,0.0,0.0,0.0,0.0,3,8,False
2019,Norway,Cyprus,1.0,0.0,1.0,0.0,3,7,False
2019,Norway,Denmark,4.0,5.0,-1.0,0.0,3,3,True
2019,Norway,Estonia,0.0,2.0,-2.0,0.0,3,3,True
2019,Norway,France,0.0,0.0,0.0,0.0,3,1,False
2019,Norway,Germany,0.0,0.0,0.0,0.0,3,1,False
2019,Norway,Greece,0.0,0.0,0.0,0.0,3,7,False
2019,Norway,Iceland,0.0,10.0,-10.0,-1.0,3,3,True
2019,Norway,Israel,0.0,0.0,0.0,0.0,3,6,False
2019,Norway,Italy,3.0,7.0,-4.0,0.0,3,2,False
2019,Norway,Malta,0.0,0.0,0.0,0.0,3,7,False
2019,Norway,Netherlands,7.0,8.0,-1.0,0.0,3,1,False
2019,Norway,Russia,0.0,1.0,-1.0,0.0,3,5,False
2019,Norway,Serbia,0.0,0.0,0.0,0.0,3,4,False
2019,Norway,Slovenia,0.0,0.0,0.0,0.0,3,4,False
2019,Norway,Spain,0.0,0.0,0.0,0.0,3,6,False
2019,Norway,Sweden,8.0,12.0,-4.0,-1.0,3,3,True
2019,Norway,Switzerland,6.0,6.0,0.0,0.0,3,1,False
2019,Norway,United Kingdom,2.0,0.0,2.0,0.0,3,3,True
2019,Russia,Albania,3.0,0.0,3.0,0.0,5,7,False
2019,Russia,Australia,0.0,4.0,-4.0,0.0,5,2,False
2019,Russia,Azerbaijan,12.0,12.0,0.0,0.0,5,8,False
2019,Russia,Belarus,7.0,8.0,-1.0,0.0,5,8,False
2019,Russia,Cyprus,8.0,0.0,8.0,0.0,5,7,False
2019,Russia,Denmark,0.0,0.0,0.0,0.0,5,3,False
2019,Russia,Estonia,0.0,0.0,0.0,0.0,5,3,False
2019,Russia,France,0.0,0.0,0.0,0.0,5,1,False
2019,Russia,Germany,0.0,0.0,0.0,0.0,5,1,False
2019,Russia,Greece,10.0,0.0,10.0,1.0,5,7,False
2019,Russia,Iceland,2.0,7.0,-5.0,0.0,5,3,False
2019,Russia,Israel,0.0,0.0,0.0,0.0,5,6,False
2019,Russia,Italy,0.0,1.0,-1.0,0.0,5,2,False
2019,Russia,Malta,6.0,0.0,6.0,0.0,5,7,False
2019,Russia,Netherlands,0.0,5.0,-5.0,0.0,5,1,False
2019,Russia,Norway,0.0,10.0,-10.0,-1.0,5,3,False
2019,Russia,Serbia,0.0,3.0,-3.0,0.0,5,4,False
2019,Russia,Slovenia,0.0,6.0,-6.0,0.0,5,4,False
2019,Russia,Spain,1.0,0.0,1.0,0.0,5,6,False
2019,Russia,Sweden,0.0,0.0,0.0,0.0,5,3,False
2019,Russia,Switzerland,0.0,2.0,-2.0,0.0,5,1,False
2019,Russia,United Kingdom,0.0,0.0,0.0,0.0,5,3,False
2019,Serbia,Albania,0.0,0.0,0.0,0.0,4,7,False
2019,Serbia,Australia,7.0,0.0,7.0,0.0,4,2,False
2019,Serbia,Azerbaijan,3.0,0.0,3.0,0.0,4,8,False
2019,Serbia,Belarus,0.0,0.0,0.0,0.0,4,8,False
2019,Serbia,Cyprus,0.0,0.0,0.0,0.0,4,7,False
2019,Serbia,Denmark,2.0,0.0,2.0,0.0,4,3,False
2019,Serbia,Estonia,6.0,0.0,6.0,0.0,4,3,False
2019,Serbia,France,1.0,0.0,1.0,0.0,4,1,False
2019,Serbia,Germany,0.0,0.0,0.0,0.0,4,1,False
2019,Serbia,Greece,0.0,0.0,0.0,0.0,4,7,False
2019,Serbia,Iceland,0.0,5.0,-5.0,0.0,4,3,False
2019,Serbia,Israel,0.0,0.0,0.0,0.0,4,6,False
2019,Serbia,Italy,10.0,7.0,3.0,1.0,4,2,False
2019,Serbia,Malta,0.0,0.0,0.0,0.0,4,7,False
2019,Serbia,Netherlands,0.0,3.0,-3.0,0.0,4,1,False
2019,Serbia,Norway,0.0,4.0,-4.0,0.0,4,3,False
2019,Serbia,Russia,0.0,8.0,-8.0,0.0,4,5,False
2019,Serbia,Slovenia,0.0,10.0,-10.0,-1.0,4,4,True
2019,Serbia,Spain,0.0,2.0,-2.0,0.0,4,6,False
2019,Serbia,Sweden,8.0,0.0,8.0,0.0,4,3,False
2019,Serbia,Switzerland,5.0,6.0,-1.0,0.0,4,1,False
2019,Serbia,United Kingdom,0.0,0.0,0.0,0.0,4,3,False
2019,Slovenia,Albania,0.0,0.0,0.0,0.0,4,7,False
2019,Slovenia,Australia,0.0,2.0,-2.0,0.0,4,2,False
2019,Slovenia,Azerbaijan,10.0,0.0,10.0,1.0,4,8,False
2019,Slovenia,Belarus,0.0,0.0,0.0,0.0,4,8,False
2019,Slovenia,Cyprus,0.0,0.0,0.0,0.0,4,7,False
2019,Slovenia,Denmark,4.0,3.0,1.0,0.0,4,3,False
2019,Slovenia,Estonia,0.0,1.0,-1.0,0.0,4,3,False
2019,Slovenia,France,3.0,0.0,3.0,0.0,4,1,False
2019,Slovenia,Germany,0.0,0.0,0.0,0.0,4,1,False
2019,Slovenia,Greece,0.0,0.0,0.0,0.0,4,7,False
2019,Slovenia,Iceland,0.0,7.0,-7.0,0.0,4,3,False
2019,Slovenia,Israel,0.0,0.0,0.0,0.0,4,6,False
2019,Slovenia,Italy,8.0,8.0,0.0,0.0,4,2,False
2019,Slovenia,Malta,1.0,0.0,1.0,0.0,4,7,False
2019,Slovenia,Netherlands,6.0,5.0,1.0,0.0,4,1,False
2019,Slovenia,Norway,0.0,6.0,-6.0,0.0,4,3,False
2019,Slovenia,Russia,0.0,0.0,0.0,0.0,4,5,False
2019,Slovenia,Serbia,0.0,10.0,-10.0,-1.0,4,4,True
2019,Slovenia,Spain,0.0,0.0,0.0,0.0,4,6,False
2019,Slovenia,Sweden,7.0,0.0,7.0,0.0,4,3,False
2019,Slovenia,Switzerland,5.0,4.0,1.0,0.0,4,1,False
2019,Slovenia,United Kingdom,0.0,0.0,0.0,0.0,4,3,False
2019,Spain,Albania,0.0,0.0,0.0,0.0,6,7,False
2019,Spain,Australia,10.0,5.0,5.0,1.0,6,2,False
2019,Spain,Azerbaijan,7.0,1.0,6.0,0.0,6,8,False
2019,Spain,Belarus,0.0,0.0,0.0,0.0,6,8,False
2019,Spain,Cyprus,5.0,0.0,5.0,0.0,6,7,False
2019,Spain,Denmark,0.0,0.0,0.0,0.0,6,3,False
2019,Spain,Estonia,0.0,0.0,0.0,0.0,6,3,False
2019,Spain,France,0.0,4.0,-4.0,0.0,6,1,False
2019,Spain,Germany,0.0,0.0,0.0,0.0,6,1,False
2019,Spain,Greece,0.0,0.0,0.0,0.0,6,7,False
2019,Spain,Iceland,0.0,3.0,-3.0,0.0,6,3,False
2019,Spain,Israel,0.0,0.0,0.0,0.0,6,6,True
2019,Spain,Italy,4.0,12.0,-8.0,-1.0,6,2,False
2019,Spain,Malta,0.0,0.0,0.0,0.0,6,7,False
2019,Spain,Netherlands,8.0,8.0,0.0,0.0,6,1,False
2019,Spain,Norway,0.0,7.0,-7.0,0.0,6,3,False
2019,Spain,Russia,2.0,2.0,0.0,0.0,6,5,False
2019,Spain,Serbia,0.0,0.0,0.0,0.0,6,4,False
2019,Spain,Slovenia,1.0,0.0,1.0,0.0,6,4,False
2019,Spain,Sweden,12.0,6.0,6.0,1.0,6,3,False
2019,Spain,Switzerland,3.0,10.0,-7.0,-1.0,6,1,False
2019,Spain,United Kingdom,0.0,0.0,0.0,0.0,6,3,False
2019,Sweden,Albania,0.0,0.0,0.0,0.0,3,7,False
2019,Sweden,Australia,6.0,5.0,1.0,0.0,3,2,False
2019,Sweden,Azerbaijan,5.0,3.0,2.0,0.0,3,8,False
2019,Sweden,Belarus,0.0,0.0,0.0,0.0,3,8,False
2019,Sweden,Cyprus,7.0,0.0,7.0,0.0,3,7,False
2019,Sweden,Denmark,0.0,7.0,-7.0,0.0,3,3,True
2019,Sweden,Estonia,0.0,10.0,-10.0,-1.0,3,3,True
2019,Sweden,France,0.0,0.0,0.0,0.0,3,1,False
2019,Sweden,Germany,0.0,0.0,0.0,0.0,3,1,False
2019,Sweden,Greece,0.0,0.0,0.0,0.0,3,7,False
2019,Sweden,Iceland,0.0,8.0,-8.0,0.0,3,3,True
2019,Sweden,Israel,0.0,0.0,0.0,0.0,3,6,False
2019,Sweden,Italy,8.0,4.0,4.0,0.0,3,2,False
2019,Sweden,Malta,2.0,0.0,2.0,0.0,3,7,False
2019,Sweden,Netherlands,12.0,6.0,6.0,1.0,3,1,False
2019,Sweden,Norway,4.0,12.0,-8.0,-1.0,3,3,True
2019,Sweden,Russia,3.0,0.0,3.0,0.0,3,5,False
2019,Sweden,Serbia,0.0,0.0,0.0,0.0,3,4,False
2019,Sweden,Slovenia,0.0,0.0,0.0,0.0,3,4,False
2019,Sweden,Spain,0.0,0.0,0.0,0.0,3,6,False
2019,Sweden,Switzerland,10.0,1.0,9.0,1.0,3,1,False
2019,Sweden,United Kingdom,0.0,0.0,0.0,0.0,3,3,True
2019,Switzerland,Albania,0.0,10.0,-10.0,-1.0,1,7,False
2019,Switzerland,Australia,4.0,0.0,4.0,0.0,1,2,False
2019,Switzerland,Azerbaijan,0.0,0.0,0.0,0.0,1,8,False
2019,Switzerland,Belarus,0.0,0.0,0.0,0.0,1,8,False
2019,Switzerland,Cyprus,0.0,0.0,0.0,0.0,1,7,False
2019,Switzerland,Denmark,0.0,1.0,-1.0,0.0,1,3,False
2019,Switzerland,Estonia,0.0,0.0,0.0,0.0,1,3,False
2019,Switzerland,France,2.0,3.0,-1.0,0.0,1,1,True
2019,Switzerland,Germany,6.0,0.0,6.0,0.0,1,1,True
2019,Switzerland,Greece,0.0,0.0,0.0,0.0,1,7,False
2019,Switzerland,Iceland,0.0,0.0,0.0,0.0,1,3,False
2019,Switzerland,Israel,0.0,0.0,0.0,0.0,1,6,False
2019,Switzerland,Italy,5.0,12.0,-7.0,-1.0,1,2,False
2019,Switzerland,Malta,0.0,0.0,0.0,0.0,1,7,False
2019,Switzerland,Netherlands,10.0,6.0,4.0,1.0,1,1,True
2019,Switzerland,Norway,7.0,8.0,-1.0,0.0,1,3,False
2019,Switzerland,Russia,3.0,0.0,3.0,0.0,1,5,False
2019,Switzerland,Serbia,0.0,7.0,-7.0,0.0,1,4,False
2019,Switzerland,Slovenia,0.0,0.0,0.0,0.0,1,4,False
2019,Switzerland,Spain,0.0,5.0,-5.0,0.0,1,6,False
2019,Switzerland,Sweden,8.0,4.0,4.0,0.0,1,3,False
2019,Switzerland,United Kingdom,1.0,0.0,1.0,0.0,1,3,False
2019,United Kingdom,Albania,0.0,0.0,0.0,0.0,3,7,False
2019,United Kingdom,Australia,8.0,10.0,-2.0,-1.0,3,2,False
2019,United Kingdom,Azerbaijan,7.0,3.0,4.0,0.0,3,8,False
2019,United Kingdom,Belarus,0.0,0.0,0.0,0.0,3,8,False
2019,United Kingdom,Cyprus,0.0,1.0,-1.0,0.0,3,7,False
2019,United Kingdom,Denmark,3.0,6.0,-3.0,0.0,3,3,True
2019,United Kingdom,Estonia,0.0,0.0,0.0,0.0,3,3,True
2019,United Kingdom,France,2.0,0.0,2.0,0.0,3,1,False
2019,United Kingdom,Germany,0.0,0.0,0.0,0.0,3,1,False
2019,United Kingdom,Greece,0.0,0.0,0.0,0.0,3,7,False
2019,United Kingdom,Iceland,0.0,8.0,-8.0,0.0,3,3,True
2019,United Kingdom,Israel,0.0,0.0,0.0,0.0,3,6,False
2019,United Kingdom,Italy,0.0,0.0,0.0,0.0,3,2,False
2019,United Kingdom,Malta,0.0,0.0,0.0,0.0,3,7,False
2019,United Kingdom,Netherlands,6.0,4.0,2.0,0.0,3,1,False
2019,United Kingdom,Norway,0.0,12.0,-12.0,-1.0,3,3,True
2019,United Kingdom,Russia,4.0,0.0,4.0,0.0,3,5,False
2019,United Kingdom,Serbia,0.0,0.0,0.0,0.0,3,4,False
2019,United Kingdom,Slovenia,0.0,0.0,0.0,0.0,3,4,False
2019,United Kingdom,Spain,0.0,2.0,-2.0,0.0,3,6,False
2019,United Kingdom,Sweden,10.0,5.0,5.0,1.0,3,3,True
2019,United Kingdom,Switzerland,5.0,7.0,-2.0,0.0,3,1,False
2021,Albania,Azerbaijan,2.0,0.0,2.0,0.0,7,8,False
2021,Albania,Belgium,0.0,0.0,0.0,0.0,7,6,False
2021,Albania,Bulgaria,0.0,5.0,-5.0,0.0,7,8,False
2021,Albania,Cyprus,7.0,2.0,5.0,0.0,7,7,True
2021,Albania,Finland,3.0,3.0,0.0,0.0,7,3,False
2021,Albania,France,10.0,6.0,4.0,1.0,7,1,False
2021,Albania,Greece,6.0,8.0,-2.0,0.0,7,7,True
2021,Albania,Iceland,0.0,0.0,0.0,0.0,7,3,False
2021,Albania,Israel,0.0,0.0,0.0,0.0,7,6,False
2021,Albania,Italy,4.0,10.0,-6.0,-1.0,7,2,False
2021,Albania,Lithuania,0.0,0.0,0.0,0.0,7,5,False
2021,Albania,Malta,8.0,0.0,8.0,0.0,7,7,True
2021,Albania,Moldova,0.0,7.0,-7.0,0.0,7,8,False
2021,Albania,Netherlands,0.0,0.0,0.0,0.0,7,1,False
2021,Albania,Norway,0.0,0.0,0.0,0.0,7,3,False
2021,Albania,Portugal,0.0,0.0,0.0,0.0,7,2,False
2021,Albania,Russia,0.0,0.0,0.0,0.0,7,5,False
2021,Albania,Serbia,1.0,0.0,1.0,0.0,7,4,False
2021,Albania,Spain,0.0,0.0,0.0,0.0,7,6,False
2021,Albania,Sweden,0.0,1.0,-1.0,0.0,7,3,False
2021,Albania,Switzerland,12.0,12.0,0.0,0.0,7,1,False
2021,Albania,Ukraine,0.0,4.0,-4.0,0.0,7,5,False
2021,Azerbaijan,Albania,0.0,0.0,0.0,0.0,8,7,False
2021,Azerbaijan,Belgium,3.0,0.0,3.0,0.0,8,6,False
2021,Azerbaijan,Bulgaria,1.0,0.0,1.0,0.0,8,8,True
2021,Azerbaijan,Cyprus,0.0,0.0,0.0,0.0,8,7,False
2021,Azerbaijan,Finland,0.0,5.0,-5.0,0.0,8,3,False
2021,Azerbaijan,France,4.0,2.0,2.0,0.0,8,1,False
2021,Azerbaijan,Greece,10.0,0.0,10.0,1.0,8,7,False
2021,Azerbaijan,Iceland,0.0,0.0,0.0,0.0,8,3,False
2021,Azerbaijan,Israel,0.0,12.0,-12.0,-1.0,8,6,False
2021,Azerbaijan,Italy,0.0,10.0,-10.0,-1.0,8,2,False
2021,Azerbaijan,Lithuania,0.0,0.0,0.0,0.0,8,5,False
2021,Azerbaijan,Malta,7.0,0.0,7.0,0.0,8,7,False
2021,Azerbaijan,Moldova,8.0,1.0,7.0,0.0,8,8,True
2021,Azerbaijan,Netherlands,0.0,0.0,0.0,0.0,8,1,False
2021,Azerbaijan,Norway,0.0,7.0,-7.0,0.0,8,3,False
2021,Azerbaijan,Portugal,2.0,0.0,2.0,0.0,8,2,False
2021,Azerbaijan,Russia,12.0,6.0,6.0,1.0,8,5,False
2021,Azerbaijan,Serbia,0.0,0.0,0.0,0.0,8,4,False
2021,Azerbaijan,Spain,0.0,0.0,0.0,0.0,8,6,False
2021,Azerbaijan,Sweden,5.0,0.0,5.0,0.0,8,3,False
2021,Azerbaijan,Switzerland,0.0,4.0,-4.0,0.0,8,1,False
2021,Azerbaijan,Ukraine,6.0,8.0,-2.0,0.0,8,5,False
2021,Belgium,Albania,0.0,0.0,0.0,0.0,6,7,False
2021,Belgium,Azerbaijan,0.0,0.0,0.0,0.0,6,8,False
2021,Belgium,Bulgaria,6.0,0.0,6.0,0.0,6,8,False
2021,Belgium,Cyprus,0.0,0.0,0.0,0.0,6,7,False
2021,Belgium,Finland,8.0,6.0,2.0,0.0,6,3,False
2021,Belgium,France,0.0,12.0,-12.0,-1.0,6,1,False
2021,Belgium,Greece,0.0,0.0,0.0,0.0,6,7,False
2021,Belgium,Iceland,3.0,5.0,-2.0,0.0,6,3,False
2021,Belgium,Israel,0.0,0.0,0.0,0.0,6,6,True
2021,Belgium,Italy,2.0,8.0,-6.0,0.0,6,2,False
2021,Belgium,Lithuania,0.0,7.0,-7.0,0.0,6,5,False
2021,Belgium,Malta,5.0,2.0,3.0,0.0,6,7,False
2021,Belgium,Moldova,0.0,0.0,0.0,0.0,6,8,False
2021,Belgium,Netherlands,0.0,0.0,0.0,0.0,6,1,False
2021,Belgium,Norway,0.0,1.0,-1.0,0.0,6,3,False
2021,Belgium,Portugal,1.0,0.0,1.0,0.0,6,2,False
2021,Belgium,Russia,7.0,0.0,7.0,0.0,6,5,False
2021,Belgium,Serbia,0.0,0.0,0.0,0.0,6,4,False
2021,Belgium,Spain,0.0,0.0,0.0,0.0,6,6,True
2021,Belgium,Sweden,4.0,3.0,1.0,0.0,6,3,False
2021,Belgium,Switzerland,12.0,4.0,8.0,1.0,6,1,False
2021,Belgium,Ukraine,10.0,10.0,0.0,0.0,6,5,False
2021,Bulgaria,Albania,0.0,0.0,0.0,0.0,8,7,False
2021,Bulgaria,Azerbaijan,0.0,4.0,-4.0,0.0,8,8,True
2021,Bulgaria,Belgium,0.0,0.0,0.0,0.0,8,6,False
2021,Bulgaria,Cyprus,0.0,0.0,0.0,0.0,8,7,False
2021,Bulgaria,Finland,1.0,8.0,-7.0,0.0,8,3,False
2021,Bulgaria,France,7.0,10.0,-3.0,-1.0,8,1,False
2021,Bulgaria,Greece,8.0,2.0,6.0,0.0,8,7,False
2021,Bulgaria,Iceland,0.0,0.0,0.0,0.0,8,3,False
2021,Bulgaria,Israel,3.0,0.0,3.0,0.0,8,6,False
2021,Bulgaria,Italy,10.0,12.0,-2.0,0.0,8,2,False
2021,Bulgaria,Lithuania,0.0,0.0,0.0,0.0,8,5,False
2021,Bulgaria,Malta,5.0,0.0,5.0,0.0,8,7,False
2021,Bulgaria,Moldova,12.0,0.0,12.0,1.0,8,8,True
2021,Bulgaria,Netherlands,2.0,0.0,2.0,0.0,8,1,False
2021,Bulgaria,Norway,0.0,0.0,0.0,0.0,8,3,False
2021,Bulgaria,Portugal,6.0,0.0,6.0,0.0,8,2,False
2021,Bulgaria,Russia,0.0,7.0,-7.0,0.0,8,5,False
2021,Bulgaria,Serbia,0.0,5.0,-5.0,0.0,8,4,False
2021,Bulgaria,Spain,4.0,0.0,4.0,0.0,8,6,False
2021,Bulgaria,Sweden,0.0,1.0,-1.0,0.0,8,3,False
2021,Bulgaria,Switzerland,0.0,3.0,-3.0,0.0,8,1,False
2021,Bulgaria,Ukraine,0.0,6.0,-6.0,0.0,8,5,False
2021,Cyprus,Albania,0.0,0.0,0.0,0.0,7,7,True
2021,Cyprus,Azerbaijan,0.0,0.0,0.0,0.0,7,8,False
2021,Cyprus,Belgium,4.0,0.0,4.0,0.0,7,6,False
2021,Cyprus,Bulgaria,5.0,7.0,-2.0,0.0,7,8,False
2021,Cyprus,Finland,3.0,4.0,-1.0,0.0,7,3,False
2021,Cyprus,France,7.0,8.0,-1.0,0.0,7,1,False
2021,Cyprus,Greece,12.0,12.0,0.0,0.0,7,7,True
2021,Cyprus,Iceland,0.0,0.0,0.0,0.0,7,3,False
2021,Cyprus,Israel,0.0,2.0,-2.0,0.0,7,6,False
2021,Cyprus,Italy,8.0,10.0,-2.0,-1.0,7,2,False
2021,Cyprus,Lithuania,0.0,5.0,-5.0,0.0,7,5,False
2021,Cyprus,Malta,10.0,1.0,9.0,1.0,7,7,True
2021,Cyprus,Moldova,0.0,0.0,0.0,0.0,7,8,False
2021,Cyprus,Netherlands,0.0,0.0,0.0,0.0,7,1,False
2021,Cyprus,Norway,0.0,0.0,0.0,0.0,7,3,False
2021,Cyprus,Portugal,1.0,0.0,1.0,0.0,7,2,False
2021,Cyprus,Russia,6.0,3.0,3.0,0.0,7,5,False
2021,Cyprus,Serbia,0.0,0.0,0.0,0.0,7,4,False
2021,Cyprus,Spain,0.0,0.0,0.0,0.0,7,6,False
2021,Cyprus,Sweden,0.0,0.0,0.0,0.0,7,3,False
2021,Cyprus,Switzerland,2.0,0.0,2.0,0.0,7,1,False
2021,Cyprus,Ukraine,0.0,6.0,-6.0,0.0,7,5,False
2021,Finland,Albania,0.0,0.0,0.0,0.0,3,7,False
2021,Finland,Azerbaijan,0.0,0.0,0.0,0.0,3,8,False
2021,Finland,Belgium,0.0,0.0,0.0,0.0,3,6,False
2021,Finland,Bulgaria,10.0,0.0,10.0,1.0,3,8,False
2021,Finland,Cyprus,0.0,0.0,0.0,0.0,3,7,False
2021,Finland,France,7.0,6.0,1.0,0.0,3,1,False
2021,Finland,Greece,2.0,0.0,2.0,0.0,3,7,False
2021,Finland,Iceland,8.0,12.0,-4.0,-1.0,3,3,True
2021,Finland,Israel,0.0,0.0,0.0,0.0,3,6,False
2021,Finland,Italy,6.0,8.0,-2.0,0.0,3,2,False
2021,Finland,Lithuania,3.0,5.0,-2.0,0.0,3,5,False
2021,Finland,Malta,1.0,0.0,1.0,0.0,3,7,False
2021,Finland,Moldova,0.0,2.0,-2.0,0.0,3,8,False
2021,Finland,Netherlands,0.0,0.0,0.0,0.0,3,1,False
2021,Finland,Norway,0.0,4.0,-4.0,0.0,3,3,True
2021,Finland,Portugal,0.0,0.0,0.0,0.0,3,2,False
2021,Finland,Russia,4.0,1.0,3.0,0.0,3,5,False
2021,Finland,Serbia,0.0,0.0,0.0,0.0,3,4,False
2021,Finland,Spain,0.0,0.0,0.0,0.0,3,6,False
2021,Finland,Sweden,5.0,3.0,2.0,0.0,3,3,True
2021,Finland,Switzerland,12.0,7.0,5.0,1.0,3,1,False
2021,Finland,Ukraine,0.0,10.0,-10.0,-1.0,3,5,False
2021,France,Albania,0.0,0.0,0.0,0.0,1,7,False
2021,France,Azerbaijan,0.0,0.0,0.0,0.0,1,8,False
2021,France,Belgium,6.0,0.0,6.0,0.0,1,6,False
2021,France,Bulgaria,0.0,0.0,0.0,0.0,1,8,False
2021,France,Cyprus,2.0,0.0,2.0,0.0,1,7,False
2021,France,Finland,0.0,1.0,-1.0,0.0,1,3,False
2021,France,Greece,12.0,0.0,12.0,1.0,1,7,False
2021,France,Iceland,3.0,4.0,-1.0,0.0,1,3,False
2021,France,Israel,5.0,5.0,0.0,0.0,1,6,False
2021,France,Italy,0.0,10.0,-10.0,-1.0,1,2,False
2021,France,Lithuania,0.0,0.0,0.0,0.0,1,5,False
2021,France,Malta,0.0,0.0,0.0,0.0,1,7,False
2021,France,Moldova,0.0,7.0,-7.0,0.0,1,8,False
2021,France,Netherlands,0.0,0.0,0.0,0.0,1,1,True
2021,France,Norway,0.0,0.0,0.0,0.0,1,3,False
2021,France,Portugal,8.0,8.0,0.0,0.0,1,2,False
2021,France,Russia,10.0,0.0,10.0,1.0,1,5,False
2021,France,Serbia,0.0,3.0,-3.0,0.0,1,4,False
2021,France,Spain,0.0,0.0,0.0,0.0,1,6,False
2021,France,Sweden,1.0,2.0,-1.0,0.0,1,3,False
2021,France,Switzerland,7.0,6.0,1.0,0.0,1,1,True
2021,France,Ukraine,0.0,12.0,-12.0,-1.0,1,5,False
2021,Germany,Albania,0.0,0.0,0.0,0.0,1,7,False
2021,Germany,Azerbaijan,0.0,0.0,0.0,0.0,1,8,False
2021,Germany,Belgium,0.0,0.0,0.0,0.0,1,6,False
2021,Germany,Bulgaria,0.0,0.0,0.0,0.0,1,8,False
2021,Germany,Cyprus,7.0,0.0,7.0,0.0,1,7,False
2021,Germany,Finland,0.0,8.0,-8.0,0.0,1,3,False
2021,Germany,France,12.0,10.0,2.0,0.0,1,1,True
2021,Germany,Greece,0.0,0.0,0.0,0.0,1,7,False
2021,Germany,Iceland,3.0,6.0,-3.0,0.0,1,3,False
2021,Germany,Israel,0.0,0.0,0.0,0.0,1,6,False
2021,Germany,Italy,6.0,7.0,-1.0,0.0,1,2,False
2021,Germany,Lithuania,1.0,12.0,-11.0,-1.0,1,5,False
2021,Germany,Malta,8.0,0.0,8.0,0.0,1,7,False
2021,Germany,Moldova,0.0,0.0,0.0,0.0,1,8,False
2021,Germany,Netherlands,0.0,0.0,0.0,0.0,1,1,True
2021,Germany,Norway,0.0,1.0,-1.0,0.0,1,3,False
2021,Germany,Portugal,0.0,0.0,0.0,0.0,1,2,False
2021,Germany,Russia,2.0,5.0,-3.0,0.0,1,5,False
2021,Germany,Serbia,0.0,3.0,-3.0,0.0,1,4,False
2021,Germany,Spain,0.0,0.0,0.0,0.0,1,6,False
2021,Germany,Sweden,4.0,0.0,4.0,0.0,1,3,False
2021,Germany,Switzerland,10.0,2.0,8.0,1.0,1,1,True
2021,Germany,Ukraine,5.0,4.0,1.0,0.0,1,5,False
2021,Greece,Albania,0.0,7.0,-7.0,0.0,7,7,True
2021,Greece,Azerbaijan,0.0,2.0,-2.0,0.0,7,8,False
2021,Greece,Belgium,3.0,0.0,3.0,0.0,7,6,False
2021,Greece,Bulgaria,8.0,0.0,8.0,0.0,7,8,False
2021,Greece,Cyprus,12.0,12.0,0.0,0.0,7,7,True
2021,Greece,Finland,0.0,6.0,-6.0,0.0,7,3,False
2021,Greece,France,5.0,8.0,-3.0,0.0,7,1,False
2021,Greece,Iceland,0.0,0.0,0.0,0.0,7,3,False
2021,Greece,Israel,0.0,0.0,0.0,0.0,7,6,False
2021,Greece,Italy,4.0,10.0,-6.0,-1.0,7,2,False
2021,Greece,Lithuania,0.0,0.0,0.0,0.0,7,5,False
2021,Greece,Malta,6.0,3.0,3.0,0.0,7,7,True
2021,Greece,Moldova,10.0,0.0,10.0,1.0,7,8,False
2021,Greece,Netherlands,0.0,0.0,0.0,0.0,7,1,False
2021,Greece,Norway,0.0,0.0,0.0,0.0,7,3,False
2021,Greece,Portugal,0.0,0.0,0.0,0.0,7,2,False
2021,Greece,Russia,2.0,1.0,1.0,0.0,7,5,False
2021,Greece,Serbia,0.0,0.0,0.0,0.0,7,4,False
2021,Greece,Spain,0.0,0.0,0.0,0.0,7,6,False
2021,Greece,Sweden,0.0,0.0,0.0,0.0,7,3,False
2021,Greece,Switzerland,0.0,4.0,-4.0,0.0,7,1,False
2021,Greece,Ukraine,1.0,5.0,-4.0,0.0,7,5,False
2021,Iceland,Albania,0.0,0.0,0.0,0.0,3,7,False
2021,Iceland,Azerbaijan,0.0,0.0,0.0,0.0,3,8,False
2021,Iceland,Belgium,0.0,0.0,0.0,0.0,3,6,False
2021,Iceland,Bulgaria,8.0,0.0,8.0,0.0,3,8,False
2021,Iceland,Cyprus,0.0,0.0,0.0,0.0,3,7,False
2021,Iceland,Finland,5.0,12.0,-7.0,-1.0,3,3,True
2021,Iceland,France,6.0,7.0,-1.0,0.0,3,1,False
2021,Iceland,Greece,4.0,0.0,4.0,0.0,3,7,False
2021,Iceland,Israel,0.0,0.0,0.0,0.0,3,6,False
2021,Iceland,Italy,7.0,5.0,2.0,0.0,3,2,False
2021,Iceland,Lithuania,0.0,4.0,-4.0,0.0,3,5,False
2021,Iceland,Malta,1.0,3.0,-2.0,0.0,3,7,False
2021,Iceland,Moldova,0.0,0.0,0.0,0.0,3,8,False
2021,Iceland,Netherlands,0.0,0.0,0.0,0.0,3,1,False
2021,Iceland,Norway,0.0,1.0,-1.0,0.0,3,3,True
2021,Iceland,Portugal,10.0,2.0,8.0,1.0,3,2,False
2021,Iceland,Russia,2.0,0.0,2.0,0.0,3,5,False
2021,Iceland,Serbia,0.0,0.0,0.0,0.0,3,4,False
2021,Iceland,Spain,0.0,0.0,0.0,0.0,3,6,False
2021,Iceland,Sweden,0.0,10.0,-10.0,-1.0,3,3,True
2021,Iceland,Switzerland,12.0,6.0,6.0,1.0,3,1,False
2021,Iceland,Ukraine,3.0,8.0,-5.0,0.0,3,5,False
2021,Israel,Albania,0.0,0.0,0.0,0.0,6,7,False
2021,Israel,Azerbaijan,2.0,2.0,0.0,0.0,6,8,False
2021,Israel,Belgium,6.0,0.0,6.0,0.0,6,6,True
2021,Israel,Bulgaria,1.0,0.0,1.0,0.0,6,8,False
2021,Israel,Cyprus,3.0,0.0,3.0,0.0,6,7,False
2021,Israel,Finland,0.0,4.0,-4.0,0.0,6,3,False
2021,Israel,France,8.0,8.0,0.0,0.0,6,1,False
2021,Israel,Greece,0.0,0.0,0.0,0.0,6,7,False
2021,Israel,Iceland,0.0,1.0,-1.0,0.0,6,3,False
2021,Israel,Italy,0.0,7.0,-7.0,0.0,6,2,False
2021,Israel,Lithuania,10.0,3.0,7.0,1.0,6,5,False
2021,Israel,Malta,5.0,5.0,0.0,0.0,6,7,False
2021,Israel,Moldova,0.0,0.0,0.0,0.0,6,8,False
2021,Israel,Netherlands,0.0,0.0,0.0,0.0,6,1,False
2021,Israel,Norway,0.0,0.0,0.0,0.0,6,3,False
2021,Israel,Portugal,0.0,0.0,0.0,0.0,6,2,False
2021,Israel,Russia,7.0,10.0,-3.0,-1.0,6,5,False
2021,Israel,Serbia,0.0,0.0,0.0,0.0,6,4,False
2021,Israel,Spain,0.0,0.0,0.0,0.0,6,6,True
2021,Israel,Sweden,0.0,0.0,0.0,0.0,6,3,False
2021,Israel,Switzerland,12.0,6.0,6.0,1.0,6,1,False
2021,Israel,Ukraine,4.0,12.0,-8.0,-1.0,6,5,False
2021,Italy,Albania,0.0,10.0,-10.0,-1.0,2,7,False
2021,Italy,Azerbaijan,0.0,0.0,0.0,0.0,2,8,False
2021,Italy,Belgium,5.0,0.0,5.0,0.0,2,6,False
2021,Italy,Bulgaria,0.0,0.0,0.0,0.0,2,8,False
2021,Italy,Cyprus,0.0,0.0,0.0,0.0,2,7,False
2021,Italy,Finland,10.0,8.0,2.0,1.0,2,3,False
2021,Italy,France,3.0,1.0,2.0,0.0,2,1,False
2021,Italy,Greece,0.0,0.0,0.0,0.0,2,7,False
2021,Italy,Iceland,8.0,6.0,2.0,0.0,2,3,False
2021,Italy,Israel,4.0,0.0,4.0,0.0,2,6,False
2021,Italy,Lithuania,12.0,5.0,7.0,1.0,2,5,False
2021,Italy,Malta,7.0,0.0,7.0,0.0,2,7,False
2021,Italy,Moldova,0.0,2.0,-2.0,0.0,2,8,False
2021,Italy,Netherlands,0.0,0.0,0.0,0.0,2,1,False
2021,Italy,Norway,2.0,0.0,2.0,0.0,2,3,False
2021,Italy,Portugal,6.0,0.0,6.0,0.0,2,2,True
2021,Italy,Russia,0.0,7.0,-7.0,0.0,2,5,False
2021,Italy,Serbia,0.0,4.0,-4.0,0.0,2,4,False
2021,Italy,Spain,0.0,0.0,0.0,0.0,2,6,False
2021,Italy,Sweden,0.0,0.0,0.0,0.0,2,3,False
2021,Italy,Switzerland,0.0,0.0,0.0,0.0,2,1,False
2021,Italy,Ukraine,1.0,12.0,-11.0,-1.0,2,5,False
2021,Lithuania,Albania,0.0,0.0,0.0,0.0,5,7,False
2021,Lithuania,Azerbaijan,0.0,0.0,0.0,0.0,5,8,False
2021,Lithuania,Belgium,7.0,2.0,5.0,0.0,5,6,False
2021,Lithuania,Bulgaria,2.0,0.0,2.0,0.0,5,8,False
2021,Lithuania,Cyprus,0.0,0.0,0.0,0.0,5,7,False
2021,Lithuania,Finland,0.0,7.0,-7.0,0.0,5,3,False
2021,Lithuania,France,5.0,8.0,-3.0,0.0,5,1,False
2021,Lithuania,Greece,0.0,0.0,0.0,0.0,5,7,False
2021,Lithuania,Iceland,4.0,3.0,1.0,0.0,5,3,False
2021,Lithuania,Israel,1.0,0.0,1.0,0.0,5,6,False
2021,Lithuania,Italy,10.0,10.0,0.0,0.0,5,2,False
2021,Lithuania,Malta,3.0,0.0,3.0,0.0,5,7,False
2021,Lithuania,Moldova,0.0,0.0,0.0,0.0,5,8,False
2021,Lithuania,Netherlands,0.0,0.0,0.0,0.0,5,1,False
2021,Lithuania,Norway,0.0,5.0,-5.0,0.0,5,3,False
2021,Lithuania,Portugal,6.0,0.0,6.0,0.0,5,2,False
2021,Lithuania,Russia,0.0,4.0,-4.0,0.0,5,5,True
2021,Lithuania,Serbia,0.0,0.0,0.0,0.0,5,4,False
2021,Lithuania,Spain,0.0,0.0,0.0,0.0,5,6,False
2021,Lithuania,Sweden,0.0,1.0,-1.0,0.0,5,3,False
2021,Lithuania,Switzerland,8.0,6.0,2.0,0.0,5,1,False
2021,Lithuania,Ukraine,12.0,12.0,0.0,0.0,5,5,True
2021,Malta,Albania,12.0,0.0,12.0,1.0,7,7,True
2021,Malta,Azerbaijan,0.0,0.0,0.0,0.0,7,8,False
2021,Malta,Belgium,0.0,0.0,0.0,0.0,7,6,False
2021,Malta,Bulgaria,0.0,0.0,0.0,0.0,7,8,False
2021,Malta,Cyprus,4.0,2.0,2.0,0.0,7,7,True
2021,Malta,Finland,2.0,7.0,-5.0,0.0,7,3,False
2021,Malta,France,3.0,3.0,0.0,0.0,7,1,False
2021,Malta,Greece,6.0,0.0,6.0,0.0,7,7,True
2021,Malta,Iceland,0.0,5.0,-5.0,0.0,7,3,False
2021,Malta,Israel,0.0,0.0,0.0,0.0,7,6,False
2021,Malta,Italy,0.0,12.0,-12.0,-1.0,7,2,False
2021,Malta,Lithuania,0.0,6.0,-6.0,0.0,7,5,False
2021,Malta,Moldova,0.0,0.0,0.0,0.0,7,8,False
2021,Malta,Netherlands,0.0,0.0,0.0,0.0,7,1,False
2021,Malta,Norway,0.0,10.0,-10.0,-1.0,7,3,False
2021,Malta,Portugal,7.0,0.0,7.0,0.0,7,2,False
2021,Malta,Russia,0.0,0.0,0.0,0.0,7,5,False
2021,Malta,Serbia,0.0,4.0,-4.0,0.0,7,4,False
2021,Malta,Spain,0.0,0.0,0.0,0.0,7,6,False
2021,Malta,Sweden,8.0,8.0,0.0,0.0,7,3,False
2021,Malta,Switzerland,10.0,0.0,10.0,1.0,7,1,False
2021,Malta,Ukraine,5.0,1.0,4.0,0.0,7,5,False
2021,Moldova,Albania,0.0,0.0,0.0,0.0,8,7,False
2021,Moldova,Azerbaijan,6.0,1.0,5.0,0.0,8,8,True
2021,Moldova,Belgium,0.0,0.0,0.0,0.0,8,6,False
2021,Moldova,Bulgaria,12.0,0.0,12.0,1.0,8,8,True
2021,Moldova,Cyprus,1.0,0.0,1.0,0.0,8,7,False
2021,Moldova,Finland,0.0,5.0,-5.0,0.0,8,3,False
2021,Moldova,France,4.0,6.0,-2.0,0.0,8,1,False
2021,Moldova,Greece,8.0,7.0,1.0,0.0,8,7,False
2021,Moldova,Iceland,5.0,0.0,5.0,0.0,8,3,False
2021,Moldova,Israel,0.0,0.0,0.0,0.0,8,6,False
2021,Moldova,Italy,0.0,8.0,-8.0,0.0,8,2,False
2021,Moldova,Lithuania,0.0,2.0,-2.0,0.0,8,5,False
2021,Moldova,Malta,7.0,0.0,7.0,0.0,8,7,False
2021,Moldova,Netherlands,0.0,0.0,0.0,0.0,8,1,False
2021,Moldova,Norway,0.0,0.0,0.0,0.0,8,3,False
2021,Moldova,Portugal,2.0,0.0,2.0,0.0,8,2,False
2021,Moldova,Russia,10.0,12.0,-2.0,0.0,8,5,False
2021,Moldova,Serbia,0.0,0.0,0.0,0.0,8,4,False
2021,Moldova,Spain,0.0,0.0,0.0,0.0,8,6,False
2021,Moldova,Sweden,0.0,3.0,-3.0,0.0,8,3,False
2021,Moldova,Switzerland,3.0,4.0,-1.0,0.0,8,1,False
2021,Moldova,Ukraine,0.0,10.0,-10.0,-1.0,8,5,False
2021,Netherlands,Albania,1.0,0.0,1.0,0.0,1,7,False
2021,Netherlands,Azerbaijan,2.0,0.0,2.0,0.0,1,8,False
2021,Netherlands,Belgium,6.0,0.0,6.0,0.0,1,6,False
2021,Netherlands,Bulgaria,0.0,0.0,0.0,0.0,1,8,False
2021,Netherlands,Cyprus,0.0,0.0,0.0,0.0,1,7,False
2021,Netherlands,Finland,0.0,4.0,-4.0,0.0,1,3,False
2021,Netherlands,France,12.0,12.0,0.0,0.0,1,1,True
2021,Netherlands,Greece,0.0,10.0,-10.0,-1.0,1,7,False
2021,Netherlands,Iceland,10.0,8.0,2.0,1.0,1,3,False
2021,Netherlands,Israel,4.0,0.0,4.0,0.0,1,6,False
2021,Netherlands,Italy,0.0,2.0,-2.0,0.0,1,2,False
2021,Netherlands,Lithuania,0.0,3.0,-3.0,0.0,1,5,False
2021,Netherlands,Malta,7.0,1.0,6.0,0.0,1,7,False
2021,Netherlands,Moldova,0.0,0.0,0.0,0.0,1,8,False
2021,Netherlands,Norway,0.0,0.0,0.0,0.0,1,3,False
2021,Netherlands,Portugal,0.0,6.0,-6.0,0.0,1,2,False
2021,Netherlands,Russia,8.0,0.0,8.0,0.0,1,5,False
2021,Netherlands,Serbia,0.0,0.0,0.0,0.0,1,4,False
2021,Netherlands,Spain,0.0,0.0,0.0,0.0,1,6,False
2021,Netherlands,Sweden,0.0,0.0,0.0,0.0,1,3,False
2021,Netherlands,Switzerland,5.0,7.0,-2.0,0.0,1,1,True
2021,Netherlands,Ukraine,3.0,5.0,-2.0,0.0,1,5,False
2021,Norway,Albania,0.0,0.0,0.0,0.0,3,7,False
2021,Norway,Azerbaijan,0.0,1.0,-1.0,0.0,3,8,False
2021,Norway,Belgium,0.0,0.0,0.0,0.0,3,6,False
2021,Norway,Bulgaria,6.0,0.0,6.0,0.0,3,8,False
2021,Norway,Cyprus,0.0,0.0,0.0,0.0,3,7,False
2021,Norway,Finland,0.0,6.0,-6.0,0.0,3,3,True
2021,Norway,France,4.0,4.0,0.0,0.0,3,1,False
2021,Norway,Greece,1.0,0.0,1.0,0.0,3,7,False
2021,Norway,Iceland,2.0,10.0,-8.0,-1.0,3,3,True
2021,Norway,Israel,8.0,0.0,8.0,0.0,3,6,False
2021,Norway,Italy,5.0,7.0,-2.0,0.0,3,2,False
2021,Norway,Lithuania,0.0,12.0,-12.0,-1.0,3,5,False
2021,Norway,Malta,12.0,3.0,9.0,1.0,3,7,False
2021,Norway,Moldova,0.0,0.0,0.0,0.0,3,8,False
2021,Norway,Netherlands,0.0,0.0,0.0,0.0,3,1,False
2021,Norway,Portugal,0.0,0.0,0.0,0.0,3,2,False
2021,Norway,Russia,0.0,0.0,0.0,0.0,3,5,False
2021,Norway,Serbia,0.0,0.0,0.0,0.0,3,4,False
2021,Norway,Spain,0.0,0.0,0.0,0.0,3,6,False
2021,Norway,Sweden,10.0,8.0,2.0,1.0,3,3,True
2021,Norway,Switzerland,7.0,2.0,5.0,0.0,3,1,False
2021,Norway,Ukraine,3.0,5.0,-2.0,0.0,3,5,False
2021,Portugal,Albania,0.0,0.0,0.0,0.0,2,7,False
2021,Portugal,Azerbaijan,0.0,0.0,0.0,0.0,2,8,False
2021,Portugal,Belgium,5.0,0.0,5.0,0.0,2,6,False
2021,Portugal,Bulgaria,12.0,0.0,12.0,1.0,2,8,False
2021,Portugal,Cyprus,0.0,0.0,0.0,0.0,2,7,False
2021,Portugal,Finland,0.0,5.0,-5.0,0.0,2,3,False
2021,Portugal,France,6.0,12.0,-6.0,-1.0,2,1,False
2021,Portugal,Greece,0.0,2.0,-2.0,0.0,2,7,False
2021,Portugal,Iceland,8.0,3.0,5.0,0.0,2,3,False
2021,Portugal,Israel,0.0,0.0,0.0,0.0,2,6,False
2021,Portugal,Italy,3.0,7.0,-4.0,0.0,2,2,True
2021,Portugal,Lithuania,0.0,0.0,0.0,0.0,2,5,False
2021,Portugal,Malta,4.0,0.0,4.0,0.0,2,7,False
2021,Portugal,Moldova,0.0,8.0,-8.0,0.0,2,8,False
2021,Portugal,Netherlands,1.0,0.0,1.0,0.0,2,1,False
2021,Portugal,Norway,0.0,0.0,0.0,0.0,2,3,False
2021,Portugal,Russia,10.0,1.0,9.0,1.0,2,5,False
2021,Portugal,Serbia,0.0,0.0,0.0,0.0,2,4,False
2021,Portugal,Spain,0.0,0.0,0.0,0.0,2,6,False
2021,Portugal,Sweden,0.0,4.0,-4.0,0.0,2,3,False
2021,Portugal,Switzerland,7.0,6.0,1.0,0.0,2,1,False
2021,Portugal,Ukraine,2.0,10.0,-8.0,-1.0,2,5,False
2021,Russia,Albania,0.0,0.0,0.0,0.0,5,7,False
2021,Russia,Azerbaijan,8.0,4.0,4.0,0.0,5,8,False
2021,Russia,Belgium,3.0,0.0,3.0,0.0,5,6,False
2021,Russia,Bulgaria,6.0,0.0,6.0,0.0,5,8,False
2021,Russia,Cyprus,2.0,12.0,-10.0,-1.0,5,7,False
2021,Russia,Finland,0.0,8.0,-8.0,0.0,5,3,False
2021,Russia,France,0.0,6.0,-6.0,0.0,5,1,False
2021,Russia,Greece,7.0,0.0,7.0,0.0,5,7,False
2021,Russia,Iceland,0.0,1.0,-1.0,0.0,5,3,False
2021,Russia,Israel,5.0,0.0,5.0,0.0,5,6,False
2021,Russia,Italy,10.0,10.0,0.0,0.0,5,2,False
2021,Russia,Lithuania,0.0,2.0,-2.0,0.0,5,5,True
2021,Russia,Malta,4.0,0.0,4.0,0.0,5,7,False
2021,Russia,Moldova,12.0,3.0,9.0,1.0,5,8,False
2021,Russia,Netherlands,0.0,0.0,0.0,0.0,5,1,False
2021,Russia,Norway,0.0,0.0,0.0,0.0,5,3,False
2021,Russia,Portugal,0.0,0.0,0.0,0.0,5,2,False
2021,Russia,Serbia,0.0,0.0,0.0,0.0,5,4,False
2021,Russia,Spain,0.0,0.0,0.0,0.0,5,6,False
2021,Russia,Sweden,0.0,0.0,0.0,0.0,5,3,False
2021,Russia,Switzerland,1.0,5.0,-4.0,0.0,5,1,False
2021,Russia,Ukraine,0.0,7.0,-7.0,0.0,5,5,True
2021,Serbia,Albania,0.0,0.0,0.0,0.0,4,7,False
2021,Serbia,Azerbaijan,0.0,4.0,-4.0,0.0,4,8,False
2021,Serbia,Belgium,0.0,0.0,0.0,0.0,4,6,False
2021,Serbia,Bulgaria,6.0,0.0,6.0,0.0,4,8,False
2021,Serbia,Cyprus,0.0,2.0,-2.0,0.0,4,7,False
2021,Serbia,Finland,10.0,7.0,3.0,1.0,4,3,False
2021,Serbia,France,12.0,10.0,2.0,0.0,4,1,False
2021,Serbia,Greece,3.0,3.0,0.0,0.0,4,7,False
2021,Serbia,Iceland,7.0,5.0,2.0,0.0,4,3,False
2021,Serbia,Israel,2.0,0.0,2.0,0.0,4,6,False
2021,Serbia,Italy,8.0,12.0,-4.0,-1.0,4,2,False
2021,Serbia,Lithuania,0.0,0.0,0.0,0.0,4,5,False
2021,Serbia,Malta,0.0,0.0,0.0,0.0,4,7,False
2021,Serbia,Moldova,0.0,0.0,0.0,0.0,4,8,False
2021,Serbia,Netherlands,0.0,0.0,0.0,0.0,4,1,False
2021,Serbia,Norway,0.0,0.0,0.0,0.0,4,3,False
2021,Serbia,Portugal,5.0,0.0,5.0,0.0,4,2,False
2021,Serbia,Russia,0.0,6.0,-6.0,0.0,4,5,False
2021,Serbia,Spain,0.0,0.0,0.0,0.0,4,6,False
2021,Serbia,Sweden,4.0,0.0,4.0,0.0,4,3,False
2021,Serbia,Switzerland,1.0,1.0,0.0,0.0,4,1,False
2021,Serbia,Ukraine,0.0,8.0,-8.0,0.0,4,5,False
2021,Spain,Albania,0.0,0.0,0.0,0.0,6,7,False
2021,Spain,Azerbaijan,0.0,0.0,0.0,0.0,6,8,False
2021,Spain,Belgium,0.0,0.0,0.0,0.0,6,6,True
2021,Spain,Bulgaria,4.0,8.0,-4.0,0.0,6,8,False
2021,Spain,Cyprus,6.0,0.0,6.0,0.0,6,7,False
2021,Spain,Finland,0.0,2.0,-2.0,0.0,6,3,False
2021,Spain,France,12.0,12.0,0.0,0.0,6,1,False
2021,Spain,Greece,1.0,0.0,1.0,0.0,6,7,False
2021,Spain,Iceland,7.0,5.0,2.0,0.0,6,3,False
2021,Spain,Israel,3.0,0.0,3.0,0.0,6,6,True
2021,Spain,Italy,0.0,10.0,-10.0,-1.0,6,2,False
2021,Spain,Lithuania,2.0,4.0,-2.0,0.0,6,5,False
2021,Spain,Malta,8.0,3.0,5.0,0.0,6,7,False
2021,Spain,Moldova,0.0,0.0,0.0,0.0,6,8,False
2021,Spain,Netherlands,0.0,0.0,0.0,0.0,6,1,False
2021,Spain,Norway,0.0,0.0,0.0,0.0,6,3,False
2021,Spain,Portugal,5.0,1.0,4.0,0.0,6,2,False
2021,Spain,Russia,0.0,0.0,0.0,0.0,6,5,False
2021,Spain,Serbia,0.0,0.0,0.0,0.0,6,4,False
2021,Spain,Sweden,0.0,0.0,0.0,0.0,6,3,False
2021,Spain,Switzerland,10.0,7.0,3.0,1.0,6,1,False
2021,Spain,Ukraine,0.0,6.0,-6.0,0.0,6,5,False
2021,Sweden,Albania,0.0,0.0,0.0,0.0,3,7,False
2021,Sweden,Azerbaijan,0.0,0.0,0.0,0.0,3,8,False
2021,Sweden,Belgium,1.0,0.0,1.0,0.0,3,6,False
2021,Sweden,Bulgaria,0.0,0.0,0.0,0.0,3,8,False
2021,Sweden,Cyprus,0.0,0.0,0.0,0.0,3,7,False
2021,Sweden,Finland,0.0,12.0,-12.0,-1.0,3,3,True
2021,Sweden,France,6.0,6.0,0.0,0.0,3,1,False
2021,Sweden,Greece,0.0,0.0,0.0,0.0,3,7,False
2021,Sweden,Iceland,7.0,10.0,-3.0,-1.0,3,3,True
2021,Sweden,Israel,4.0,0.0,4.0,0.0,3,6,False
2021,Sweden,Italy,10.0,3.0,7.0,1.0,3,2,False
2021,Sweden,Lithuania,0.0,7.0,-7.0,0.0,3,5,False
2021,Sweden,Malta,12.0,2.0,10.0,1.0,3,7,False
2021,Sweden,Moldova,0.0,0.0,0.0,0.0,3,8,False
2021,Sweden,Netherlands,0.0,0.0,0.0,0.0,3,1,False
2021,Sweden,Norway,2.0,8.0,-6.0,0.0,3,3,True
2021,Sweden,Portugal,0.0,0.0,0.0,0.0,3,2,False
2021,Sweden,Russia,3.0,0.0,3.0,0.0,3,5,False
2021,Sweden,Serbia,0.0,1.0,-1.0,0.0,3,4,False
2021,Sweden,Spain,0.0,0.0,0.0,0.0,3,6,False
2021,Sweden,Switzerland,5.0,5.0,0.0,0.0,3,1,False
2021,Sweden,Ukraine,8.0,4.0,4.0,0.0,3,5,False
2021,Switzerland,Albania,0.0,7.0,-7.0,0.0,1,7,False
2021,Switzerland,Azerbaijan,2.0,0.0,2.0,0.0,1,8,False
2021,Switzerland,Belgium,0.0,0.0,0.0,0.0,1,6,False
2021,Switzerland,Bulgaria,10.0,0.0,10.0,1.0,1,8,False
2021,Switzerland,Cyprus,0.0,0.0,0.0,0.0,1,7,False
2021,Switzerland,Finland,1.0,4.0,-3.0,0.0,1,3,False
2021,Switzerland,France,12.0,6.0,6.0,1.0,1,1,True
2021,Switzerland,Greece,0.0,0.0,0.0,0.0,1,7,False
2021,Switzerland,Iceland,5.0,5.0,0.0,0.0,1,3,False
2021,Switzerland,Israel,0.0,0.0,0.0,0.0,1,6,False
2021,Switzerland,Italy,8.0,10.0,-2.0,-1.0,1,2,False
2021,Switzerland,Lithuania,4.0,1.0,3.0,0.0,1,5,False
2021,Switzerland,Malta,6.0,0.0,6.0,0.0,1,7,False
2021,Switzerland,Moldova,0.0,0.0,0.0,0.0,1,8,False
2021,Switzerland,Netherlands,0.0,0.0,0.0,0.0,1,1,True
2021,Switzerland,Norway,0.0,0.0,0.0,0.0,1,3,False
2021,Switzerland,Portugal,7.0,8.0,-1.0,0.0,1,2,False
2021,Switzerland,Russia,3.0,0.0,3.0,0.0,1,5,False
2021,Switzerland,Serbia,0.0,12.0,-12.0,-1.0,1,4,False
2021,Switzerland,Spain,0.0,0.0,0.0,0.0,1,6,False
2021,Switzerland,Sweden,0.0,3.0,-3.0,0.0,1,3,False
2021,Switzerland,Ukraine,0.0,2.0,-2.0,0.0,1,5,False
2021,Ukraine,Albania,0.0,0.0,0.0,0.0,5,7,False
2021,Ukraine,Azerbaijan,3.0,3.0,0.0,0.0,5,8,False
2021,Ukraine,Belgium,6.0,1.0,5.0,0.0,5,6,False
2021,Ukraine,Bulgaria,0.0,0.0,0.0,0.0,5,8,False
2021,Ukraine,Cyprus,0.0,0.0,0.0,0.0,5,7,False
2021,Ukraine,Finland,0.0,8.0,-8.0,0.0,5,3,False
2021,Ukraine,France,10.0,5.0,5.0,1.0,5,1,False
2021,Ukraine,Greece,0.0,0.0,0.0,0.0,5,7,False
2021,Ukraine,Iceland,4.0,6.0,-2.0,0.0,5,3,False
2021,Ukraine,Israel,7.0,0.0,7.0,0.0,5,6,False
2021,Ukraine,Italy,12.0,12.0,0.0,0.0,5,2,False
2021,Ukraine,Lithuania,0.0,10.0,-10.0,-1.0,5,5,True
2021,Ukraine,Malta,5.0,0.0,5.0,0.0,5,7,False
2021,Ukraine,Moldova,0.0,0.0,0.0,0.0,5,8,False
2021,Ukraine,Netherlands,0.0,0.0,0.0,0.0,5,1,False
2021,Ukraine,Norway,1.0,0.0,1.0,0.0,5,3,False
2021,Ukraine,Portugal,2.0,0.0,2.0,0.0,5,2,False
2021,Ukraine,Russia,0.0,4.0,-4.0,0.0,5,5,True
2021,Ukraine,Serbia,0.0,0.0,0.0,0.0,5,4,False
2021,Ukraine,Spain,0.0,0.0,0.0,0.0,5,6,False
2021,Ukraine,Sweden,0.0,2.0,-2.0,0.0,5,3,False
2021,Ukraine,Switzerland,8.0,7.0,1.0,0.0,5,1,False
2021,United Kingdom,Albania,0.0,0.0,0.0,0.0,3,7,False
2021,United Kingdom,Azerbaijan,0.0,0.0,0.0,0.0,3,8,False
2021,United Kingdom,Belgium,1.0,0.0,1.0,0.0,3,6,False
2021,United Kingdom,Bulgaria,5.0,8.0,-3.0,0.0,3,8,False
2021,United Kingdom,Cyprus,0.0,0.0,0.0,0.0,3,7,False
2021,United Kingdom,Finland,4.0,7.0,-3.0,0.0,3,3,True
2021,United Kingdom,France,12.0,5.0,7.0,1.0,3,1,False
2021,United Kingdom,Greece,0.0,0.0,0.0,0.0,3,7,False
2021,United Kingdom,Iceland,10.0,10.0,0.0,0.0,3,3,True
2021,United Kingdom,Israel,6.0,0.0,6.0,0.0,3,6,False
2021,United Kingdom,Italy,0.0,3.0,-3.0,0.0,3,2,False
2021,United Kingdom,Lithuania,0.0,12.0,-12.0,-1.0,3,5,False
2021,United Kingdom,Malta,0.0,6.0,-6.0,0.0,3,7,False
2021,United Kingdom,Moldova,0.0,0.0,0.0,0.0,3,8,False
2021,United Kingdom,Netherlands,0.0,0.0,0.0,0.0,3,1,False
2021,United Kingdom,Norway,0.0,2.0,-2.0,0.0,3,3,True
2021,United Kingdom,Portugal,7.0,0.0,7.0,0.0,3,2,False
2021,United Kingdom,Russia,0.0,0.0,0.0,0.0,3,5,False
2021,United Kingdom,Serbia,0.0,0.0,0.0,0.0,3,4,False
2021,United Kingdom,Spain,2.0,0.0,2.0,0.0,3,6,False
2021,United Kingdom,Sweden,0.0,0.0,0.0,0.0,3,3,True
2021,United Kingdom,Switzerland,8.0,1.0,7.0,0.0,3,1,False
2021,United Kingdom,Ukraine,0.0,4.0,-4.0,0.0,3,5,False
