#,Country,#.1,Artist,Song,Language,Place,Score,Eurovision Number,Year,Host Country,Host City,Lyrics,Lyrics translation,artist_norm,song_norm,danceability,energy,loudness,tempo
73,United Kingdom,4,The Allisons,Are You Sure?,English,2,24.0,6,1961,France,Cannes,"Goodbye (goodbye)
Farewell (farewell)
I'm not sure what to do

So long (so long)
Au revoir (au revoir)
It's hard, but I'll pull through

Are you sure you won't be sorry?
Comes tomorrow, you won't want me
Back again to hold you tightly?

Now are you sure
It's not your foolish heart?
That you won't grieve
If we're to be apart?

You will see as time goes by
We'll grow lonely
You and I
Dreaming of each other and we'll cry

Goodbye (goodbye)
Farewell (farewell)
I'm not sure what to do

So long (so long)
Au revoir (au revoir)
It's hard, but I'll pull through

Are you sure you won't be sorry?
Comes tomorrow, you won't want me
Back again to hold you tightly?

Just stop and think
It's your decision now
For you're the one
Who went and broke the vow
You'll be sorry
Wait and see
Spend your life in misery
Wishing that you had returned to me

Goodbye (goodbye)
Farewell (farewell)
What is there to live for?
Before you go
Just think now are you sure?

Are you sure you won't be sorry?
Comes tomorrow, you won't want me
Back again to hold you tightly in my arms?",English,the allisons,are you sure,0.382,0.4479999999999999,-11.696,167.679
101,France,8,Alain Barrière,Elle était si jolie,French,5,25.0,8,1963,United Kingdom,London,"Elle était si jolie
Que je n'osais l'aimer
Elle était si jolie
Je ne peux l'oublier
Elle était trop jolie
Quand le vent l'emmenait
Elle fuyait ravie
Et le vent me disait...

Elle est bien trop jolie
Et toi je te connais
L'aimer toute une vie
Tu ne pourras jamais
Oui mais elle est partie
C'est bête mais c'est vrai
Elle était si jolie
Je n'oublierai jamais

Aujourd'hui c'est l'automne
Et je pleure souvent
Aujourd'hui c'est l'automne
Qu'il est loin le printemps
Dans le parc où frissonnent
Les feuilles au vent mauvais
Sa robe tourbillonne
Puis elle disparaît...

Elle était si jolie
Que je n'osais l'aimer
Elle était si jolie
Je ne peux l'oublier
Elle était trop jolie
Quand le vent l'emmenait
Elle était si jolie
Je n'oublierai jamais","Oh, she was so beauti/ful
That I dared not love her.
Oh, she was so beautiful
I  cannot forget her
Oh, she was too beauti/ful,
When winds blew her away,
She escaped  joyfully -y
And to me the wind said
( and t'me the wind would say) Oh , she's way too beauti/ful
And I know you too well
Loving her for ever-er
You' ll never be able
Yes, but she's gone away
It's silly but it's real.
Oh, she was so beauti/ful
I' ll never forget her. And today, it is autumn
I weep  very often
And today, it is autumn
How distant seems the spring!
In the park, where shudder -er
The leaves in the bad wind,
Her dress swirls, whirls and curls
And then, she's gone away... Oh, she was so beauti/ful
That I dared not love her
Oh, she was so beauti/ful
I cannot forget her.
Oh, she was too beautiful,
When winds blew her away,
Oh, she was so beauti/ful
I'll never forget her.",alain barri re,elle tait si jolie,0.419,0.391,-9.189,102.346
112,Austria,8,Udo Jürgens,"Warum nur, warum?",German,6,11.0,9,1964,Denmark,Copenhagen,"Warum nur, warum
Muß alles vergeh'n?
Warum nur, warum
Bleibt gar nichts besteh'n?

Du gehst von mir
Schaust' dich nicht um
Gib mir die Antwort:
Warum nur warum?

Warum nur, warum
Blühn' Blumen so schön
Wenn sie schon bald
Verblüh'n und vergeh'n?

Ein Traum entflieht
Die Stunden sind um!
Bitte gib mir die Antwort:
Warum nur, warum?

Oft hör' ich dein Wort:
""Ewig bin ich Dein!""
Ich hab' dir geglaubt
Doch es war nur Schein!

Warum nur, warum
Muß alles so sein?
Warum nur, warum
Bin ich nun so allein?

Bevor du gehst
Dreh' einmal dich um!
Und dann gib' mir die Antwort:
Warum nur, warum?","Only why, why everything has to pass by?
Oh... only why, why nothing stays forever?
You leave me, you don't turn your head back
Give me the answer - only why, why? Only why, why the flowers bloom so beautiful
Oh... when will they fade and die?
A dream escapes, the time is up
Please, give me the answer - only why, why? Often I hear your words: I will be yours in eternity
I believed you, but it was just a pretence Oh yes... only why, why should everything be like this?
Oh... only why, why am I so alone?
Before you leave me, turn your head back
And then give me the answer - only why, why?
Why? Why?",udo j rgens,warum nur warum,0.37,0.721,-4.688,89.729
263,Spain,13,Mocedades,Eres tú,Spanish,2,125.0,18,1973,Luxembourg,Luxembourg City,"[Verse 1]
Como una promesa, eres tú, eres tú
Como una mañana de verano
Como una sonrisa, eres tú, eres tú
Así, así, eres tú
Toda mi esperanza, eres tú, eres tú
Como lluvia fresca en mis manos
Como fuerte brisa, eres tú, eres tú
Así, así, eres tú

[Chorus]
Eres tú como el agua de mi fuente
(Algo así eres tú)
Eres tú el fuego de mi hogar
Eres tú como el fuego de mi hoguera
Eres tú el trigo de mi pan

[Verse 2]
Como mi poema, eres tú, eres tú
Como una guitarra en la noche
Todo mi horizonte eres tú, eres tú
Así, así, eres tú

[Chorus]
Eres tú como el agua de mi fuente
(Algo así eres tú)
Eres tú el fuego de mi hogar
Eres tú como el fuego de mi hoguera
Eres tú el trigo de mi pan

[Outro]
Eres tú...","Like a promise, you are, you are...
like a summer morning.
Like a smile, you are, you are [to me]
That's how, that's how, you are [that's how I perceive you] You are like my hope, you are, you are... [to me]
like a fresh rain in my hands.
Like a strong breeze, you are, you are [to me]
That's how, that's how, you are [that's how I perceive you] You are the water of my fountain
You are the warmth in my home
You are
You are something like, ohhhh
Like the fire in my fireplace (something like the fire from my fireplace)
You are..,
(You are something like, ohhhh)
The wheat in my bread
My love, you are something like that Like my poem, you are, you are [to me]
Like a guitar in the night,
you are all my horizon, you are [to me]
That's how, that's how, you are [that's how I perceive you] You are the source of my water
You are the warmth in my home
You are (You are something like, ohhhh)
Like the fire in my fireplace (something like the fire from my fireplace)
You are (You are something like, ohhhh)
The wheat of my bread (my love, you are something like that ). You are...",mocedades,eres t,0.426,0.6,-4.045,81.205
370,Finland,18,Katri Helena,Katson sineen taivaan,Finnish,14,38.0,24,1979,Israel,Jerusalem,"Etsien käy lapsonen maan
Tokkopa koskaan juurtua saan
Lintunenkin muuttaessaan
Pesäpuun löytää vain vaistollaan
Mutta etsien käy lapsonen maan
Haikeus mielen kotina vaan
Siivetön oon, etsiä saan
Rauhaa en löydä kai milloinkaan
Katson sineen taivaan
Tähti kirkkain sua
Taas mä pyynnöin vaivaan
Ohjaa kotiin mua
Katson sineen taivaan
Tähti kirkkain sua
Taas mä pyynnöin vaivaan
Ohjaa kotiin mua
Ohjaa mua
Etsien käy lapsonen maan
Peittäen turhaan kaipaustaan
Toiveenikin päivien työn
Mennessään ilta vie syliin yön
Etsien käy lapsonen maan
Lohtua iltaan raukenevaan
Tähti sä yön, loisteesi suo
Eksyneen viitaksi hohtees luo
Katson sineen taivaan
Tähti kirkkain sua
Taas mä pyynnöin vaivaan
Ohjaa kotiin mua
Katson sineen taivaan
Tähti kirkkain sua
Taas mä pyynnöin vaivaan
Ohjaa kotiin mua
Katson sineen taivaan
Tähti kirkkain sua
Taas mä pyynnöin vaivaan
Ohjaa kotiin mua","Child of the earth always seeks
He will never find a place to live
A little bird, too, when he moves
Finds a tree always without rules But child of the earth always seeks
In nostalgia his mind lives
I'm wingless, I need just to seek
I guess I'll never find a peace I watch in the blue sky you, the brightest star
I bother you with my mind, show me what we are I watch in the blue sky you, the brightest star
I bother you with my mind, show me what we are
What we are Child of the earth always seeks
Trying to cover his missing
Even my wishes, the work of the day
Are taken by evening, in the night they stay Child of the earth always seeks
Some comfort to the arriving eve
The star of the night, your wonderful light
Makes a cloak for the lost one from your shine I watch in the blue sky you, the brightest star
I bother you with my mind, show me what we are I watch in the blue sky you, the brightest star
I bother you with my mind, show me what we are (I watch in the blue sky you, the brightest star)
I bother you with my mind, show me what we are",katri helena,katson sineen taivaan,0.6779999999999999,0.416,-9.915,125.282
390,Italy,25,Alan Sorrenti,Non so che darei,Italian,6,87.0,25,1980,Netherlands,The Hague,"Se ti perdo non so che farei
Ricordero sempre ogni piccolo istante
Vissuto con te
Le mie mani sono vuote ma
Lo non nascondo
L'amore che sento
Da sempre per te
In fondo all'anima non so perche'
Io vorrei stringerti ancora una volta a me

Non so che darei
Per fermare il tempo
Per dormire al tuo fianco solo una notte
Non so che darei
Per sentirti mia per tenerti vicino solo una notte
Poi le stelle e la luna spariranno e tu
Con le ali di cigno volerai laggiu'

Le mie mani sono vuote ma...

Non so che darei
Per fermare il tempo
Per dormire al tuo fianco solo una notte
Non so che darei
Per sentirti mia per tenerti vicino solo una notte","If I lose you
I wonder what I would do
I would  always remember
Every single moment
I'd been living with you My hands
Are empty, but
I can't hide
The love I feel
Always for you
In the depth of my soul
I wonder why
I'll still want you in my arms once again I wonder what I would give
To still the time
That I could sleep on your side
Just one more night
I wonder what I would give, that you'd feel yourself mine
and draw you close, just one more night Then the star and the moon above should disappear and you
With the wings of a swan would fly down here My hands
Are empty, but
I can't hide
The love I feel
Always for you
In the depth of my soul
I wonder why
I'll still want you in my arms once again I wonder what I would give
To still the time
That I could sleep on your side
Just one more night
I wonder what I would give, that you'd feel yourself mine
and draw you close, just one more night",alan sorrenti,non so che darei,0.634,0.439,-14.653,87.057
417,United Kingdom,24,Bucks Fizz,Making Your Mind Up,English,1,136.0,26,1981,Ireland,Dublin,"[Chorus]
You gotta speed it up and then you gotta slow it down
'Cause if you believe that our love can hit the top you gotta play around
But soon you will find that there comes a time
For making your mind up

[Verse 1]
You gotta turn it on and then you gotta put it out
You gotta be sure that it's something everybody's gonna talk about
Before you decide that the times arrived
For making your mind up

[Refrain]
Don't let your indecision take you from behind
Trust your inner vision
Don't let others change your mind

[Verse 2]
And then you really gotta burn it up and make another fly by night
Get a run for your money and take a chance and it'll turn out right
And when you can see how it's gotta be
You're making your mind up

[Verse 3]
And try to look as if you don't care less but if you want to see some more
Bending the rules of the game will let you find the one you're looking for
And then you can show that you think you know
You're making your mind up

[Refrain]
Don't let your indecision, take you from behind
Trust your inner vision
Don't let others change your mind

[Chorus]
You gotta speed it up and then you gotta slow it down
'Cause if you believe that our love can hit the top you gotta play around
But soon you will find that there comes a time
For making your mind up
You gotta speed it up and then you gotta slow it down
'Cause if you believe that our love can hit the top you gotta play around
But soon you will find that there comes a time
For making your mind up
For making your mind up
For making your mind up
For making your mind up",English,bucks fizz,making your mind up,0.64,0.8340000000000001,-9.413,173.565
654,Germany,38,Münchener Freiheit,Viel zu weit,German,18,18.0,38,1993,Ireland,Millstreet,"Irgendwo in Zeit und Raum
Muss es ferne Welten geben
Unberührt und schön
Und doch erfüllt mit Leben
Leben ohne Angst und Not
Ohne Hass und Neid zu spüren
Sterne hell und klar
Dass man sie fast berühren kann
Ich glaub daran

Doch das ist viel zu weit
Draußen in der Dunkelheit
Viel zu weit
Hier ist unsre Wirklichkeit

Irgendwo in diesem Traum
Muss es ferne Wünsche geben
Keiner ist so tief
Wie unser Wunsch nach Leben
Leben wie im Paradies
Ohne dafür zu bezahlen
Das man wie ein Bild
In tausend Farben malen kann
Ich glaub daran

Doch das ist viel zu weit
Draußen in der Dunkelheit
Viel zu weit
Hier ist unsre Wirklichkeit
Viel zu weit
Weiter als es jemals war
Viel zu weit
Und dabei zum Greifen nah

Viel zu weit
Draußen in der Dunkelheit
Viel zu weit
Hier ist unsre Wirklichkeit

Irgendwo in Zeit und Raum
Hat es eine Welt gegeben
Unberührt und schön
Und damit fing das Leben an
Und was kam dann
Und was kam dann?","Somewhere in time and space
There must be far worlds
Untouched and beautiful and still filled with life Life without fear and misery
No hatred and malice to be found
Stars, bright and clear, so you can almost touch them
I believe in it But it's much too far away
Outside in the darkness
Much too far away
Here is our reality Somewhere in that dream
There must be far wishes
None is as deep as our wish to live Life like in paradise
Without paying for it
So you can paint in thousand colours like a painting
I believe in it But it's much too far away
Outside in the darkness
Much too far away
Here is our reality Much too far away
Further away than ever before
Much too far away
Yet so near to touch Much too far away
Outside in the darkness
Much too far away
Here is our reality Somewhere in time and space
There has been a world
Untouched and beautiful, and with that, life has begun
And what came next?
And what came next?",m nchener freiheit,viel zu weit,0.46,0.47,-7.063,75.987
664,Sweden,33,Arvingarna,Eloise,Swedish,7,89.0,38,1993,Ireland,Millstreet,"[Vers 1]
Samla dina tankar i ensamhet innan jag går ut
Trodde jag var smart när jag gjorde slut, ha-ha-ha
Längtar efter dig och nu står jag här utanför din dörr
När jag nu ringer på, öppnar du då?
Eller vill du att jag ska gå?
Så jag ber dig, kom ut till mig

[Refräng]
Eloise
Är vi mer än bara vänner?
Så visa vad du känner
Och sen får känslorna bestämma
Eloise
Även vindarna kan vända
För mig är du den enda
Vår kärlek, den är värd ett högre pris
Eloise

[Vers 2]
Det är inte lätt när man inte kan inse sina fel
Jag är som en boll i ett flipperspel, ah-ha-ha
Längtar efter dig och nu står jag här utanför din dörr
När jag nu ringer på, öppnar du då?
Eller vill du att jag ska gå?
Så jag ber dig, kom ut till mig
Whoa

[Refräng]
Eloise
Är vi mer än bara vänner?
Så visa vad du känner
Och sen får känslorna bestämma
Eloise
Även vindarna kan vända
För mig är du den enda
Vår kärlek, den är värd ett högre pris
Eloise

[Mellanspel]
Oh, oh, ooh, ooh, ooh
Bam-pam-pam-pa-pa-pa (Bam-pam-pa, bam-pam-pa)
(Oh, woohoo) Jag väntar och hoppas och längtar, säger mig

[Refräng]
Eloise
Även vindarna kan vända
För mig är du den enda
Vår kärlek, den är värd ett högre pris
Eloise","I'm Gathering my thoughts all by myself before I go out
I thought I was smart when I broke up , ah...
I'm longing for you and now I'm standing outside your door
When I ring the bell, will you open
Or do you want to go away?
So, I'm begging you, please come out Eloise, are we more than just friends?
So show what you feel and then let the feelings decide
Eloise, even the winds can change, for me you are the only one
Our love is worth a higher price, Eloise It's not easy when you can't realise your faults
I'm like a ball in a pinball machine, ah...
I'm longing for you and now I'm standing outside your door
When I ring the bell, will you open
Or do you want to go away?
So, I'm begging you, please come out Whoa...Eloise, are we more than just friends?
So show what you feel and then let the feelings decide
Eloise, even the winds can change, for me you are the only one
Our love is worth a higher price, Eloise I'm waiting, hoping and longing, so tell me... Eloise, even the winds can change, for me you are the only one
Our love is worth a higher price, Eloise",arvingarna,eloise,0.691,0.725,-3.501,132.554
771,United Kingdom,40,Katrina & The Waves,Love Shine a Light,English,1,227.0,42,1997,Ireland,Dublin,"[Verse 1]
Love shine a light in every corner of my heart
Let the love light carry, let the love light carry
Light up the magic in every little part
Let our love shine a light in every corner of our hearts

[Verse 2]
Love shine a light in every corner of my dream
Let the love light carry, let the love light carry
Like the mighty river flowing from the stream
Let our love shine a light in every comer of our dreams

[Chorus]
And we're all gonna shine a light together
All shine a light to light the way
Brothers and sisters in every little part
Let our love shine a light in every corner of our hearts

[Verse 3]
Love shine a light in every corner of the world
Let the love light carry, let the love light carry
Light up the magic for every boy and girl
Let our love shine a light in every corner of the world

[Chorus]
And we're all gonna shine a light together
All shine a light to light the way
Brothers and sisters in every little part
Let our love shine a light in every corner of our hearts
And we're all gonna shine a light together
All shine a light to light the way
Brothers and sisters in every little part
Let our love shine a light in every corner of our hearts

[Outro]
Shine a light in every corner of our hearts",English,katrina the waves,love shine a light,0.449,0.879,-4.465,84.005
810,Iceland,13,Selma,All Out of Luck,English,2,146.0,44,1999,Israel,Jerusalem,"Don't work on a Sunday, don't sleep on a Monday
Just think of a fun day when your life is getting you down, yeah
To get through a heartache, just picture a spring day
And play in the bright daylight a while
So give it a chance - you won't regret it

'Cause you know today won't last forever, tomorrow has a brand new name
I'll give you all that I can offer, the rest is all up to you, yeah

You're all out of luck, if you wanna give up, you've got to let go of all your bad memories
Breakin' it up means bringing it down, you need to get right back on track
'Cause you're all out of luck, if you wanna give up, you've got to believe in yourself
You'll be fine 'cause you'll be mine, so just wake up before it's too late
And you're all out of love, you're all out of love
Hey yeah... hey yeah... oh yeah...

Don't work on a Sunday, don't sleep on a Monday
Tomorrow's a new day, all the time, just waiting for you, yeah
From dawn until midnight, or asleep in the moonlight
You'll always be all right just as long as you follow your heart, yeah

You're all out of luck, if you wanna give up, you've got to let go of all your bad memories
Breakin' it up means bringing it down, you need to get right back on track
'Cause you're all out of luck, if you wanna give up, you've got to believe in yourself
You'll be fine 'cause you'll be mine, so just wake up before it's too late
And you're all out of love, you're all out of love
(Hey yeah... hey yeah... oh yeah...)
You're all out of love
Hey yeah... hey yeah... oh yeah...",English,selma,all out of luck,0.585,0.878,-7.934,131.808
832,Iceland,14,August & Telma,Tell Me!,English,12,45.0,45,2000,Sweden,Stockholm,"With you in my life, it's destined to be right
And I know that it's true, girl, I was only made for you
So why don't we make the pieces fit and pack our bags tonight?
And go wherever love will take us, we'll make it all right

Tell me, tell me, tell me once, tell me twice
Tell me there is no compromise
We'll be together all the time
So say you will be mine

Ooh... with you by my side, I'm on a rollercoaster-ride
And I know that it's true - boy, I was only made for you
Listen to me now, you've got to give me a sign
'Cause I can't wait here any longer, make up your mind

Tell me, tell me, tell me once, tell me twice
Tell me there is no compromise
We'll be together all the time

Tell me, tell me, tell me once, tell me twice
Tell me there is no compromise
We'll be together all the time
So say you will be mine

If you only knew all that we could do
We'd be together all alone, you and me
Like we were always meant to be

Oh... I don't know if it's fact or fiction
But I'm sure we'll make the right decision
Look into my eyes now, baby, give it all you've got

Tell me, tell me, tell me once, tell me twice
Tell me there is no compromise
We'll be together all the time

Tell me, tell it to me once, tell me twice
Tell me there is no compromise
We'll be together all the time",English,august telma,tell me,0.49,0.878,-5.1110000000000015,145.476
947,Iceland,17,Jónsi,Heaven,English,19,16.0,49,2004,Turkey,Istanbul,"I still miss you and it makes me feel blue
And I'm lost without those colours of you
I can't think straight, I just wanna be
Wherever you are when you're not here with me

Blend with my blue, those colours of you
Please help me see it through, oh...
This journey I must take alone
So just blend your colours with my blue

I lay down and cry, and the rivers are dry
Oh... to unveil my heart when you kiss me goodbye
And when you set sail, fair winds all the way
So farewell, that's all I can say

Mmm... blend with my blue, the colours of you
Oh... please help me see it through, oh...
This journey I must take alone
Oh... so just blend your colours with my blue

And I know I'll find my love tonight
I can feel you reachin' out
I got this feeling deep inside
It's in my head, it's in my heart

I know your love tonight
And I know you'll be by my side
I know you'll help me to see it through
Oh... blend your colours with my blue",English,j nsi,heaven,0.494,0.44,-11.482,125.957
948,Ireland,38,Chris Doran,If My World Stopped Turning,English,22,7.0,49,2004,Turkey,Istanbul,"I could see my future
When I'm loking in your eyes
And I can sense security
Just by you being in my life

Little voice inside my head
Says you're an angel in disguise
Without you I feel hopeless
Without you I'm deprived

I wish I could describe it
All the love I feel inside
Maybe I can find the words
That would make you realize

My life seems near perfect
When I got you in my arms
That's when I feel wholesome
That's when I am with you

If my world stopped turning in the morning
And if God should take this all away
If it all should stop without a warning
I would still stand tall
'Cause behind it all
You're the one who's made a winner out of me

I lie alone to touch you
And it comes as a surprise
That we spend so long apart
Even more that I survived

If I could speak frankly
There's one thing I can say
That I'm falling for you, baby
Falling further every day

And if my world stopped turning in the morning
And if God should take this all away
If it all should stop without a warning
I would still stand tall
'Cause behind it all
You made me your winner

If my world stopped turning in the morning
And if God should take this all away
If it all should stop without a warning
I would still stand tall
'Cause behind it all
You're the one who's made a winner out of me",English,chris doran,if my world stopped turning,0.477,0.498,-7.952000000000001,147.988
972,Switzerland,46,Vanilla Ninja,Cool Vibes,English,8,128.0,50,2005,Ukraine,Kiev,"Don't want you to lead me to the dark
Don't need you to tear my heart apart
Don't do that, though people say that you're my enemy
I know you can set me free

Don't want you to come so close to me
Don't need you to blow my fantasy
But I know that you are livin' far beyond those lies
I can see the danger rise in your eyes

Cool vibes, why don't you kill me
Cool vibes, why don't you turn your eyes away
Can't you see we're free to die
Cool vibes, all we can do is fight and pray

Cool vibes, why don't you thrill me
Cool vibes, why don't you kill me
All that I can see are shadows of my destiny

Don't want you to make me feel afraid
Don't need you to take away the hate
But I know that you will break the seal of mystery
Leave it to my fantasy, what will be

Cool vibes, why don't you kill me
Cool vibes, why don't you turn your eyes away
Can't you see we're free to die
Cool vibes, all we can do is fight and pray

Cool vibes, why don't you thrill me
Cool vibes, why don't you kill me
All that I can see are shadows of my destiny

Stay close to me, infinity
Enigma's what we share
But I don't care
You'll be there

Cool vibes, why don't you kill me
Cool vibes, why don't you turn your eyes away
Can't you see we're free to die
Cool vibes, all we can do is fight and pray
(For some broken heroes)

Cool vibes, why don't you thrill me
Cool vibes, why don't you kill me
All that I can see are shadows of my destiny",English,vanilla ninja,cool vibes,0.619,0.6759999999999999,-6.3210000000000015,127.027
1063,Greece,28,Sarbel,Yassou Maria (Γειά σου Μαρία),English (title Greek),7,139.0,52,2007,Finland,Helsinki,"[Verse 1]
First off she's a lady
And this is a ladies' world
Man, she drives them crazy
Dancing like a cheeky girl
All eyes on Maria
No lies, she's the bomb
Oh my, they all wanna see her
All wanna be the lucky one

[Chorus]
Shake it up, shake it up, there you go
Oh oh, yassou Maria
Turn around, bring it down, go slow
Heads up, Lord, have mercy
Shake it up, shake it up, there you go
Oh oh, yassou Maria
Ay ay ay, there she goes... Maria
Yassou Maria

[Verse 2]
Moves like Aphrodite
So high above the rest
Smooth like Cleopatra
An angel in a devil's dress
Her hips, lust in motion
Her lips, red like wine
She is the heart of attention
Probably should mention
She's mine...

[Chorus]
Shake it up, shake it up, there you go
Oh oh, yassou Maria
Turn around, bring it down, go slow
Heads up, Lord, have mercy
Shake it up, shake it up, there you go
Oh oh, yassou Maria
Ay ay ay, there she goes... Maria

[Chorus]
Shake it up, shake it up, there you go
Oh oh, yassou Maria
Turn around, bring it down, go slow
Heads up, Lord, have mercy
Shake it up, shake it up, there you go
Oh oh, yassou Maria
Ay ay ay, there she goes... Maria

[Outro]
Maria, Maria
Yassou Maria
Maria, Maria",English,sarbel,yassou maria,0.5579999999999999,0.833,-5.2170000000000005,172.06900000000005
1087,Finland,42,Teräsbetoni,Missä miehet ratsastaa,Finnish,22,35.0,53,2008,Serbia,Belgrade,"Olkoon myrsky sekä viima
Ja tuvassa lämmin kamiina
On kunnia ja miehuullisuus
Suorittaa velvollisuus

Maailma on kylmä vaikka
On ehkä lämmölläkin paikka
Kentät kutsuu sankareita
Eikä suinkaan pelkureita

Missä miehet ratsastaa
Siellä lampaat ei voi laiduntaa
Missä miehet ratsastaa
Siellä kuulee susien ulvontaa
Missä miehet, missä miehet ratsastaa
Missä miehet, missä miehet ratsastaa

Olkoon edessä tuhoa
Ja takana lemmen lumoa
On miehellä velvollisuus
Muistaa urhoollisuus

Ei kukaan voi välttää kipua
Ja vain elämän virrassa lipua
Kentät kutsuu sankareita
Eikä suinkaan pelkureita","Huh – hah – huh – hah May the storm and chill exist
And in a cabin a stove so warm
There's honor and manlyhood
To do what must be done The world is cold regardless
Of the fact that warmth has it's place
Fields call out to heroes
Not cowards at all Chorus:
Where men ride
There no sheep can herd
Where men ride
There you can hear the wolves howling There may be destruction ahead
And the passion of love behind
A man has a duty
To remember bravery No one can avoid the pain
And just float in the stream of life
Fields call out to heroes
Not cowards at all Chorus Where men, where men ride
Where men, where men ride Chorus x2 Where men hah - huh - hah
Where men hah - huh - hah",ter sbetoni,miss miehet ratsastaa,0.584,0.966,-2.488,140.066
1091,Iceland,21,Euroband,This Is My Life,English,14,64.0,53,2008,Serbia,Belgrade,"I spent my days in vain just waiting
For happiness to come my way
I took for granted all they gave me
I opened my eyes, finally I realised

This is my life
I don't wanna change a thing
This is my life
All the pain, all the joy it brings

All through the years
Of blood, sweat and tears
Hopes and my fears
All that was meant to be
This is my life
What will be, will be

There's no denying all the heartaches
Mmm... were a blessing in disguise
Oh, if I never made a single mistake
Oh, I wouldn't be here, part of the plan I believe

This is my life
I don't wanna change a thing
This is my life
All the pain, all the joy it brings

All through the years
Of blood, sweat and tears
Hopes and my fears
All that was meant to be
This is my life
What will be, will be

I've found the key to set myself free
You'll be amazed
'Cause I have the power to change my ways
This is my life

This is my life
I don't wanna change a thing
This is my life
All the pain, all the joy it brings

All through the years
Of blood, sweat and tears
Hopes and my fears
All that was meant to be
This is my life
What will be

This is my life",English,euroband,this is my life,0.51,0.973,-4.876,137.84799999999998
1138,Norway,48,Alexander Rybak,Fairytale,English,1,387.0,54,2009,Russia,Moscow,"[Verse 1]
Years ago, when I was younger
I kinda liked a girl I knew
She was mine and we were sweethearts
That was then, but then it’s true

[Chorus 1]
I’m in love with a fairytale
Even though it hurts
’Cause I don’t care if I lose my mind
I’m already cursed

[Verse 2]
Every day, we started fighting
Every night, we fell in love
No one else could make me sadder
But no one else could lift me high above
I don’t know what I was doing
When suddenly, we fell apart
Nowadays, I cannot find her
But when I do, we’ll get a brand-new start

[Chorus 1]
I’m in love with a fairytale
Even though it hurts
’Cause I don’t care if I lose my mind
I’m already cursed

[Chorus 2]
She’s a fairytale, yeah
Even though it hurts
’Cause I don’t care if I lose my mind
I’m already cursed",English,alexander rybak,fairytale,0.586,0.714,-6.414,107.964
1150,Estonia,15,Urban Symphony,Rändajad,Estonian,6,129.0,54,2009,Russia,Moscow,"[Verse 1]
Kõrbekuumuses liiva
Lendab kui jääkülma lund
Öö peagi laotamas tiivad
Rändajaid saatma jääb tuul

[Chorus]
See on tee
Nad rändavad nii päevast päeva
See on tee
Nad rändavad siis ajast aega
See on tee
Ta nähtamatu rajana kulgeb
Nende ees
Ta ootab kui riskida julged

[Verse 2]
Külmunud hingi vaid saadab
Kuuvalgus varje neist loob
Päikesekiirena sooja
Hommik taas endaga toob

[Chorus]
See on tee
Nad rändavad nii päevast päeva
See on tee
Nad rändavad siis ajast aega
See on tee
Ta nähtamatu rajana kulgeb
Nende ees
Ta ootab kui riskida julged

Nad rändavad nii päevast päeva
Nad rändavad siis ajast aega
Ta nähtamatu rajana kulgeb
Ta ootab kui riskida julged

[Bridge]
Üle mägede taevasse kaigub hääl
...

[Chorus]
See on tee
Nad rändavad nii päevast päeva
See on tee
Nad rändavad siis ajast aega
See on tee
Ta nähtamatu rajana kulgeb
Nende ees
Ta ootab kui riskida julged

See on tee!","The nomads
In the desert heat the sand
Blows like ice-cold snow
The night soon unfurls its wings
Leaving nothing but the wind to escort the nomads It is the way
They wander from one day to the next
It is the way
They wander from one time to the next
It is the way
It weaves an invisible path
Before them
Waiting until you dare to take the risk It conveys only frozen souls
The moonlight makes shadows of them
Warmth in a ray of sunlight
Is what the morning brings once again It is the way
They wander from one day to the next
It is the way
They wander from one time to the next
It is the way
It weaves an invisible path
Before them
Waiting until you dare to take the risk They wander from one day to the next
They wander from one time to the next
It weaves an invisible path
It waits until you are ready to take the risk A voice echoes over the mountains up to the heavens It is the way
They wander from one day to the next
It is the way
They wander from one time to the next
It is the way
It weaves an invisible path
Before them
Waiting until you dare to take the risk
It is the way",urban symphony,r ndajad,0.6920000000000001,0.7140000000000001,-7.093,123.963
1173,Iceland,23,Hera Björk,Je ne sais quoi,English (French),19,41.0,55,2010,Norway,Oslo,"I am standing strong, I've overcome the sadness in my life
Now I look up and see the brightest sky above me
And it's reflecting in your eyes

Je ne sais quoi, I know you have a special something
Je ne sais quoi, oh, something I just can't explain
And when I see your face I wanna follow my emotions
Je ne sais pas, pourquoi?

When the clouds are gone the stars come out around us, shining
And all that we see is the love, our hearts aligned together
Tell me, do you feel the same?

Je ne sais quoi, I know you have a special something
Je ne sais quoi, oh, something I just can't explain
And when I see your face I wanna follow my emotions
Je ne sais pas, pourquoi?

I just love this crazy feeling
It's like I've known you all my life

Je ne sais quoi
Je ne sais quoi, I know you have a special something
Je ne sais quoi, oh, something I just can't explain
And when I see your face I wanna follow my emotions
Je ne sais pas, pourquoi?",English,hera bj rk,je ne sais quoi,0.529,0.861,-4.978,131.966
1209,Iceland,24,Sjonni's Friends,Coming Home,English,20,61.0,56,2011,Germany,Düsseldorf,"Some say I'm a bit of a fool
Sitting on a hill and counting raindrops
Keep thinking I just wanna go
To the peaceful place I know that I call home

But oh oh oh it's time to go
I'll see you, I'll see you soon

'Cause I can't wait for tomorrow
To say the things I wanna say
Your smile will always lead my way
I can't wait, I'm coming soon
I just wanna see your face again

Some say I'm a bit of a fool
Driving down the road I stop to listen
I hear your laughter in the trees
Your whisper in the breeze: ""My love is you""

But oh oh oh it's time to go
I'll see you, I'll see you soon

'Cause I can't wait for tomorrow
To say the things I wanna say
Your smile will always lead my way
I can't wait, I'm coming soon
I just wanna see your face again

'Cause no one knows his where or when
When my time on earth comes to an end
Then I'll find you
And I know that you will be my love again

I can't wait for tomorrow
To say the things I wanna say
Your smile will always lead my way
I can't wait, I'm coming soon
I just wanna see your face again

'Cause I can't wait for tomorrow
To say the things I wanna say
Your smile will always lead my way
I can't wait, I'm coming home to you
I just wanna see your face again
I'm coming home",English,sjonni s friends,coming home,0.634,0.6859999999999999,-6.816,91.806
1267,Sweden,52,Loreen,Euphoria,English,1,372.0,57,2012,Azerbaijan,Baku,"[Verse 1]
Why, why can’t this moment last forevermore?
Tonight, tonight eternity’s an open door
No, don’t ever stop doing the things you do
Don’t go, in every breath I take I’m breathing you

[Chorus]
Euphoria
Forever, till the end of time
From now on, only you and I
We’re going u-u-u-u-u-u-up
Euphoria
An everlasting piece of art
A beating love within my heart
We’re going u-u-u-u-u-u-up

[Verse 2]
We are here, we’re all alone in our own universe
We are free, where everything’s allowed and love comes first
Forever and ever together, we sail into infinity
We’re higher and higher and higher, we’re reaching for divinity

[Chorus]
Euphoria
Forever, till the end of time
From now on, only you and I
We’re going u-u-u-u-u-u-up
Euphoria
An everlasting piece of art
A beating love within my heart
We’re going u-u-u-u-u-u-up

[Interlude]
Forever, we sail into infinity
We’re higher, we’re reaching for divinity…

[Chorus]
Euphoria, euphoria
We’re going u-u-u-u-u-u-up
Euphoria...
An everlasting piece of art
A beating love within my heart
We’re going u-u-u-u-u-u-up
Euphoria, euphoria
We’re going u-u-u-u-u-u-up",English,loreen,euphoria,0.518,0.679,-5.4060000000000015,132.14600000000002
1290,Lithuania,14,Andrius Pojavis,Something,English,22,17.0,58,2013,Sweden,Malmö,"I have to tell you something
It’s been on my mind so long
I’ve got to tell you this
It’s been on my mind way too long
I promised myself to tell
Instead I’m falling apart to see you here

If you don’t know I’m in love with you
When summertime falls It becomes untrue
Because of my shoes I’m wearing today
One is called Love the other is Pain

So tell me now
I’m in your head I’m in your heart tell me now
Tell me now because I’m falling apart to see you here

If you don’t know I’m in love with you
When summertime falls It becomes untrue
Because of my shoes I’m wearing today
One is called Love, the other is Pain

But still you don’t know I’m in love with you
When summertime falls It becomes untrue
Because of my shoes I’m wearing today

One is called Love, the other is Pain
One is called Love, the other is Pain",English,andrius pojavis,something,0.534,0.738,-4.974,129.924
1292,Moldova,9,Aliona Moon,O mie,Romanian,11,71.0,58,2013,Sweden,Malmö,"O mie de-apusuri pierdute in mare, pierdute in noi
Pe gene o mie de raze de soare-aduceau dimineti pentru doi
O mie de stele arzînd căzătoare priviri ne-au furat
In ceruri o mie de nopți seculare s-au tot spulberat, noi am rezistat

Între soare si ploi
Se nasc mii de culori, dar noi vedem doar nori
Amintiri despre noi
Însirat-am pe foi, apoi le-am distrus amindoi

O mie de lacrimi nu-mi spală durerea de cînd te-am pierdut
De-o mie de nopți ma inghite tacerea, ea vrea sa te uit, imi cere prea mult
Nu cred ca este-n trecut, fiorul ce l-am avut
Vreau un nou inceput!

Credeam în dragostea ta, speram ca nu va seca
Credeam în visele mari, dar ai ales sa dispari
Credeam ca nu e-n trecut, fiorul ce l-am avut
Vreau un nou inceput!

Intre soare si ploi
Se nasc mii de culori, dar noi vedem doar noi
Amintiri despre noi
Insirat-am pe foi, apoi le-am distrus amindoi","A thousand sunsets lost in the sea, lost inside us,
On our eyelashes a thousand rays of sun would bring the morning light for the two of us
A thousand burning shooting stars had enchanted us,
Into the skies a thousand secular nights had vanished.
We had stayed strong. Chorus: (X2)
The sun and the rains give birth to a thousand colours
But all we can see are the clouds,
Memories of us that we had written together
But then destroyed. A thousand tears can’t wash away the suffering
I’ve been through since I lost you.
For a thousand nights I’ve fallen silent, silence wants me to forget you,
It asks too much of me,
I don’t think it belongs to the past, the thrill I felt,
I want a new beginning! Chorus (X2)
I believed in your love, I had hoped that it would not dry out,
I believed in great dreams, but you chose to go away,
I thought it didn’t belong to the past, the thrill I felt,
I want a new beginning. Chorus (X2)",aliona moon,o mie,0.621,0.718,-2.99,128.02
1293,Ireland,47,Ryan Dolan,Only Love Survives,English,26,5.0,58,2013,Sweden,Malmö,"All our lives
We’ve been afraid
Watching the world decline
Till nothing remains
But in our darkness hour
Right before the dawn
The old world dies
The new day is born

We’re gonna live like it’s our last night alive
And we’re dancing till the morning light
And even if the sun don’t rise
In the end only love survives
So be love
Be love
Just be love (just be love)
Only love (only love)
We are love (we are love)
Only love (only love)
And when the stars are aligned
You got to make love your state of
Mind ‘cause in the end
Only love survives
So let the world collide
Don’t be afraid
If it’s the end of time
Love will remain
To live like it’s the last night alive
And we’re dancing till the morning light
And even if the sun don’t rise
In the end only love survives

So be love
Be love
Just be love (just be love)
Only love (only love)
We are love (we are love)
Only love (only love)
And when the stars are aligned
You got to make love your state of mind
Cause in the end only love survives
So be love (be love)
Only love love love
So make love(be love)
Only love love love
Cause in the end only love survives",English,ryan dolan,only love survives,0.541,0.8340000000000001,-5.257999999999999,128.012
1385,Sweden,55,Måns Zelmerlöw,Heroes,English,1,365.0,60,2015,Austria,Vienna,"[Verse 1]
Don't tell the gods I left a mess
I can't undo what has been done
Let's run for cover
What if I'm the only hero left
You better fire off your gun, once and forever
He said go dry your eyes and live your life like there is no tomorrow, son
And tell the others to go sing it like a hummingbird
The greatest anthem ever heard

[Chorus 1]
We are the heroes of our time
But we're dancing with the demons in our minds
We are the heroes of our time
Hero-oh-o-o-oes. o-uh-o-o-oh
We're dancing with the demons in our minds
Hero-uh-o-o-o
O-oh-o-o-oh
We are the heroes of our time
Hero-oh-o-o-oes, o-uh-o-o-oh
We're dancing with the demons in our minds
Hero-oh-o-o-oes, o-uh-o-o-oh

[Verse 2]
The crickets sing a song for you
Don't say a word, don't make a sound
It's life's creation
I make worms turn into butterflies
Wake up and turn this world around in appreciation
He said I never left your side
When you were lost I followed right behind
Was your foundation
Now go sing it like a hummingbird
The greatest anthem ever heard

[Chorus 1]
We are the heroes of our time
Hero-uh-o-o-oes, o-uh-o-o-oh
We're dancing with the demons in our minds
Hero-oh-o-o-oes, o-uh-o-o-oh
(We keep dancing with the demons)
(You could be a hero)

[Bridge]
Now go sing it like a hummingbird
The greatest anthem ever heard
Now sing together

[Chorus 2]
We are the heroes of our time
(Hero-oh-o-o-oes. o-uh-o-o-oh)
But we're dancing with the demons in our minds
(Hero-oh-o-o-oes. o-uh-o-o-oh)
We are the heroes of our time
(We keep dancing with the demons)
(You could be a hero)
Hero-oh-o-o-oes. o-uh-o-o-oh
But we're dancing with the demons in our minds
(We keep dancing with the demons)
(You could be a hero)
Hero-oh-o-o-oes. o-uh-o-o-oh

[Outro]
We are the heroes",English,m ns zelmerl w,heroes,0.484,0.7909999999999999,-4.27,124.008
1405,Russia,20,Sergey Lazarev,You Are the Only One,English,3,491.0,61,2016,Sweden,Stockholm,"[Verse 1]
We can never let the word be unspoken
We will never let our loving go, come undone
Everything we had is staying unbroken, oh
You will always be the only one
You're the only one

[Pre-Chorus]
Won't ever give up cause you're still somewhere out there
Nothing or no one's gonna keep us apart
Breaking it down but I'm still getting nowhere
Won't stop, hold on

[Chorus]
Thunder and lightning, it's getting exciting
Lights up the skyline to show where you are
My love is rising, the story's unwinding
Together we'll make it and reach for the stars

You're the only one, you're my only one
You're my life, every breath that I take
Unforgettable, so unbelievable
You're the only one, my only one

[Verse 2]
I could have told you to slow down and stay down
I could have told you a secret, won't you keep it now?
Thinking of making a showdown when love is found
Thinking of waiting till you're around

[Pre-Chorus]
Won't ever give up cause you're still somewhere out there
Nothing or no one's gonna keep us apart
Breaking it down but I'm still getting nowhere
Won't stop, hold on

[Chorus]
Thunder and lightning, it's getting exciting
Lights up the skyline to show where you are
My love is rising, the story's unwinding
Together we'll make it and reach for the stars

You're the only one, you're my only one
You're my life, every breath that I take
Unforgettable, so unbelievable
You're the only one, my only one

[Bridge]
You're my only one

[Chorus]
Thunder… (and lightning)
(It's getting exciting) It's getting excitin
Lights up the skyline to show where you are
To show where you are…

( You're the only one) You're my only one
You're my life, every breath that I take
Unforgettable, so unbelievable
You're the only one, my only one",English,sergey lazarev,you are the only one,0.632,0.8909999999999999,-5.376,127.983
1447,Portugal,49,Salvador Sobral,Amar pelos dois,Portuguese,1,758.0,62,2017,Ukraine,Kiev,"[Letra de ""Amar pelos dois""]

[Verso 1]
Se um dia alguém perguntar por mim
Diz que vivi para te amar
Antes de ti só existi
Cansado e sem nada para dar

[Refrão]
Meu bem, ouve as minhas preces
Peço que regresses, que me voltes a querer
Eu sei que não se ama sozinho
Talvez devagarinho possas voltar a aprender

[Refrão]
Meu bem, ouve as minhas preces
Peço que regresses, que me voltes a querer
Eu sei que não se ama sozinho
Talvez devagarinho possas voltar a aprender

[Verso 2]
Se o teu coração não quiser ceder
Não sentir paixão, não quiser sofrer
Sem fazer planos do que virá depois
O meu coração pode amar pelos dois","If one day someone asks about me
Say that I lived just to love you
Before you, I only existed
Tired and without a thing to offer My dear, listen to my prayers
I ask you to come back, that you come back to love me
I know we can't love alone
Maybe little by little you can learn again My dear, listen to my prayers
I ask you to come back, that you come back to love me
I know we can't love alone
Maybe little by little you can learn again If your heart doesn't wish to do so
To feel the passion, If it doesn't want to suffer
Without making plans about what will happen
My Heart can love for the both of us",salvador sobral,amar pelos dois,0.21,0.0959,-17.767,175.91400000000004
1480,France,60,Alma,Requiem,French/English,12,135.0,62,2017,Ukraine,Kiev,"[Couplet 1]
Des amours meurent, des amours naissent
Les siècles passent et disparaissent
Ce que tu crois être la mort
C’est une saison et rien de plus
Un jour lassé de cette errance
Tu t’en iras, quelle importance
Car la terre tournera encore
Même quand nous ne tournerons plus

[Pre-Refrain]
Embrasse-moi, dis-moi que tu m’aimes
Fais-moi sourire au beau milieu d’un requiem
Embrasse-moi, dis-moi que tu m’aimes
Fais-moi danser jusqu’à ce que le temps nous reprenne

[Refrain]
Ce qu’il a donné
Will you take me to paradise?
With you nothing ever dies
You take my smile and make it bright
Before the night erase the light
I won’t go below silver skies
The only dark is in your eyes
On pleure mais on survit quand même
C’est la beauté du requiem

[Couplet 2]
Les étincelles deviennent des flammes
Les petites filles deviennent des femmes
Ce que tu crois être l’amour
C’est un brasier et rien de plus
Nos déchirures, nos déchéances
On pense qu’elles ont de l’importance
Mais demain renaîtra le jour
Comme si nous n’avions pas vécu

[Pre-Refrain]
Embrasse-moi, dis-moi que tu m’aimes
Fais-moi sourire au beau milieu d’un requiem
Embrasse-moi, dis-moi que tu m’aimes
Fais-moi danser jusqu’à ce que le temps nous reprenne

[Refrain]
Ce qu’il a donné
Will you take me to paradise?
With you nothing ever dies
You take my smile and make it bright
Before the night erase the light
I won’t go below silver skies
The only dark is in your eyes
On pleure mais on survit quand même
C’est la beauté du requiem

[Pont]
Des amours naissent, des amours meurent
Ce soir enfin je n’ai plus peur
Je sais que je t’aimerai encore
Quand la terre ne tournera plus
Des amours naissent, des amours meurent
Ce soir enfin je n’ai plus peur
Je sais que je t’aimerai encore
Quand la terre ne tournera plus

[Pre-Refrain]
Embrasse-moi, dis-moi que tu m’aimes
Fais-moi sourire au beau milieu d’un requiem
Embrasse-moi, dis-moi que tu m’aimes
Fais-moi danser jusqu’à ce que le temps nous reprenne

[Outro]
Ce qu’il a donné
Embrasse-moi, tell me that you love me
Embrasse-moi
Embrasse-moi, tell me that you love me
Embrasse-moi","Love dies, love is born
Centuries pass and disappear
What you believe to be dead
It's a season and nothing more One day tired of this wandering
You will go away, no matter
Because the world will still turn
Even when we won't turn anymore Kiss me, tell me that you love me
Make me smile right in the middle of a requiem
Kiss me, tell me that you love me
Make me dance until time takes back from us
What it had given Would you take me to paradise
With you nothing ever dies
You take my smile and make it bright
Before the night erases the light
I won't go below silver skies
The only darkness is in your eyes 
We cry but we still survive
It's the beauty of a requiem Sparks become flames
Little girls become women
What you believe to be love
It's a fire and nothing more Our heartbreaks, our declines
They're thought to be important
But tomorrow the day will be reborn
Like if we had not lived Kiss me, tell me that you love me
Make me smile in the middle of a requiem
Kiss me, tell me that you love me
Make me dance until time takes back from us
What it had given Would you take me to paradise
With you nothing ever dies
You take my smile and make it bright
Before the night erases the light
I won't go below silver skies
The only darkness is in your eyes 
We cry but we still survive
It's the beauty of a requiem Love is born, love dies
Tonight, I'm finally no longer afraid
I know that I will love you again
When the world won't turn anymore Love is born, love dies
Tonight, I'm finally no longer afraid
I know that I will love you again
When the world won't turn anymore Kiss me, tell me that you love me
Make me smile in the middle of a requiem
Kiss me, tell me that you love me
Make me dance until time takes back from us
What it had given Kiss me
Tell me that you love me
Kiss me Kiss me
Tell me that you love me
Kiss me",alma,requiem,0.618,0.669,-5.053,106.426
1499,Cyprus,35,Eleni Foureira,Fuego,English (title Spanish),2,436.0,63,2018,Portugal,Lisbon,"[Verse 1]
Take a dive into my eyes
Yeah, the eyes of a lioness
Feel the power, they ain't lying
A little look, a little touch
You know the power of silence
Yeah keep it up, keep it up

[Pre-Chorus]
I was looking for some high-high-highs, yeah
'Til I got a dose of you
You got me pelican fly-fly-flyin'

[Chorus]
'Cause I'm way up and I ain't comin' down
Keep taking me higher
Ah yeah ah yeah ah yeah, yeah ah yeah ah yeah
'Cause I'm burning up and I ain't coolin' down
Yeah, I got the fire
Ah yeah ah yeah ah yeah, yeah ah yeah ah yeah

[Drop]
Fuego
Fuego
Ah yeah ah yeah ah yeah, yeah ah yeah ah yeah
Fuego

[Verse 2]
Take me in, take a breath
Ain't no hidden agenda
What you see is what you get

[Pre-Chorus]
I was looking for some high-high-highs, yeah
'Til I got a dose of you
You got me pelican fly-fly-flyin'

[Chorus]
'Cause I'm way up and I ain't comin' down
Keep taking me higher
Ah yeah ah yeah ah yeah, yeah ah yeah ah yeah
'Cause I'm burning up and I ain't coolin' down
Yeah, I got the fire
Ah yeah ah yeah ah yeah, yeah ah yeah ah yeah

[Drop]
Fuego
Fuego
Ah yeah ah yeah ah yeah, yeah ah yeah ah yeah
Fuego

[Bridge]
Oh, your love is like wild-wildfire
You got me pelican fly-fly-flyin'

[Chorus]
'Cause I'm way up and I ain't comin' down
Keep taking me higher
Ah yeah ah yeah ah yeah, yeah ah yeah ah yeah
'Cause I'm burning up and I ain't coolin' down
Yeah, I got the fire
Ah yeah ah yeah ah yeah, yeah ah yeah ah yeah

[Drop]
Fuego
Fuego
Ah yeah ah yeah ah yeah, yeah ah yeah ah yeah",English,eleni foureira,fuego,0.586,0.7390000000000001,-4.584,101.033
1514,Sweden,58,Benjamin Ingrosso,Dance You Off,English,7,274.0,63,2018,Portugal,Lisbon,"[Verse 1]
I see that look in your eyes
But I ain't feeling no pressure (Pressure)

[Pre-Chorus]
Feels like I'm stuck here in time
While I've been trying to forget ya (Forget ya)

[Chorus]
Just wanna da-da-dance you off
So don't you da-da-dare wait up
'Cause I just wanna feel the mood
Girl, with anyone but you
And I might now
Yeah, I might now
Just trying to have myself a time (Have myself a time)
So I just don't care if you mind (Don't care if you mind)
'Cause I just wanna feel the mood
Girl, with anyone but you
And I might now
Yeah, I might now

[Verse 2]
Treating you good, we were gold
I dug you like you were treasure (Treasure)
So don't act like I'm the cruel one
When I know you know better (And I know you know better)
And I (And I)
Oh, I used to think that you were worth the best in life
'Cause I loved it, I loved i-i-it

[Pre-Chorus]
Feels like I'm stuck here in time
While I've been trying to forget ya (Forget ya)

[Chorus]
Just wanna da-da-dance you off (Wanna dance you off)
So don't you da-da-dare wait up (Don't you dare wait up)
'Cause I just wanna feel the mood
Girl, with anyone but you
And I might now
Yeah, I might now
Just trying to have myself a time (Have myself a time)
So I just don't care if you mind (Don't care if you mind)
'Cause I just wanna feel the mood
Girl, with anyone but you
And I might now (I might now)
Yeah, I might now (I might)

[Bridge]
(I'm just gonna dance you off the floor)
I'm just gonna dance you off the floor
I used to think that you were worth my every night
I might

[Outro]
(Just wanna da-da-dance you off)
You
(So don't you da-da-dare wait up)
Don't you dare wait up for me now
('Cause I just wanna feel the mood)
Girl, with anyone but you
(And I might now)
I might, I might now
(Just trying to have myself a time)
I'm just gonna have myself a time
(So I just don't care if you mind)
Don't care if you mind
('Cause I just wanna feel the mood)
Girl, with anyone but you
And I might now (I might now)
I might now",English,benjamin ingrosso,dance you off,0.73,0.6920000000000001,-5.432,109.08
1517,Ukraine,15,Mélovin,Under the Ladder,English,17,130.0,63,2018,Portugal,Lisbon,"[Verse 1]
Curtains down, I’m laughing at the trial
Help me to unravel
Tangle of my innocence inside
Faith’s bout to be severed

[Pre-Chorus 1]
Oh oh oh oh, won’t get any better
Oh oh oh oh, walk under the ladder
Shout out just one reason what’s this for

[Chorus]
You can see that whatever the weather
That the wind’s always there, always fair, oh oh oh
And it has always been now or never
The decision has got to be made, oh oh oh
(Oh oh oh, oh oh oh, oh, yeah)
(Oh oh oh, oh oh oh, oh, yeah)

[Verse 2]
Desperate thoughts, your hope calls you a liar
Fear begins to revel
Nothing but your will sets you on fire
Fire lasts forever

[Pre-Chorus 2]
Oh oh oh oh, can’t get any better
Oh oh oh oh, dance under the ladder
If you dare, so what you’re waiting for

[Chorus]
You can see that whatever the weather
That the wind’s always there, always fair, oh oh oh
And it has always been now or never
The decision has got to be made, oh oh oh
(Oh oh oh, oh oh oh, oh, yeah)
(Oh oh oh, oh oh oh, oh, yeah)

[Bridge]
You can see that whatever the weather
That the wind’s always there, always fair, oh oh oh
And it has always been now or never
The decision has got to be made

[Chorus]
You can see that whatever the weather
That the wind’s always there, always fair, oh oh oh
And it has always been now or never
The decision has got to be made

You can see that whatever the weather
That the wind’s always there, always fair, oh oh oh
And it has always been now or never
The decision has got to be made, oh oh oh
(Oh oh oh, oh oh oh, oh, yeah)
(Oh oh oh, oh oh oh, oh, yeah)",English,m lovin,under the ladder,0.573,0.746,-6.272,139.94899999999998
1548,Sweden,59,John Lundvik,Too Late for Love,English,5,334.0,64,2019,Israel,Tel Aviv,"[Verse 1]
Hey, how you been?
I wonder, do you ever think of me?
Say, am I wrong
To wonder if it could be you and me?

[Pre-Chorus]
Is it too late for love? Hmm
Is it too late for love? I wanna know
Is it too late for love? I can't take no more
Is it?

[Chorus]
I could be the sun that lights your dark
Maybe I would lit your world with just one spark
I could make it burn for you and me
If I could be there, I would be there
Hear me
I could be the sun that lights your dark
(Is it too late for love? Is it too late for love?)
Hear me
I could make it burn for you and me

[Verse 2]
Days came and went
But nothing ever really felt the same
You left a space
Where everything reminds me of your face

[Pre-Chorus]
Is it too late for love? Hmm
Is it too late for love? I wanna know

[Chorus]
I could be the sun that lights your dark
Maybe I would lit your world with just one spark
I could make it burn for you and me
If I could be there, I would be there
Hear me
I could be the sun that lights your dark
(Is it too late for love? Is it too late for love?)
Hear me
I could make it burn for you and me
(Is it too late for love? Is it too late for love?)

[Bridge]
We could be a storm that rages on
And maybe we would own the ocean carry on

[Chorus]
I could be the sun that lights your dark
Maybe I would lit your world with just one spark
I could make it burn for you and me
If I could be there, I would be there
Hear me
I could be the sun that lights your dark
(Is it too late for love? Is it too late for love?) Is it too late for love?
But is it too late for love?
Is it?",English,john lundvik,too late for love,0.401,0.746,-4.155,104.252
1646,Armenia,-,Rosa Linn,Snap,English,20,61.0,66,2022,Italy,Turin,"It‘s 4am
I can‘t turn my head off
Wishing these memories would fade
They never do
Turns out people lied
They said just snap your fingers
As if it was really that easy
For me to get over you
I just need time
Snappin‘ 1, 2, where are you?
You‘re still in my heart
Snappin 3, 4, don‘t need you here anymore
Get out of my heart
‘Cause I might snap
I‘m writing a song
Said this is the last one
But how many last songs are left?
I‘m losing count
Since June 22
My heart‘s been on fire
I‘ve been spending my nights
In the rain trying to put it out
So I‘m snappin 1, 2, where are you?
You‘re still in my heart
Snappin 3, 4, don‘t need you here anymore
Get out of my heart
‘Cause I might snap
Oh-oh, Cause I might snap
Oh-oh
And if one more person says you should get over it
Oh I might stop talking to people before I snap, snap, snap
Oh I might stop talking to people before I snap
Snappin 1, 2, where are you? (Where are you?)
You‘re still in my heart (Still in my heart)
Snappin 3, 4, don‘t need you here anymore (Need you here anymore)
Get out of my heart
‘Cause I might snap
Oh-oh, Cause I might snap
Oh-oh (Get out of my heart)
Cause I might snap
Get out of my heart, yeah
Cause I might snap",English,rosa linn,snap,0.565,0.636,-8.198,170.01
1696,Finland,-,Käärijä,Cha Cha Cha,Finnish,2,526.0,67,2023,United Kingdom,Liverpool,"Rankka viikko ja paljon pitkii päiviä takan,
Mielenkiintona piña colada ja rata,
Ilta on vielä nuori ja aikaa kumota,
Tää jäinen ulkokuori on aika tuhota
Pidän kaksin käsin kiinni juomista niinku
Cha cha cha cha cha cha cha, ei
En mieti huomista ku tartun tuopista niinku,
Cha cha cha cha cha cha cha, ei
Haluun olla sekasin ja vapaa huolista niinku
Cha cha cha cha cha cha cha, ei
Ja mä jatkan kunnes en enää pysy tuolissa niinku
Muutama piña colada on jo takana,
Silti mul on vielä naamataulu vakava, yeah yeah ye ye yeh
Ilta on vielä nuori ja aikaa kumota,
Tää jäinen ulkokuori on aika tuhota,
Parketti kutsuu mua ku en oo enää lukossa,
Niinku cha cha cha mä oon tulossa
Pidän kaksin käsin kiinni juomista niinku,
Cha cha cha cha cha cha cha, ei
En mieti huomista ku tartun tuopista niinku,
Cha cha cha cha cha cha cha, ei
Haluun olla sekasin ja vapaa huolista niinku,
Cha cha cha cha cha cha cha, ei
Ja mä jatkan kunnes en enää pysy tuolissa niinku vou,
Nyt lähden tanssimaan niinku cha cha cha cha enkä pelkääkään tätä maailmaa,
Niinku cha cha cha kun mä kaadan päälleni samppanjaa,
Cha cha cha toinen silmä jo karsastaa, ja puhe sammaltaa ku tää toinen puoli must vallan saa,
Cha cha cha en oo arkena tää mies laisinkaan, en oo mut tänään oon se mies, tänään oon se mies
Nyt lähden tanssimaan niinku cha cha cha, enkä pelkääkään tätä maailmaa,
Niinku cha cha cha, kun mä kaadan päälleni samppanjaa,
Niinku cha cha cha
Cha cha cha cha cha cha cha aa-aah
Niinku cha cha cha
Cha cha cha cha cha cha cha
Cha cha cha cha cha cha cha","This exhausting week and the many long days are behind
There’s only bar and piña colada on my mind
There is some time for a few, the night is still youngish
This icy shell is something I have to demolish
Holding on the drinks with both hands tied on them like a
Cha cha cha cha cha cha cha, no
There’s no tomorrow when I grab a pint tightly like a
Cha cha cha cha cha cha cha, no
Wanna mess my head up and to free my mind of fear like a
Cha cha cha cha cha cha cha, no
And I stay on this seat until I have to climb off it like a
A couple piña coladas I have devoured
Yet the expression I have on my face is sour, yeah yeah ye ye yeh
There is some time for a few, the night is still youngish
This icy shell is something I have to demolish
The floor is calling me when I’m no longer so frozen
Like a cha cha cha I am approachin’
Holding on the drinks with both hands tied on them like a
Cha cha cha cha cha cha cha, no
There’s no tomorrow when I grab a pint tightly like a
Cha cha cha cha cha cha cha, no
Wanna mess my head up and to free my mind of fear like a
Cha cha cha cha cha cha cha, no
And I stay on this seat until I have to climb off it like a whoa
I head towards the dance floor
Like a cha cha cha
And this world ain’t making me scared no more
Like a cha cha cha
When Champagne all over myself I pour
Cha cha cha
One eye keeps turning crossed too far
And talking is so hard when this different side of me does its part
Cha cha cha
I don’t usually go and drop my guard, not me
But now I am that guy, now I am that guy
I head towards dance floor
Like a cha cha cha
And this world ain’t making me scared no more
Like a cha cha cha
When Champagne all over myself I pour
Like a cha cha cha
Cha cha cha cha cha cha cha aa-aah
Like a cha cha cha
Cha cha cha cha cha cha cha
Cha cha cha cha cha cha cha",k rij,cha cha cha,0.718,0.791,-5.572,155.082
1710,Norway,-,Alessandra,Queen of Kings,English,5,268.0,67,2023,United Kingdom,Liverpool,"She, queen of the kings, running so fast, beating the wind.
Nothing in this world can stop the spread of her wings
She, queen of the kings, broken her cage, threw out the keys.
She will be the warrior of north and southern seas
Got raven hair, it's dark as night
Icy eyes, out of site, out of site
Her heart in spite, is warm and bright
Her smile awakes the northern light
Looking out, she calls! laidadadilaida!
Who will conquer all?
Her name is
She, queen of the kings, running so fast, beating the wind.
Nothing in this world can stop the spread of her wings
She, queen of the kings, broken her cage, threw out the keys.
She will be the warrior of north and southern seas
A firestone, forged in flames
Wildest card, run the game, run the game
Can't stay the same, in this world of change
Don't fear the pain, just break the chain!
Looking out, she calls! laidadadilaida!
Who will conquer all?
Her name is
She, queen of the kings, running so fast, beating the wind.
Nothing in this world can stop the spread of her wings
She, queen of the kings, broken her cage, threw out the keys.
She will be the warrior of north and southern seas
Dam da da di dam da dam da di dam dam...
Her name is
She, queen of the kings, running so fast, beating the wind.
Nothing in this world can stop the spread of her wings
She, queen of the kings, broken her cage, threw out the keys.
She will be the warrior of north and southern seas",English,alessandra,queen of kings,0.563,0.908,-4.25,125.972
1718,Sweden,-,Loreen,Tattoo,English,1,583.0,67,2023,United Kingdom,Liverpool,"I don't wanna go
But baby we both know
This is not our time
It’s time to say goodbye
Until we meet again
Cause this is not the end
It will come a day
When we will find our way
Violins playing and the angels crying
When the stars align then I’ll be there
No, I don't care about them all
Cause all I want is to be loved
And all I care about is you
You stuck on me like a tattoo
No, I don't care about the pain
I’ll walk through fire and through rain
Just to get closer to you
You stuck on me like a tattoo
I'm letting my hair down
I'm taking it cool
You got my heart in your hand
Don't lose it my friend
It's all that I got
And now violins playing and the angels crying
When the stars align then I’ll be there
No, I don't care about them all
Cause all I want is to be loved
And all I care about is you
You stuck on me like a tattoo
No, I don't care about the pain
I’ll walk through fire and through rain
Just to get closer to you
You stuck on me like a tattoo
Oh, I don't care about them all
Cause all I want is to be loved
And all I care about is you
You stuck on me like a tattoo
I don't care about the pain
I’ll walk through fire and through rain
Just to get closer to you
You stuck on me like a tattoo
All I care about is love
Oh oh oh
All I care about is love
You stuck on me like a tattoo",English,loreen,tattoo,0.545,0.779,-6.235,150.002
1723,Armenia,-,LADANIVA,Jako,English/Armenian,8,183.0,68,2024,Sweden,Malmö,"Ինձ ասում են.
Ժակո՛, քեզ խելոք պահի՛,
Շատ մի՛ խոսա,
Շատ սուս էլ մի՛ նստի,
Հագի՛, բացի՛, փակի՛,
Աղջկա պես քեզ պահի՛»:
Ես աղջիկ եմ ազատ,
Ես կպարեմ, դու էլ նայի՛:
Լա Լա Լա
Արի՛, արի՛, արի՛ դու ինձ միացի՛,
Մեկ ա, մեկ ա, մեկ ա՝ ով ինչ կասի,
Էլի, էլի, էլի ժամին չենք նայի,
Հելի՛, հելի՛, հելի՛ բոյիդ մատաղ,
Վե՛ր կաց, պարի՛:
Լա Լա Լա","They tell me:
“Jako, be humble!”
“Don't talk too much!”
“Don't stay too quiet!”
“Wear this, open this, close that,”
“Behave like a girl!’
But I am a free girl, so I will dance and you will watch!
La La La
Come, come, come and join me!
No matter what they say,
We will forget about the time again,
Come on, come on, come on my dear, get up and dance!
La La La",ladaniva,jako,0.43,0.744,-5.426,133.224
1725,Austria,-,Kaleen,We Will Rave,English,24,24.0,68,2024,Sweden,Malmö,"Ice running through my veins
You just did it again
Go cause I can’t be your friend
I’m cold but this is not the end
So I go go go
Where the broken hearted go
No one knows a thing about my haunted soul
I go oh oh
Wanna dance it off alone
I won't let it show
They will never know
When the darkness hits and we can’t be saved
We rum de dum dum da – We Will Rave
When our hearts are burning we feel no pain
We rum de dum dum da – We Will Rave
I see only silhouettes
I just wanna forget
About everything we said
And the demons in my head
So I go go go
Where the broken hearted go
No one knows a thing about my haunted soul
I go oh oh
Wanna dance it off alone
I won't let it show
They will never know
When the darkness hits and we can’t be saved
We rum de dum dum da – We Will Rave
When our hearts are burning we feel no pain
We rum de dum dum da – We Will Rave",English,kaleen,we will rave,0.579,0.911,-5.175,139.99
1728,Croatia,-,Baby Lasagna,Rim Tim Tagi Dim,English,2,547.0,68,2024,Sweden,Malmö,"Ay, I’m a big boy now
I’m ready to leave, ciao mamma ciao
Ay, I’m a big boy now
I’m going away and I sold my cow
But before I leave, I must confess
I need a round of decompress
One more time for all the good times
Rim Tim Tagi Digi Rim Tim Tim
Rim Tim Tagi Digi
Rim Tim Tagi Digi
Rim Tim Tagi Digi
Rim Tim Tagi Digi
Gonna miss you all, but mostly the cat
Gonna miss my hay, gonna miss my bed
Most of all I’m gonna miss the dance
So come on ya’ll, let us prance
Rim Tim Tagi Digi
Rim Tim Tagi Digi
Rim Tim Tagi Digi
Rim Tim Tagi Digi
Don’t call, don’t write
I’m leaving with the first light
Don’t cry, but dance
Rim Tim Tagi Digi Rim Tim Tim
There’s no going back
My presence fades to black
There’s no going back
My anxiety attacks
Rim Tim Tagi Digi Rim Tim Tim
Rim Tim Tagi Digi
Rim Tim Tagi Digi
Rim Tim Tagi Digi
Rim Tim Tagi Digi
I hope I find, peace in the noise
Wanna become one of the city boys
They’re all so pretty and so advanced
Maybe they also know our dance
Rim Tim Tagi Digi
Rim Tim Tagi Digi
Rim Tim Tagi Digi
Rim Tim Tagi Digi
Bye mom, bye dad
Meow cat, please meow back
Don’t cry, just dance
Rim Tim Tagi Digi Rim Tim Tim
There’s no going back
My presence fades to black
There’s no going back
My anxiety attacks
Rim Tim Tagi Digi Rim Tim Tim
There’s no going back
My presence fades to black
There’s no going back
My anxiety attacks
Rim Tim Tagi Digi Rim Tim Tim
There’s no going back
My presence fades to black
There’s no going back
My anxiety attacks
Rim Tim Tagi Digi Rim Tim Tim",English,baby lasagna,rim tim tagi dim,0.587,0.879,-6.729,128.041
1729,Cyprus,-,Silia Kapsis,Liar,English,15,78.0,68,2024,Sweden,Malmö,"Waking up in the morning and I'm
I'm feeling like ooh-la-la
It’s about to go down cause I found out the truth, la-la
9 o clock in the morning and I know this is our last night
I know what I’m doing cause
Yeah I got it on black and white
Should’ve known that you are a liar
But I looked the other way
Should’ve known you’re a trouble maker
But you act too nice to hate
I knew we couldn’t get much higher
But you promised the world to me
Do you see that you light my fire
Now I know what I know
Because of you
I'll make it through
Take a look at yourself
Cause that is what you need to do, to do
Cause the only problem in this room
Is about you, about you
Cause you're a liar
Liar, Liar, Liar
You lie
Waking up in the morning and I'm
I'm feeling like ooh-la-la
Now I know that your heart and your mind don’t align, la-la
I can see it in your eyes that you don't like to be this way
I know that you're fighting back
Guys like you can't be changed
Should’ve known that you are a liar
But I looked the other way
Should’ve known you’re a trouble maker
But you act too nice to hate
I knew we couldn’t get much higher
But you promised the world to me
Do you see that you light my fire
Now I know what I know
Because of you
I'll make it through
Take a look at yourself
Cause that is what you need to do, to do
Cause the only problem in this room
Is about you, about you
Cause you're a liar
Because of you
I'll make it through
Take a look at yourself
Cause that is what you need to do, to do
Cause the only problem in this room
Is about you, about you
Cause you're a liar",English,silia kapsis,liar,0.698,0.862,-6.938,100.009
1733,Finland,-,Windows95man,No Rules!,English,19,38.0,68,2024,Sweden,Malmö,"Welcome. My name is Windows... Windows95man
And I only live by one rule, and the rule is... NO RULES!
(No rules...)
Silence, I say
This is my time - my stage
Call me what you may, see if I care
See me slay!
Is there something wrong with the way I look?
Is there something wrong with who I am?
If I’m not alright
Tell me why do I
Feel so beautiful tonight
NO RULES!
It’s how I live
How I find the wind beneath my wings
It’s how I learn to fly
NO RULES!
In the heat of the night
In the thrill of the fight
I don’t even care what’s wrong or right
It’s how I live my life
NO RULES!
Quiet as I speak
I am the king - I am the queen
And you all gonna be free
Forget the rules and scream!
Is there something wrong with the way I look?
Is there something wrong with who I am?
If I’m not alright
Tell me why do I
Feel so beautiful tonight
NO RULES!
It’s how I live
How I find the wind beneath my wings
It’s how I learn to fly
NO RULES!
In the heat of the night
In the thrill of the fight
I don’t even care what’s wrong or right
It’s how I live my life
NO RULES!
It’s how I live
How I find the wind beneath my wings
It’s how I learn to fly
(Make some noise, let’s go!)
In the heat of the night
In the thrill of the fight
I don’t even care what’s wrong or right
It’s how I live my life
NO RULES!
It’s how I live
How I find the wind beneath my wings
It’s how I learn to fly
(Come on!)
NO RULES!
In the heat of the night
In the thrill of the fight
I don’t even care what’s wrong or right
It’s how I live my life
NO RULES!",English,windows95man,no rules,0.493,0.949,-4.961,159.975
1734,France,-,Slimane,Mon amour,French,4,445.0,68,2024,Sweden,Malmö,"Mon amour
Dis-moi à quoi tu penses
Si tout ça a un sens
Désolé si je te dérange
Mon amour
Te souviens-tu de nous?
Du premier rendez-vous?
C'était beau, c'était fou
Je t'aime
J'sais pas pourquoi
Je rejoue la scène
Mais c'est toujours la même fin qui recommence
Tu n'entends pas
Ma peine, on en fait quoi?
Est-ce que tu m'aimes ou pas?
Mon amour
Je ferai tout ce que je peux
Un océan dans le feu
L'impossible si tu le veux
Oh Mon amour
Allez reviens à Paris
Fais-le pour nous je t'en supplie
Je le promets j'ai compris
Je t'aime
J'sais pas pourquoi
Je rejoue la scène
Mais c'est toujours la même fin qui recommence
Tu n'entends pas
Ma peine, on en fait quoi?
Est-ce que tu m'aimes ou pas?
Dis-moi l'endroit, je t’attendrai
Et si tu ne viens pas, je t'attendrai
C'est bête je sais, je le ferai
Rempli d'espoir je t'attendrai
Je t'aime
J'sais pas pourquoi
Je rejoue la scène
Mais c'est toujours la même fin qui recommence
Tu n'entends pas
Ma peine, on en fait quoi?
Est-ce que tu m'aimes
Est-ce que tu m’aimes
Est-ce que tu m’aimes
Est-ce que tu m’aimes ou pas?","My love
Tell me what’s on your mind
If all of this makes sense
Sorry if I disturb you
My love
Do you remember us?
Our first rendez-vous?
It was beautiful, It was insane
I love you
I don’t know why
I play the scene again
But it's always the same ending that keeps repeating
You don’t hear anything
What do we do about my pain?
Do you love me or not?
My love
I’ll do all that I can
Create an ocean in the fire
The impossible if you want me to
Oh my love
Please come back to Paris
Do it for us, I am begging you
I promise, I've learned my lesson
I love you
I don’t know why
I play the scene again
But it’s always the same ending that keeps repeating
You don’t hear anything
What do we do about my pain?
Do you love me or not?
Tell me the place, I’ll wait for you
And if you don’t come, I’ll still wait for you
I know it’s silly, but that’s what I’ll do
Filled with hope, I’ll will wait for you
I love you
I don’t know why
I play the scene again
But it's always the same ending that keeps repeating
You don’t hear anything
What do we do about my pain?
Do you love me?
Do you love me?
Do you love me?
Do you love me or not?",slimane,mon amour,0.505,0.357,-8.037,141.948
1736,Germany,-,ISAAK,Always On The Run,English,12,117.0,68,2024,Sweden,Malmö,"I am nothing but the average
Even though I‘m special to some
I can’t refuse I‘m going under
No one gives a ... about what’s soon to come
What’s soon to come
I know my blessing with the privilege
Of doing anything I want
But I don’t feel like getting stronger
In my mind it’s just a game that can’t be won
That can’t be won
I‘m always on the run, run, run, run
Close but never done, done, done, done
I can’t break out when I‘m free
Lost in my own identity
I‘m on the run, run, run, run
I‘m always on the
Run na na eh, run na na eh
Run na na eh, run na na eh
Run na na eh, run na na eh
Run na na eh, run na na eh
All I do is keep my head up
But it’s time to keep the pace
Like I‘m haunted by the voices
Deep within oh they‘re just never gonna fade (run na na eh, run na na eh)
Not gonna fade
I‘m always on the run, run, run, run
Close but never done, done, done, done
I can’t break out when I‘m free
Lost in my own identity
I‘m on the run, run, run, run
I‘m always on the
Run na na eh, run na na eh
Run na na eh, run na na eh
Run na na eh, run na na eh
Run na na eh, run na na eh
Run from the silence
Screaming for guidance
Who am I fighting for
Get out of my head
I‘m so sick and tired
Can’t do this anymore
Run from the silence
Screaming for guidance
Who am I fighting for
Get out of my head
I‘m so sick and tired
Can’t do this anymore
Run from the silence
Screaming for guidance
Who am I fighting for
Get out of my head
I‘m so sick and tired
Can’t do this anymore
Run from the silence
Screaming for guidance",English,isaak,always on the run,0.64,0.636,-6.005,109.993
1737,Greece,-,Marina Satti,ZARI,Greek,11,126.0,68,2024,Sweden,Malmö,"Pónos mi mas érthei makári
Péfto kai kyliémai sa zári
Káno pos xechnáo t’ ónomá sou
Ki óla allázoun gýro mou apótoma
O ánemos gia pou tha mas párei
Péfto kai kyliémai sa zári
Káno pos xechnáo t’ áromá sou
Ki óla allázoun gýro mou
I’m gonna do it my way
Sto myaló sou tha bainovgaíno
Giatí de mou ‘doses to chéri
Oúte gia na piastó
Kápote eícha póno gia séna kryfó
T’afíno óla na vgoúne
Páme
Put your hands up
Káno óti den ítane pséma
Ríxe álli mia teleftaía forá
Ki áse na mas férei ó,ti thélei metá
(TA TA TA TA TA)
(TA TA TA TA TA TA)
Ki áse na mas férei ó,ti thélei metá
TA TA TA TA TA TA
Na mas férei ó,ti thélei
(TA TA TA TA TA TA)
Ki as eínai na mas férei ó,ti thélei metá
(TA TA TA TA TA TA)
Na mas férei ó,ti thélei
Na mi thymithó
Tis óres pou kónteva na trelathó
Áse na mi thymithó
Den písteves To kárma óti eínai alithinó
Páme
Put your hands up
Káno óti den ítane pséma
Ríxe álli mia teleftaía forá
Ki áse na mas férei ó,ti thélei metá
(TA TA TA TA TA)
Móni ki an méno
Pánta se periméno
Trémo san flóga
San spírto anamméno
Ótan charázei
me tróei to marázi
móni pethaíno an eísai alloú
(TA TA TA TA TA TA)
Ki áse na mas férei ó,ti thélei metá
(TA TA TA TA TA TA)
Na mas férei ó,ti thélei
(TA TA TA TA TA TA)
Ki as eínai na mas férei ó,ti thélei metá
(TA TA TA TA TA TA)
Na mas férei ó,ti thélei
Pónos mi mas érthei makári
Péfto kai kyliémai sa zári
Káno pos xechnáo t’ ónomá sou
Ki óla allázoun gýro mou apótoma
O ánemos gia pou tha mas párei
Péfto kai kyliémai sa zári
Káno pos xechnáo t’ áromá sou
Ki óla allázoun gýro mou apótoma
(TA TA TA TA TA TA)
Ki áse na mas férei ó,ti thélei metá
(TA TA TA TA TA TA)
Na mas férei ó,ti thélei
Ki as eínai na mas férei ó,ti thélei metá
(TA TA)
Ki óla allázoun gýro mou apótoma","May pain not come to us
I fall and move like dice
I pretend to forget your name
And everything changes around me abruptly
Where will the wind take us?
I fall and roll like dice
I pretend to forget your scent
And everything is changing around me
I’m gonna do it my way
I’ll come in and out of your mind
You never gave me a hand to hold
I used to want you secretly
Now I’m letting it all go
Let’s go
Put your hands up
Pretend it wasn’t a lie
Fall one last time
And let whatever happens happen
(ΤΑ ΤΑ ΤΑ ΤΑ ΤΑ)
(ΤΑ ΤΑ ΤΑ ΤΑ ΤΑ ΤΑ)
And let whatever happens happen
ΤΑ ΤΑ ΤΑ ΤΑ ΤΑ ΤΑ
And let whatever happens happen
(ΤΑ ΤΑ ΤΑ ΤΑ ΤΑ ΤΑ)
And let whatever happens happen
(ΤΑ ΤΑ ΤΑ ΤΑ ΤΑ ΤΑ)
And let whatever happens happen
I don’t want to remember
The hours where I almost went crazy
Let me not remember
You didn’t believe that karma was real
Let’s go
Put your hands up
Pretend it wasn’t a lie
Roll it one last time
And let whatever happens happen
(ΤΑ ΤΑ ΤΑ ΤΑ ΤΑ)
Even if I stay alone
I will always be waiting for you
I’m trembling like a flame
Like a lighted up match
When the dawn comes
I pine away
I die alone if you are not here
(ΤΑ ΤΑ ΤΑ ΤΑ ΤΑ ΤΑ)
And let whatever happens happen
(ΤΑ ΤΑ ΤΑ ΤΑ ΤΑ ΤΑ)
Let whatever happens happen
(ΤΑ ΤΑ ΤΑ ΤΑ ΤΑ ΤΑ)
And let whatever happens happen
(ΤΑ ΤΑ ΤΑ ΤΑ ΤΑ ΤΑ)
Let whatever happens happen
May pain not come to us
I fall and move like dice
I pretend to forget your name
And everything changes around me abruptly
Where will the wind take us?
I fall and roll like dice
I pretend to forget your scent
And everything is changing around me abruptly
(ΤΑ ΤΑ ΤΑ ΤΑ ΤΑ ΤΑ)
And let whatever happens happen
(ΤΑ ΤΑ ΤΑ ΤΑ ΤΑ ΤΑ)
Let whatever happens happen
And let whatever happens happen
(ΤΑ ΤΑ)
And everything is changing around me abruptly",marina satti,zari,0.786,0.603,-4.282,101.937
1739,Ireland,-,Bambie Thug,Doomsday Blue,English,6,278.0,68,2024,Sweden,Malmö,"Avada Kadavra
I speak to destroy
The feelings I have I cannot avoid
Through twisted tongues
A hex deployed on you
That all the pretties in your bed
Escape your hands and make you sad
And all the things you wish you had you lose
I, I, I know you’re living a lie
I, I, I see the scars in your eyes
I, I, I know you’re living a lie
I, I, I guess you’d rather have a star than the moon
I guess I always overestimate you
Hoodoo all the things that you do
I’m down down in my Doomsday blue
(I, I, I know you’re living a lie)
(I, I, I know you’re living a lie)
Avada Kadavra
The thoughts in my head
The places I touch when lying in bed
The visions of you the words that you said
Undo
My heartbeat buried in the ground
And to the strings I bind you’re bound
So when you sleep you’ll hear my sound
(cuckoo)
I, I, I know you’re living a lie
I, I, I see the scars in your eyes
I, I, I know you’re living a lie
I, I, I guess you’d rather have a star than the moon
I guess I always overestimate you
Hoodoo all the things that you do
I’m down down in my Doomsday blue
I guess you’d rather have a star than the moon
I guess I always overestimate you
Hoodoo all the things that you do
I’m down down in my Doomsday blue
For your romance
I’d beg steal and borrow
It’s draining me hollow
You-ooooh
You could slow dance me
Out of my sorrow
But your favourite colour
Compared to the others is doom
Doomsday blue
Blue
Blue
Blue
Blue
Blue
Blue
Avada Kadavra
I speak to destroy!",English,bambie thug,doomsday blue,0.487,0.846,-7.123,130.008
1740,Israel,-,Eden Golan,Hurricane,English/Hebrew,5,375.0,68,2024,Sweden,Malmö,"Writer of my symphony
Play with me
Look into my eyes and see
People walk away but never say goodbye
Someone stole the moon tonight
Took my light
Everything is black and white
Who's the fool who told you boys don't cry
Hours and hours, empowers
Life is no game but it's ours
While, the time goes wild
Everyday I'm losing my mind
Holding on in this mysterious ride
Dancing in the storm
I got nothing to hide
Take it all and leave the world behind
Baby promise me you’ll hold me again
I’m still broken from this hurricane
This hurricane
Living in a fantasy, ecstasy
Everything is meant to be
We shall pass but love will never die
Hours and hours, empowers
Life is no game but it's ours
While, the time goes wild
Everyday I'm losing my mind
Holding on in this mysterious ride
Dancing in the storm
I got nothing to hide
Take it all and leave the world behind
Baby promise me you’ll hold me again
I’m still broken from this hurricane
This hurricane
Lo tzarich milim gdolot
(Don’t need big words)
Rak tfilot
(Just prayers)
Afilu eem kashe lirrot
(Even if it’s hard to see)
Tamid ata masheer li or echad katan
(You always leave one single light)",English,eden golan,hurricane,0.577,0.571,-5.557,86.992
1741,Italy,-,Angelina Mango,La noia,Italian,7,268.0,68,2024,Sweden,Malmö,"Quanti disegni ho fatto
Rimango qui e li guardo
Nessuno prende vita
Questa pagina è pigra
Vado di fretta
E mi hanno detto che la vita è preziosa
Lo la indosso a testa alta sul collo
La mia collana non ha perle di saggezza
A me hanno dato le perline colorate
Per le bimbe incasinate con i traumi
Da snodare piano piano con l’età
Eppure sto una Pasqua guarda zero drammi
Quasi quasi cambio di nuovo città
Che a stare ferma a me mi viene
A me mi viene
La noia
La noia
La noia
La noia
Muoio senza morire
In questi giorni usati
Vivo senza soffrire
Non c’è croce più grande
Non ci resta che ridere in queste notti bruciate
Una corona di spine sarà il dress-code per la mia festa
È la cumbia della noia
È la cumbia della noia
Total
Ah, è la cumbia della noia
La cumbia della noia
Total
Quanta gente nelle cose vede il male
Viene voglia di scappare come iniziano a parlare
E vorrei dirgli che sto bene ma poi mi guardano male
Allora dico che è difficile campare
Business parli di business
Intanto chiudo gli occhi per firmare i contratti
Princess ti chiama princess
Allora adesso smettila di lavare i piatti
Muoio senza morire
In questi giorni usati
Vivo senza soffrire
Non c’è croce più grande
Non ci resta che ridere in queste notti bruciate
Una corona di spine sarà il dress-code per la mia festa
È la cumbia della noia
È la cumbia della noia
Total
Allora scrivi canzoni?
Si, le canzoni d’amore
E non ti voglio annoiare
Ma qualcuno le deve cantare
Cumbia, ballo la cumbia
Se rischio di inciampare almeno fermo la noia
Quindi faccio una festa, faccio una festa
Perché è l’unico modo per fermare
Per fermare
Per fermare, ah
La noia
La noia
La noia
La noia
Muoio perché morire
Rende i giorni più umani
Vivo perché soffrire
Fa le gioie più grandi
Non ci resta che ridere in queste notti bruciate
Una corona di spine
Sarà il dress-code per la mia festa
È la cumbia della noia
È la cumbia della noia
Total
Ah, è la cumbia della noia
La cumbia della noia
Total
Total","How many drawings have I done
I’m sittin’ here lookin’ at them
None come to life
This page is lazy
I'm in a rush
And they told me that life is precious
I wear it tall and head high
My necklace has no pearls of wisdom
They gave me colourful beads
For the messed up girls with traumas
To be slowly unravelled growing up
Nevertheless I’m looking great with zero drama
Maybe I’ll move cities once again
Cause staying still
It comes to me, it comes to me
The Boredom
The Boredom
The Boredom
The Boredom
I die without dying
During these wasted days
I live without suffering
There is no greater cross
All we can do is have a laugh during these scorched nights
A crown of thorns will be the dress code for my party
It's the cumbia of boredom
It's the cumbia of boredom
Total
Ah, it's the cumbia of boredom
The cumbia of boredom
Total
How many people see evil in things
It makes me want to run away as they start talking
And I would like to say that I'm fine but then they look at me and scorn
So I say it's difficult to make a living
Business you talk about business
Meanwhile I close my eyes to sign contracts
Princess he calls you princess
So now stop washing the dishes
I die without dying
During these wasted days
I live without suffering
There is no greater cross
All we can do is have a laugh during these scorched nights
A crown of thorns will be the dress code for my party
It's the cumbia of boredom
It's the cumbia of boredom
Total
So do you write songs?
Yes, love songs
And I don't want to bore you
But someone has to sing them
Cumbia, I dance cumbia
If I risk tripping at least I'll stop the boredom
So I'm having a party, I'm having a party
Because it's the only way to stop
To stop
To stop, ah
The Boredom
The Boredom
The Boredom
The Boredom
I die without dying
During these wasted days
I live without suffering
There is no greater cross
All we can do is have a laugh during these scorched nights
A crown of thorns will be the dress code for my party
It's the cumbia of boredom
It's the cumbia of boredom
Total
Ah, it's the cumbia of boredom
The cumbia of boredom
Total
Total",angelina mango,la noia,0.68,0.871,-3.349,112.092
1742,Latvia,-,Dons,Hollow,English,16,64.0,68,2024,Sweden,Malmö,"Don’t look now
You’ll see me crying rivers I might drown
Don’t know how
Oh will I ever find my own way out
I don’t wanna lose me so cruelly
I’m drifting in and out of who I am
So help me understand
It’s killing me slow
Try to make me just another believer
Everybody just pretending they're preachers, preachers
It's killing me slow
Yeah I'd rather let them dig my grave shallow
Instead of selling out to something so hollow, hollow
Not afraid
Oh to tell you all my sins I can’t escape
No I won’t change
Woah it's like a bad disease that I can’t shake
I don’t wanna lose me so cruelly
I’m drifting in and out of who I am
So help me understand
It’s killing me slow
They try to make me just another believer
Everybody just pretending they're preachers, preachers
It's killing me slow
Yeah I'd rather let them dig my grave shallow
Instead of selling out to something so hollow",English,dons,hollow,0.438,0.429,-8.886,148.043
1743,Lithuania,-,Silvester Belt,Luktelk,Lithuanian,14,90.0,68,2024,Sweden,Malmö,"Diena viena ir vėl kita,
Tarytum čia data sustojo.
Einu tai ten, einu tai šen,
Ir kai sutems ir vėl iš naujo.
Rytoj rytoj rytoj
Pažadu mylėt tave rytoj
Laboj laboj laboj
Surasi tu mane nakty laboj.
Ar aš vis dar gyvas?
Ar tebepažįsti mane.
Saulė nepakyla.
Pasakyk ar liksi šalia.
Luktelk luktelk, dar vieną minutę luktelk.
Luktelk luktelk, dar vieną minutę luktelk.
Naktis viena, naktis kita
Kaip visada aš vėl iš naujo.
Stovime tyloje, grojančio radijo,
Nebenoriu šokt, nebenoriu šokt.
Stovime tyloje, grojančio radijo,
Nebenoriu šokt, bet man reikia šokt","One day has passed and then another
As if, the time has stopped.
I’m going somewhere, then some place else,
And after it gets dark, it will all repeat again.
Tomorrow, tomorrow, tomorrow
I promise to love you tomorrow
In the night, in the night, in the night
You will find me in the night.
Am I still alive?
Do you still recognise me?
The sun isn't coming up.
Tell me, will you stay by my side?
Wait up, wait up
Just another minute
Wait up, wait up
Just another minute
One night has passed, and then another
But as always, I start over again.
We’re standing in silence while the radio’s playing
I don't want to dance anymore.
We’re standing in silence while the radio’s playing
I don't want to dance, but I have to dance.",silvester belt,luktelk,0.761,0.953,-5.937,139.999
1744,Luxembourg,-,TALI,Fighter,English/French,13,103.0,68,2024,Sweden,Malmö,"T'as plus 20 ans
T'as plus le temps
De faire l'enfant
De faire que la fête
T'as plus d'argent
Pas d'élan
Tu vas vraiment
Droit vers la défaite
Et j'entends au loin au loin au loin
Cette petite voix, chant de sirène
Qui me dit mais viens
Vas-y prends ma main
Allez je t'emmène
Qui me dit tout bas
Come
I will never let you down
I know you're a fighter
Hold
In your heart the love around
You know you're a fighter
Et j'entends au loin au loin au loin
Cette petite voix qui me répète
Nan mais tu vas où ?
J'avoue j'avoue je sais pas
Je veux tout rien à la fois
J’finirai complètement folle
Et voilà
T'as pas le droit
D'rester comme ça
Faut faire des choix
T'as quoi dans la tête ?
Mène des combats
Crois en toi
Le monde est là
Pars à sa conquête
Et j'entends au loin au loin au loin
Cette petite voix, chant de sirène
Qui me dit mais viens
Va vers ton destin
Faut pas que tu freines
Qui me dit tout bas
Come
I will never let you down
I know you're a fighter
Hold
In your heart the love around
You know you're a fighter
Et j'entends au loin au loin au loin
Cette petite voix qui me répète
Nan mais tu vas où ?
J'avoue j'avoue je sais pas
Je veux tout rien à la fois
J’finirai complètement folle
Et voilà
J'avoue j'avoue je sais pas
Je veux tout rien à la fois
J’finirai complètement folle
Et voilà
Hear the sound of your dreams
You are so near
They are so near, look around
Hear the sound of your dreams
Not of your fears
And just open up your heart
Come
I will never let you down
I know you're a fighter
Hold
In your heart the love around
You know you're a fighter
Et cette voix
Elle s'en va
Elle revient
Dans ma tête
Nan mais tu vas où ?
J'avoue j'avoue je sais pas
Je veux tout rien à la fois
J’finirai complètement folle
Et voilà
J'avoue j'avoue je sais pas
Je veux tout rien à la fois
J’finirai complètement folle
Et voilà
Et voilà","You're not 20 anymore
You don't have time
To act like a child
To just party
You don't have money
No momentum
You're really
Heading towards defeat
And I hear in the distance, in the distance, in the distance
This little voice, siren's song
That tells me to come
Go ahead, take my hand
Come on, I'll take you
That tells me softly
Come
I will never let you down
I know you're a fighter
Hold
In your heart the love around
You know you're a fighter
And I hear in the distance, in the distance, in the distance
This little voice that repeats to me
Where are you going?
I admit I don't know
I want everything and nothing at once
I'll end up completely crazy
And there you go
You don't have the right
To stay like this
You have to make choices
What's on your mind?
Fight battles
Believe in yourself
The world is there
Go conquer it
And I hear in the distance, in the distance, in the distance
This little voice, siren's song
That tells me to come
Go towards your destiny
You must not slow down
That tells me softly
Come
I will never let you down
I know you're a fighter
Hold
In your heart the love around
You know you're a fighter
And I hear in the distance, in the distance, in the distance
This little voice that repeats to me
Where are you going?
I admit I don't know
I want everything and nothing at once
I'll end up completely crazy
And there you go
I admit I don't know
I want everything and nothing at once
I'll end up completely crazy
And there you go
Hear the sound of your dreams
You are so near
They are so near, look around
Hear the sound of your dreams
Not of your fears
And just open up your heart
Come
I will never let you down
I know you're a fighter
Hold
In your heart the love around
You know you're a fighter
And this voice
It goes away
It comes back
In my head
Where are you going?
I admit I don't know
I want everything and nothing at once
I'll end up completely crazy
And there you go
I admit I don't know
I want everything and nothing at once
I'll end up completely crazy
And there you go
And there you go",tali,fighter,0.553,0.683,-4.35,94.269
1748,Norway,-,Gåte,Ulveham,Norwegian,25,16.0,68,2024,Sweden,Malmö,"Eg var meg så ven og fager ei møy
Med stimoder vond, mi moder ho døy
Ho skapte meg om til eit svær og ei nål
Og sende meg av ti kongens gård
Og vreida mi stimoder kjende mest
Når alle dei gillaste lika meg best
Ho gav meg ein ham som ulve grå
Ho svor meg til einsam i skogjen gå
Og aldri blir eg heil og god
Før eg fær drukkje min broders blod","I was a very fine and beautiful maiden
With an evil stepmother. My mother had died.
She transformed me into a sword and a needle
And sent me off to the King’s estate.
The wrath of my stepmother grew
When all the fine people loved me most.
She gave me the hide of a grey wolf
And forced me to go into the woods alone.
And I would never be whole and good
Before I had drunk of my brother’s blood.",g te,ulveham,0.422,0.782,-5.496,130.128
1750,Portugal,-,iolanda,Grito,Portuguese,10,152.0,68,2024,Sweden,Malmö,"Ouvi, senti
O corpo a carregar
Seguimos assim
Um e outro, um e outro, um e outro
Sou queda livre
Aviso quando lá chegar
Entrego-me aqui
Pouco a pouco
Passos largos, presa na partida
Quero largar o que me deixou ferida
Peço à estrela mãe que faça o dia
Nascer de novo
(Ainda arde!)
Transformei cada verso de mim
E entregue à coragem
Que ainda arde, ainda arde
Bate a luz no peito e abre
Sou chama que ainda arde
Ainda arde, ainda arde!
Hoje eu quero provar a mim mesma
Que posso ser o que eu quiser
Juntar quem me quer bem numa mesa
Perdoar quem me quis ver sofrer
A mim não me enganam (Não! Não!)
Eu sou todo o tamanho (Sou!)
Ainda lembro, quando era pequena
Eu sonhava primeiro
Passos largos, presa na partida
Hoje eu largo aquilo que me deixou ferida
E peço à estrela mãe que faça o dia
Nascer de novo
(Ainda arde!)
Transformei cada verso de mim
E entregue à coragem
Que ainda arde, ainda arde
Bate a luz no peito e abre
Sou chama que ainda arde
Ainda arde, ainda arde!
Sou chama que ainda arde, ainda arde
Sou chama que ainda arde, ainda arde
Arde, arde…
Transformei cada verso de mim
E entregue à coragem
Que ainda arde, ainda arde
Bate a luz no peito e abre
Sou chama que ainda arde
Ainda arde, ainda arde!","I heard it, I felt my body carrying me
We keep going
One and the other, one and the other, one and the other
I'm free falling, I'll let you know when I get there
I surrender myself, little by little
Long strides, stuck in the starting line
I want to let go of what hurt me
I ask the morning star to make the day rise again
(It still burns) I've transformed every verse within me
(It still burns) And given in to the courage that still burns, still burns
Beats the light in my chest and opens
I'm a flame that still burns, still burns, still burns
Today I want to prove to myself
That I can be whatever I want (whatever I want)
Gather those who love me around a table
Forgive those who wanted to see me suffer
I can't be fooled (no, no)
I am whole (I am)
I still remember when I was little
I dreamed first
Long strides, stuck in the starting line
I want to let go of what hurt me
I ask the morning star to make the day rise again
(It still burns) I've transformed every verse within me
(It still burns) And given in to the courage that still burns, still burns
Beats the light in my chest and opens
I'm a flame that still burns, still burns, still burns
I'm a flame that still burns, still burns
I'm a flame that still burns, still burns
It burns, it burns, it burns
I've transformed every verse within me
And given in to the courage that still burns, still burns
Beats the light in my chest and opens
I'm a flame that still burns, still burns, still burns",iolanda,grito,0.39,0.476,-9.187,151.575
1752,Serbia,-,TEYA DORA,RAMONDA,Serbian,17,54.0,68,2024,Sweden,Malmö,"Nemam nemam nemam ja
nemam mira nemam sna
ne da noć da dođe dan
teško onom ko je sam
Ko pod vodom tiho je sve
vrištim al se ne čuje
iza gora beli sjaj
ja ne nazirem kraj
ovo put je za ranjene
A nema ko da vodi me
do svetle zvezde Danice
Gori svet, svaki cvet
gde su nestale lila ramonde
Lila ramonda
lila ramonda
Lila ramonda
lila ramonda
ramonda
lila ramonda
lila ramonda
lila ramonda
I nema ko da vodi me
jer zvezde sve su zaspale
ne pomažu ni molitve
gde su nestale lila ramonde
Lila ramonda
lila ramonda
lila ramonda
lila ramonda
Lila ramonda
lila ramonda
lila ramonda
lila ramonda
ramonda
lila ramonda
lila ramonda
lila ramonda
Diže se iz pepela
jedna lila ramonda","I don’t have, I don’t have, I don’t have
Neither peace, nor sleep.
The night frightens the day.
The lonely ones suffer.
Everything is quiet just like under the water.
I scream, but the sound doesn’t come out.
There is a white flare behind the mountain,
I cannot see the end of it.
This is the road for wounded,
And there is no one to guide me
Towards the bright North Star.
The world is on fire, every flower too.
Where have lilac ramondas disappeared to?
Lilac ramonda
Lilac ramonda
Lilac ramonda
Lilac ramonda
Ramonda
Lilac ramonda
Lilac ramonda
Lilac ramonda
And there is no one to guide me,
‘Cause all the stars fell asleep.
Prayers also don’t help.
Where have lilac ramondas disappeared to?
Lilac ramonda
Lilac ramonda
Lilac ramonda
Lilac ramonda
Lilac ramonda
Lilac ramonda
Lilac ramonda
Lilac ramonda
Lilac ramonda
Lilac ramonda
Lilac ramonda
It rises from ashes,
One lilac ramonda.",teya dora,ramonda,0.442,0.317,-8.452,84.942
1753,Slovenia,-,Raiven,Veronika,Slovenian,23,27.0,68,2024,Sweden,Malmö,"Skrila sem se v reko,
in odšla v tiho noč.
Z glasnimi koraki,
nemi klici na pomoč.
Zdaj, ko sem le voda,
v valovih iščem mir.
Utopim se v sebi,
se svetlobi prepustim.
Najdi me, rani me, brani me.
Koga loviš, ko me zapustiš?
Dvigni me, pusti me, ljubi me.
Kdo te lovi, ko se me bojiš?
Koga se bojiš,
ko svoje želje zatajiš?
Gledaš me v oči,
podoba tebe v njih žari.
Ogledalo sem brez robov.
Le odsev tvojih sem strahov.
Najdi me, rani me, brani me.
Koga loviš, ko me zapustiš?
Dvigni me, pusti me, ljubi me.
Kdo te lovi, ko se me bojiš?
Jaz sem.
Ti si.
Veronika.
Tvojo resnico le ona ve.","I hid in the river.
And went into the silent night.
With loud steps.
Voiceless cries for help.
Now that I am just water.
In the waves, I seek peace.
I drown in myself.
I surrender to the light.
Find me, wound me, protect me.
(Who do you chase when you leave me?)
Lift me up, let me go, love me.
(Who hunts you when you fear me?)
Who are you afraid of,
when you deny your desires?
You look me in the eyes.
The image of you shines in them.
I am a frameless mirror.
Just a reflection of your fears.
Find me, wound me, protect me.
(Who do you chase when you leave me?)
Lift me up, let me go, love me.
(Who hunts you when you fear me?)
I am.
You are.
Veronika.
Only she knows your truth.",raiven,veronika,0.545,0.624,-8.572,135.1
1754,Spain,-,Nebulossa,ZORRA,Spanish,22,30.0,68,2024,Sweden,Malmö,"(Zorra)
(Zorra)
(Zorra)
(Zorra)
(Zorra)
(Zorra)
Ya sé que soy solo una zorra
Que mi pasado te devora
Ya sé que soy la oveja negra
La incomprendida la de piedra
Ya sé que no soy quien tú quieres
(Lo sé)
Entiendo que te desespere
(Lo sé)
Pero esta es mi naturaleza
Cambiar por ti me da pereza
Estoy en un buen momento
Solo era cuestión de tiempo
Voy a salir a la calle a gritar lo que siento
A los cuatro vientos
Si salgo sola, soy la zorra
Si me divierto, la más zorra
Si alargo y se me hace de día
Soy más zorra todavía
Cuando consigo lo que quiero
(Zorra, zorra)
Jamás es porque lo merezco
(Zorra, zorra)
Y aunque me esté comiendo el mundo
No se valora ni un segundo
Estoy en un buen momento
Solo era cuestión de tiempo
Voy a salir a la calle a gritar lo que siento
A los cuatro vientos
Estoy en un buen momento
(Zorra, zorra)
Reconstruida por dentro
(Zorra, zorra)
Y esa zorra que tanto temías se fue empoderando
Y ahora es una zorra de postal
(Zorra, zorra, zorra)
A la que ya no le va mal
(Zorra, zorra, zorra)
A la que todo le da igual
Lapídame si ya total
Soy una zorra de postal
Yo soy una mujer real
(Zorra, zorra, zorra)
Y si me pongo visceral
(Zorra, zorra, zorra)
De zorra pasaré a chacal
Te habrás metido en un zarzal
Soy una zorra de postal
Estoy en un buen momento
Solo era cuestión de tiempo
Voy a salir a la calle a gritar lo que siento
A los cuatro vientos
Estoy en un buen momento
(Zorra, zorra, zorra)
Reconstruida por dentro
(Zorra, zorra, zorra)
Y esa zorra que tanto temías se fue empoderando
Y ahora es una zorra de postal","I know I’m just a vixen to you,
My past is gobbling you up,
I know I’m the black sheep,
The misunderstood, the one made of stone.
I know I’m not who you want me to be
(I know)
I get it, it’s driving you up the wall
(I know)
But this is just my nature,
Can’t be bothered changing for you.
I’m in a good place now,
It was just a matter of time,
I’m gonna hit the streets and shout out what I feel,
From the rooftops.
If I head out solo, I’m a bit of a vixen,
If I’m having fun, I’m the biggest vixen,
If I stretch the night till it’s daylight,
I’m an even bigger vixen.
When I get what I want
(Zorra, Zorra)
It’s never ‘cause I deserve it
(Zorra, Zorra)
Even though I’m taking on the world,
No one appreciates it at all.
I’m in a good place now,
It was just a matter of time,
I’m gonna hit the streets and shout out what I feel,
From the rooftops.
I’m in a good place now
(Zorra, Zorra)
Rebuilt from the inside out
(Zorra, Zorra)
And that vixen you were so scared of,
She’s been empowering herself,
And now she’s a picture-perfect vixen
(Zorra, Zorra, Zorra)
Who’s not doing so badly
(Zorra, Zorra, Zorra)
And couldn’t care less about anything
Go ahead, throw stones, if that’s your thing,
I’m a picture-perfect vixen,
I’m a real woman
(Zorra, Zorra, Zorra)
And if I get all worked up
(Zorra, Zorra, Zorra)
From vixen, I might just turn into a jackal,
If so, you’re in trouble,
I’m a picture-perfect vixen
(Zorra, Zorra, Zorra).
I’m in a good place now,
Just a matter of time,
I’m gonna hit the streets and shout out what I feel,
From the rooftops.
I’m in a good place now
(Zorra, Zorra, Zorra)
Rebuilt from the inside out
(Zorra, Zorra, Zorra)
And that vixen you were so scared of,
She’s been empowering herself,
And now she’s a picture-perfect vixen",nebulossa,zorra,0.707,0.653,-6.149,129.994
1755,Sweden,-,Marcus & Martinus,Unforgettable,English,9,174.0,68,2024,Sweden,Malmö,"She comes alive at night
When her prey’s asleep
Make your eyes go blind
And now you’re in too deep
She’s gonna chew you up
And leave you empty, hollow
Then she’ll spit you out
Anyway I follow
She’s gonna hurt you bad
But it feels so good
I don’t care
No I don’t care
You better know she’s dangerous
She is unforgettable
And it feels so good it hurts
She is unforgettable
Whoah
She’s unforgettable
She’s unforgettable
She’s unforgettable
Her love is venomous
It’s getting serious
She’s gonna chew you up
And leave you empty, hollow
Then she’ll spit you out
Anyway I follow
She’s gonna hurt you bad
But it feels so good
I don’t care
No I don’t care
You better know she’s dangerous
She is unforgettable
And it feels so good it hurts
She is unforgettable
Whoah
She’s unforgettable
She’s unforgettable
She’s unforgettable
Her love
Is dangerous
And I know it
It’s venomous
Cause I feel it
Inside of me
She’s unforgettable
Her love
Is dangerous
And I know it
It’s venomous
Cause I feel it
Inside of me
She’s unforgettable",English,marcus martinus,unforgettable,0.602,0.851,-5.401,117.001
1756,Switzerland,-,Nemo,The Code,English,1,591.0,68,2024,Sweden,Malmö,"Welcome to the show
Let everybody know
I’m done playing the game
I’ll break out of the chains
You better buckle up
I’ll pour another cup
This is my boheme
So drink it up my friend
Uhhh Uhhh
This story is my truth
I, I went to hell and back
To find myself on track
I broke the code
Oh, Oh, Oh
Like ammonites
I just gave it some time
Now I found paradise
I broke the code
Oh, Oh, Oh
Let me tell you a tale about life
‘Bout the good and the bad, better hold on tight
Who decides what’s wrong, what’s right
Everything is balance, everything’s light
I got so much on my mind
And I been awake all night
I’m so pumped, I’m so psyched
It’s bigger than me, I’m getting so hyped
Uhhhh
Let me taste the lows and highs
Uhhhh
Let me feel that burning fright
Uhhhh
This story is my truth
I, I went to hell and back
To find myself on track
I broke the code
Oh, Oh, Oh
Like ammonites
I just gave it some time
Now I found paradise
I broke the code
Oh, Oh, Oh
Somewhere between the 0s and 1s
That’s where I found my kingdom come
My heart beats like a…
Somewhere between the 0s and 1s
That’s where I found my kingdom come
My heart beats like a drum
Uhhhh…
I, I went to hell and back
To find myself on track
I broke the code
Oh, Oh, Oh
Like ammonites
I just gave it some time
Now I found paradise
I broke the code
Oh, Oh, Oh",English,nemo,the code,0.542,0.77,-3.852,159.818
1757,Ukraine,-,alyona alyona & Jerry Heil,Teresa & Maria,English/Ukrainian,3,453.0,68,2024,Sweden,Malmö,"Dzhere-dzhere-dzherelo probyva sobi shliakh,
shcho by shcho by ne bulo, svit na yiyi plechakh
mani-mani-manivtsi zvyvysti, skeliasti
ale znai: v tvoyiy rutsi tvoye vlasne shchastia
Davai, mala, palai
I’m not holy, I’m alive
Z namy Mama Tereza i Diva Maria
Bosi, niby po lezu, ishly po zemli
With us mama Teresa, Diva Maria
All the Divas were born as human beings
Z namy Mama Tereza i Diva Maria
Bosi, niby po lezu, ishly po zemli
With us mama Teresa, Diva Maria
All the Divas were born as human beings
Navit shche zmalia my shukaly shliakh
ta zhyttia - petlia, niby dlia tykh khto padaie
Na svoikh plechakh shche male divcha
nese z boliu chan i vbacha, shcho to vada ye
Znovu ne taka, to nadto miaka,
odiah na kistkakh, holiaka chy to pid vinets
De tvoie dytia? Shcho tvoie zhyttia?
Ta roky zh letiat! I zatiam: skoro vzhe kinets
I khai khtos khoche aby my zlamalys
khai buva v tobi zariadu ne po likot, a po palets
I khai khtos khova za posmishkoiu nenavyst i zazdrist,
koly ty puskayesh v sertse hniv dobra y liubovi zamist
Ale v nebi ye sviati, yikh nohy bachyly tsyu zemlyu, znayesh,
tviy ternystyi shliakh same tomu ye ne daremno
I khai bude duzhe strashno y temno i chasom ne lehko,
ta z toboyu zavzhdy budut z neba sliduvaty predky
Z namy Mama Tereza i Diva Maria
Bosi, niby po lezu, ishly po zemli
With us mama Teresa, Diva Maria
All the Divas were born as human beings
Z namy Mama Tereza i Diva Maria
Bosi, niby po lezu, yshly po zemli
With us mama Teresa, Diva Maria
All the Divas were born as human beings","Spri-spri-spring carves its way,
No matter what, the world is on her shoulders
Pa-pa-path is winding and rocky
But you should know: your own happiness is in your hands
Come on, little girl, light up
I’m not holy, I’m alive
Mother Teresa and Diva Maria are with us
Barefoot, as if on a blade, they walked on the ground
With us mama Teresa, Diva Maria
All the Divas were born as human beings
Mother Teresa and Diva Maria are with us
Barefoot, as if on a blade, they walked on the ground
With us mama Teresa, Diva Maria
All the Divas were born as human beings
Even when we were little, we searched for a path,
And life is a loop, as if for those who are falling
On her shoulders, still a young girl,
She carries a burden of pain, seeing it as a flaw
Again not as she should be, or too tender,
Clothes on her bones, naked or going down the aisle
Where is your child? What is your life?
But the years are flying! You should be aware: the end is near
And may someone want us to break
May there be energy in you not the elbow-deep, but the finger-deep
And may someone hide hatred and envy behind a smile,
When you let anger into your heart, instead of kindness and love.
But there are saints in the sky, their feet have seen this earth, you know,
That’s why your thorny path is not in vain
And though it may be very scary and dark and sometimes not easy,
But you'll always have your ancestors following you from heaven
Mother Teresa and Diva Maria are with us
Barefoot, as if on a blade, they walked on the ground
With us mama Teresa, Diva Maria
All the Divas were born as a human beings
Mother Teresa and Diva Maria are with us
Barefoot, as if on a blade, they walked on the ground
With us mama Teresa, Diva Maria
All the Divas were born as human beings",alyona alyona jerry heil,teresa maria,0.694,0.651,-6.83,114.037
